-0.01582205132429951
-0.0660829592105578
0.04144218986987575
0.09255070229726703
0.02436017268625975
-0.06312383526635455
0.03549791937158712
0.04137191554524737
-0.06304901045697757
-0.1267061009993217
-0.06472521434368537
0.03603299702755917
-0.0578325254122519
0.0620421915179575
0.01597600568170284
-0.01446592101895039
-0.02605827375456346
0.02286429062520307
0.02623401446295407
-0.03883226487404796
0.03127005626372389
0.03452122930001124
0.04073478797308372
-0.1859229102418987
-0.01121454489729305
-0.01717753039231888
0.06216939476916254
-0.02475247022068049
-0.04676553580962328
0.008324313391919691
-0.06146349890056219
0.007276380378597097
-0.004310524901791922
0.0437301901628465
-0.01040115108110639
0.111274571109753
0.02638199516710156
-0.008980952232246382
0.01290292278011907
0.019082562746054
-0.0327879573016961
-0.008903299956929157
-0.004282882283690906
0.01558324806476405
0.06476281253343391
0.03173523385868188
0.04692010899537007
0.06278361994742898
-0.02063343256383745
0.09584546044066458
-0.00753381465851654
0.1519609274451273
0.1296840037344402
0.01420995775282024
-0.06146017639778772
-0.0593460405466666
0.05392047075059929
-0.02717757269875421
-0.0849061603175848
0.04757236776805139
0.0009098304478328753
0.02398050405401887
0.04844992588436814
0.1121888356934088
0.04056142698046909
-0.08476517643622973
0.0125425901564407
-0.03173348420431604
-0.002419091996323348
-0.005766285304696127
-0.04191284247855211
-0.03416015970430299
0.01684631112036252
-0.01583365803286878
0.02700504665106166
0.07615564850517417
-0.08153606204050672
-0.02886950647452044
-0.08880362948120289
-0.004369765986841301
0.07818891796720412
0.02977461899790938
0.06366949624481802
-0.03528105546347295
0.06454326501444607
-0.04087542237983316
0.009514730003856726
-0.00869151523234904
0.02480565949252354
0.07807189905396326
0.08963678126126595
0.01152432621115586
0.03738185258976252
-0.0562887506391104
-0.04480078054653999
0.007222050878535724
-0.06418982781325216
-0.1015287177325729
-0.07843398081199095
-0.02138380533196608
-0.0142475257479536
0.04120285031578018
0.1016538000947251
0.08611838558310581
0.06647668681783141
-0.01676818514966007
0.03736486075275603
0.0128724691949716
0.02418660444693729
0.07597365726640722
-0.0213205250465959
0.01352973012860162
0.1212443917472779
-0.05053829484830985
0.02985523957263206
0.02505997127672505
0.169406387476367
-0.04977244333406894
0.08174259720553634
0.05370154595132846
-0.05461761869794902
-0.02059684517955782
-0.002939158959763599
-0.005019576291090934
-0.06660774199528137
0.05398891324567458
-0.06629758733629358
0.06138097922826515
-0.03908271642356168
0.05060538658363659
0.03386112663527814
-0.03821063106859957
-0.01408002869713603
0.05098409032017635
-0.02007729152721009
-0.01684199580738131
-0.03445010554293106
-0.01430328034618575
-0.1040860556361407
0.04745773125914389
-0.04483053051953823
0.04277041195075616
-0.03457568843968551
0.05879223233650133
-0.05897463813141279
-0.05464900086077452
0.04412801746187534
0.06449661534275683
0.07312165394941694
-0.03182779810794201
0.0855029880342688
-0.1183985920606854
0.04843145533909254
-0.04255421962711323
-0.06022497621289001
-0.002799545715662106
-0.04995439907710801
0.02069262250272206
-0.02448532337165311
-0.0508155481057186
-0.03916115538445769
0.02278728708549465
0.04645715291388203
-0.04081227636206973
0.06280822907453446
0.1543645821189515
-0.0499104974774675
-0.003554946737558143
0.08333173674412837
-0.07672304957227001
0.06877297425468837
0.04229590157745064
0.01448554586351981
-0.0781808870393597
0.02135603832517059
0.02150410903347138
-0.05361692457293352
-0.02411220601315884
0.004634856704708656
0.07108007088712276
-0.04580498986962322
-0.04971375383151129
-0.01786278788310259
0.05749211298199285
-0.08694365347653152
0.07335078102322307
0.06839925637419469
0.03106452060259101
-0.08168978039371314
-0.09346936259962925
-0.02326729813000527
-0.03222882785393929
0.02366177668177197
0.006197747950882355
0.009498986428877986
-0.05303913096464511
-0.03182646732470131
-0.08589137964849501
0.03978755265323784
-0.005116581109985634
0.0245429357030968
-0.1123602455527989
0.01723717636762349
-0.02697943188703648
-0.05240538382155654
-0.0322396056359366
-0.03618840598177488
0.06702244656448142
0.05740378953749068
-0.01324046530464782
0.06054296974961929
0.09642557354188983
0.02535913410977015
0.06033416384268825
0.03270691001911989
-0.0004052160847625094
0.01957041607627828
-0.02106765599997811
0.1082782660228025
0.04775024738214308
0.07658189019353939
-0.06614108461510962
0.03707266619508942
0.04648613289660123
-0.1343800745749458
0.1093571660472365
-0.1036450744943497
0.04875338759532082
-0.03190773552359246
0.0387542988008648
-0.02975125764974257
0.1303479596052075
-0.1054851016346439
0.07105858333572115
-0.00370031755946254
0.0550871005564753
0.002613263186656483
0.02566291714074638
0.03101805665622693
0.01676812694500434
-0.06328285245523392
-0.02337228561496666
-0.04866714176602899
-0.01103092854231064
0.001693225025718788
-0.03169216684635577
-0.03520315218911053
-0.02975971984289995
-0.05317514419742654
0.07451909395744011
-0.00766202344274735
0.0214833316311261
-0.03681761761741471
0.03823493055313971
-0.07743670112864452
0.1413066779647483
0.05660445029049459
-0.0131877752365675
-0.0519774939035607
0.05315625016678617
0.07995244261872335
0.06303314499682847
0.05894491240195276
0.1018711854736717
-0.03458948648115162
-0.02778544977254373
-0.08461293828043157
-0.0250486996837436
0.0148267834550139
0.05980450343832223
-0.03948940987862151
-0.01423158827432898
0.06334468392303894
0.1089503974200534
0.01695788156994499
-0.03235781232530559
-0.006289122372698297
-0.02397542550740407
0.06685382968458284
-0.05241479764985059
0.1004394723256356
-0.02662472569484612
-0.08835062814313413
0.01248568065451736
-0.00339772876855373
0.02616473995493272
0.1165427959396787
0.04742131916220602
-0.04179233253573312
0.08820685495626196
0.1131028785505335
0.01178326919693944
-0.0935639206822996
0.02688303360952261
0.05389644851862324
-0.03426836114417799
0.07376772278449911
-0.003317960768092335
-0.0554317149170952
0.06180390823939406
-0.1247847731938312
-0.05515900584999096
-0.07885153580780344
-0.0103287289647367
0.06349919498821456
0.09770526511535277
-0.05905545630236652
0.01839144979663085
-0.01885317208230521
-0.001645758262448206
0.06049674281696244
0.02761302486150881
0.006345997846093115
-0.03674297570174197
-0.009403590242484505
-0.05078811558595984
-0.04679226831444282
-0.118926404712533
0.01813464096380321
-0.1113226385518623
-0.03286379180355532
0.03548814305060845
-0.05239150363875861
-0.02168822492366736
-0.0585317815506627
0.07579015129613267
-0.04295679318438163
0.1920902167762341
-0.06985779032539527
0.05243304441046272
-0.07288907755424592
0.05251938903557291
0.0884592550382953
-0.04393246397737172
0.005821701094983808
0.009665068677611785
-0.1284193296144999
0.02388629632781199
-0.07229498211901138
-0.06033185300813353
-0.0409551135073544
-0.04078378862966666
0.0439205406312544
-0.02865328866750927
0.04238145729483743
-0.02093822720944552
-0.1387243143613805
0.07895403529889426
0.1576358467953981
-0.09252037740177946
-0.009635218467585409
0.009104684888877265
0.04872490810055063
-0.06364874103680516
0.03916779503925741
0.07054739256578996
0.02846566144215883
0.01248691273407893
0.04629852367011722
-0.07362148637830443
0.01364048010911573
-0.05314425559749587
0.1613191925051807
0.06058541482969865
-0.08669152337834989
-0.09690709365660805
-0.002765469915907762
0.04382747446349113
-0.1201338648349374
-0.1384919675949371
0.02539071793744087
0.06598308643693609
0.02389793281600711
-0.01367814009039448
-0.01463034585567808
0.06567846052069157
-0.002641217505050933
0.00272789567343535
-0.1186934090833092
0.05191062520538667
0.05151453191104446
-0.01350781567252194
0.01875787105735594
-0.01510043277327143
-0.02544149670161258
0.04472960558533473
0.02790785120595017
0.1263910029459686
0.04051550970005413
-0.07347840290521129
0.03251576077333886
-0.01249500133778283
0.06306042606033122
-0.1158626934357138
-0.1154093273802595
-0.06298595619301701
0.07738665261432279
-0.07546725291760116
-0.01224825519758229
-0.01752376796483809
-0.005966677987714376
0.006062261180084634
-0.05190104288880901
0.04756593293794299
-0.01187044701029826
-0.06711189715133066
-0.02002783703351507
0.03399153677651465
0.003945320637513579
-0.05477243707730439
0.08547991124892808
-0.1311864767507044
0.05544011349698252
-0.028375755514483
0.07196010951806436
0.02378785902528707
0.02332779809011073
-0.06430339227164175
-0.01611415818259189
0.1444260088638056
0.006881562600748518
-0.009109135311793859
-0.01125117429251709
0.02417368785193732
0.05317630572065413
-0.03423509262921604
-0.003339583207882997
-0.001543930728665488
0.04004211130121277
-0.05128645403973741
0.01122777112003771
-0.06195654473721682
-0.06391294157439611
0.07968712343539598
-0.01722346795345922
0.06918402432066569
0.01511331306812264
0.06845417480823698
0.08656438781203249
0.1055356711989688
-0.1411820448674033
0.03011664489259405
0.03263251012745736
0.04498764049328381
-0.0558602932939712
-0.04601763250032377
0.06174991828567819
0.01615157860796363
0.02068106721557952
-0.03546270683318335
0.012000868473542
-0.03022998904927715
-0.01550846196764543
0.01222839111423939
0.01901253007038369
0.1655098031801508
-0.005670029954619675
0.04773832987383725
-0.01128637147110256
-0.02274852765897856
-0.08968591212297228
0.03762935469879228
0.08269635303451046
0.06952008866901278
0.009835703531874768
-0.08752086698829616
0.01625268338171148
-0.06750724541736039
0.008686082068438135
-0.02621910948931605
0.001597823203039257
-0.05689136869454138
-0.01350633629754877
-0.0876252095920933
0.02157755650021864
0.02357547805526832
-0.1301305009489548
0.05378243413612051
0.08260823321626189
-0.006966067443795881
-0.002182003556484492
-0.08831270347076742
-0.08341678722429632
-0.02113647555991343
-0.04529186921776543
0.08838682427043455
-0.02211014282475492
0.04756145495911705
-0.0289424230023686
-0.01961102322054922
-0.02466556421705215
-0.09715946502207551
-0.1153206446865754
0.0152941918638072
0.06744328254785462
-0.06470371046462292
0.02615347362816417
-0.02645301488590623
0.02414039332362354
0.08403546173029194
-0.03610435690346991
-0.09642602881628273
0.1308016012487453
0.05010097356231023
-0.03941269812143351
0.03403454428052592
0.04526491793606868
-0.02029750323567484
0.03776556946092979
0.03036674277100817
0.02940258343275644
-0.02220921195731244
0.01244368945972323
0.09881549786370668
-0.09654696191860757
-0.003657989571446658
0.1243395760634254
-0.07780478469126285
0.01678986382483314
0.0386844529204038
-0.05811124131393106
-0.05660698011386484
0.00421130839694556
0.03386563981289024
-0.08280046840040706
0.1091818980320247
0.09247692182523296
0.06237095684281414
0.06363382795109007
-0.03527294472797818
0.01889078069381244
0.02921043451071758
0.004522519441999459
0.08995613974717201
0.004545826881540069
-0.02028497992764502
0.04646780324403275
-0.1335988702127239
-0.09034358572942137
0.009449045420220585
0.0783751619920368
-0.128669351547976
0.06423304855924572
-0.02446351496415763
-0.0517525722997281
-0.009184904619888544
0.2014952330313582
0.06401719722582305
-0.1003909094805045
0.02053851439275138
0.002073808889920564
-0.03763254271305215
0.04483010973374583
0.0396119491438794
0.1132073366367929
0.02043184161875511
0.02128444779541265
-0.03700357886100167
-0.001795633980019268
-0.0517566756232914
0.07886964853695615
0.06982570052045341
0.09324186126688788
0.09397525179235357
0.07222666698277272
-0.009020873270027416
0.02918238511218093
0.1080934983469696
0.007075123509236808
0.005263910110460155
-0.00393558191685936
0.08914172656385685
-0.01096727744562455
0.02725807559577112
-0.07708624298416356
0.05386373376474038
0.03724527416109427
-0.04754957300409215
-0.03182070483768488
0.00128147455589221
0.0208348108999958
-0.0392579689741709
-0.06702208611545951
0.0298068099320198
-0.02475783980578488
0.03189438404442525
-0.02718384456569138
-0.09334092479733566
-0.1367735847505392
-0.012257425896586
-0.02532649943123657
-0.03460999386401046
-0.07104656758099061
0.002444992706013664
-0.004470355363030497
0.06301050615093705
-0.06907468693250805
-0.01432004759948551
-0.07615225590781198
-0.04027667369708748
0.02928711694864419
0.1795075889598445
-0.04282262802442757
0.06463473039513766
0.08974507157658312
0.08921144610887767
-0.08973822644990428
-0.001290080121010723
0.04902437551379064
-0.01646191479394346
0.06937800279702598
-0.06250811831235592
-0.02589079730720016
-0.04510358653088918
0.04962317612593947
-0.0631296432757491
-0.03692545826658924
-0.03510110361310999
-0.07736119587572116
-0.03060269086643571
0.04320368959043416
-0.05866738937154821
0.0307810746870084
0.1447035144170919
0.009413001216214417
0.03336896032712178
0.01074055067957735
0.0395597220502073
0.06668933442705727
0.004692491390750675
0.07309529705908213
-0.02719475725996227
-0.03046115325927977
-0.1209906135109324
-0.08307109719460402
0.1462580028871641
0.05344109703252209
-0.07806269040576942
-0.03903165889029402
-0.0323641956042165
0.05763984446276533
-0.1192618575624669
0.02972267842595273
0.008915146097873942
-0.08509395943686388
0.002957934533794893
-0.01870648849191447
-0.09365509084836385
-0.0332618671519021
-0.001360378280217903
0.05309131609734052
-0.06269126739160184
0.09438069040992553
-0.04181958457700621
-0.07803751817858964
0.02312719923357863
-0.006540368890043873
0.002821557924078302
0.0682087487957152
0.005260459124907899
-0.02652023727699407
0.06849175196328106
-0.005138079118586832
0.08639031543299079
-0.07238575548941631
-0.0419571086876771
0.0118009710488239
-0.001047844316299753
0.0366855469869108
-0.01959307852796083
-0.04983355700443715
-0.1128732124342488
0.03268944048577749
-0.1298354145253964
-0.02368777212128517
-0.05816577533524717
0.09581271270107533
-0.002953795724373612
-0.001371280392505381
-0.006001698742340078
-0.07844278640467804
-0.07495865866346808
0.0684553155259139
0.002869032631101751
0.1472636022685299
-0.08019352608307956
-0.02454594095245633
0.04456460650463586
0.04794476052469338
0.05186976280172013
0.05938061261341793
0.09272830625245201
0.06888188151597503
-0.1138366446681136
-0.01245271238913228
-0.1105644748193698
-0.02683582796987748
0.08425136251859161
0.02727841157504635
-0.02267089435069865
-0.02678422353471618
0.01105739701240834
-0.02161242646845499
-0.09831000061569518
0.03144703802607241
-0.05393327378505089
0.01896958341575359
0.07565539264721127
0.002010518939284555
-0.0664690930533479
-0.02664478709362537
0.03554470789552314
-0.04799779855941912
-0.02264603375049524
-0.01912200051517805
0.01308708628492292
0.07952879454665435
-0.08109835860053836
-0.077899853199016
-0.00796396246963621
0.005646655929058908
-0.00174657750859006
-0.01918656035992502
0.03884067757801863
0.006549390777929464
-0.1376625116443421
-0.1113139090266393
0.03838760154382979
-0.03279171830400052
-0.0998819668687122
-0.05081485676286828
-0.06691322689161035
0.02488020887207472
-0.02555160637208441
-0.02544843147970784
-0.1415154775804814
0.1650437709667785
0.06909505204689181
-0.0590315464300262
0.02054362212690409
0.004721363583200681
-0.04053819798942234
-0.06798703458106006
-0.02151723866410191
-0.03409134156096796
0.006366494667651944
-0.0522265574362622
-0.1253478621808069
0.01678303881629194
0.0464505031565096
0.09115017390608582
0.02253111072001687
-0.004057673613795679
-0.05444586905628697
0.005267415766289772
0.06447727573237663
0.2036963382159137
0.03407521776038703
-0.06433187936461654
-0.03842062892712514
0.04966687044945328
0.09845916605878618
-0.0170544658688407
-0.1012336081939743
0.02675287140074673
0.01137327467195759
-0.06182464773688064
-0.0129532684835104
0.03172050360362576
-0.04990848593585563
-0.01707408119708799
0.02155447359683295
-0.08038904986117426
-0.06853827072354565
0.02693981890822526
-0.07776934577178876
0.03822231387902842
-0.03694424701660327
0.09745115239636643
0.04910143123231801
-0.006161683252210004
0.06195990151197519
-0.09842782047634924
0.04182286739361454
-0.1216345082701442
0.07259358407444483
-0.06412424340770354
0.0586271277724696
0.003564282817655032
0.009447652362285043
0.07453824362893487
-0.005372004203787042
-0.007748936474724313
0.04488169699483194
-0.01431965268702102
0.04798981359897533
-0.000680094404544522
-0.02575141621237983
-0.03073381970740601
0.04940466647155882
-0.02967316625025929
0.01108912065345083
0.01242247830153253
-0.02581467274784956
0.03459750414750715
-0.09350648324999858
0.0004997606483503475
-0.0434708487419622
-0.02223889706768879
2.892002410014027e-05
0.0435189403576817
-0.04027615666494964
0.04006254953645502
0.1060335769033444
0.04575830509126965
0.07600821099519967
-0.05475161125424054
0.03112185128423641
-0.09458935272757604
-0.1013003379243104
0.02402552639922536
-0.04986098947707183
-0.03303569528288265
0.01316413638993161
0.07695208481670128
0.01460898059808189
0.01142748544639626
-0.03904752581043455
-0.02193344013901188
0.07743688489454523
0.1395922291169112
-0.05274793252142707
0.1246337210141936
-0.03107269056310875
0.01297197061332601
0.04121709975988911
0.004338140986176497
-0.005498279938393906
-0.03775758667980082
0.02148172744266585
0.05995361425631969
0.1019251365007218
-0.04697525469936627
-0.007461871011003908
-0.05822577729959696
-0.002936811803640943
-0.07047968677589166
0.149431644599844
-0.07484161847664531
-0.03940416112145225
-0.08273825991601591
0.05074997634763762
-0.02069207166961172
0.01686516430510122
0.001691240814626058
0.033570258908829
-0.04358190813387814
0.0464122870600002
-0.0195296618497288
-0.1112499355831164
-0.04778869532534981
0.1028112645493171
0.02826648319864558
-0.1668414666129212
0.01975012644016381
-0.02030181035509097
-0.07090535699536525
-0.06584467369210434
0.03589671987462838
0.1397754717589356
-0.04231110823150398
-0.00463982288507684
0.1035740295112275
-0.08185974305411689
-0.06107387866933993
-0.05681073539565516
0.07199560576463565
0.04449065183807097
-0.01194835555344788
-0.04943567361882668
0.04479036585443863
0.07120786896110046
0.04263365169376757
-0.02495407733315236
-0.06248401096479939
0.01512471855092434
0.004876650576488482
-0.06955261415412974
-0.007744557265551143
0.06321911979365617
0.03151310466183088
-0.05487533614820031
-0.06750669709680737
-0.2477795293349887
0.009824265254972528
0.07481704930278496
0.03124389522104908
-0.02165481129262244
0.01126327912926234
0.05635957102130196
0.06087097277161788
-0.02372386188957076
0.02773321989822729
0.06425446823233819
0.07434421871779717
0.1144188874444396
0.03379134026662672
0.05436109142607421
0.08333159174715545
0.07283892982672704
-0.05378317787224775
0.041424613870744
0.05814926774464817
0.0218277415139406
0.003518743887714454
0.009160882495738949
0.01023003099194901
-0.1503247419871535
-0.0430326404690352
0.1546076916053117
0.01493855512583338
-0.07209330068998197
0.0119205997646869
0.05835528933785195
0.100926752333831
-0.04851310014373224
0.02882753647303913
-0.02777946233610637
-0.01041735820723306
-0.01816901771001334
0.03136031350898535
-0.03310416481154842
-0.03312218817179755
0.02232064610433783
-0.01538877971181984
-0.04790002824559838
-0.1815025046804418
-0.01827580963443287
-0.03782952455632702
-0.09055391550351455
-0.01406534135576662
-0.0086319018023203
-0.1015758948948612
-0.01891076061226544
-0.00560896905812903
0.0006250721621400557
0.03162711138079761
-0.02235118527226456
0.00491698819540496
-0.004047634678348386
0.01844378619425805
0.08806225160615319
-0.01088842574048609
-0.04276107986690616
0.1324076510232251
-0.04221036848326641
0.04023326018321366
0.1230128285773338
-0.04026868132614741
-0.1138535903447694
-0.03910411126922068
0.08194659795412745
0.0145558632489358
-0.01408987483256617
0.02411907626656591
-0.03270507741667404
-0.05332231178158531
0.09181314261701945
-0.03618892392521542
0.05199626937878356
-0.06259755873151009
0.02785373713041119
0.100108144367741
0.09372622440326694
-0.004929222215769406
-0.03274652714672438
-0.03204198405474362
0.05031335511089591
0.09127843933661449
0.01951286780912659
0.07826627274369005
0.05616060993306791
0.02118264349322625
0.05300285545335665
0.02615270569981001
-0.04524552354881516
0.004370107846446855
-0.1024769007887583
0.02305213978185
-0.09217078558066336
0.1088058931906312
0.09894195906504856
0.01578365270661112
-0.0307988472467395
0.0434122011945833
0.1158034972839835
0.08464868595332885
0.05280942931725963
-0.03004122500281589
0.1325989930440537
-0.04953838969102027
0.008702785738939159
0.05230057715306018
-0.0255249647587073
-0.04027496908162936
-0.04823839450161697
-0.008986372348301623
-0.0392535096363487
-0.02945826023946132
0.01170546559640457
0.01186541638358093
0.0628294991665504
0.02369317238561366
-0.04679905883884986
0.01698448636674929
0.02274030568786632
-0.05380795063814294
0.07988676276603354
-0.002224685389214411
-0.03663732533303763
0.079057911779467
-0.06286504121643266
0.02474184103305271
0.02862819772244404
-0.04270177490132203
0.004207434825405431
-0.06639443224220865
0.00306488618260958
0.04229365890156733
-0.01186310716911188
0.01351531693405679
-0.06975814632376573
-0.07550646207428388
-0.01779510652230112
0.01690475507747791
0.05814727327323996
0.1318930027456061
-0.02580977629958825
-0.01121128486039376
-0.09092208050686461
-5.056306111758668e-05
0.04268577016288934
-0.01517814350955545
0.05908390648625138
-0.03297942264508903
-0.01721502403651929
0.05037422406349177
-0.05235121662073238
-0.06274104685486044
-0.06309165743695155
0.1143588891652143
0.07561977064657763
0.06342199509885946
-0.05921577661200993
0.006376715139479149
0.0216604353169734
0.02725041390336089
0.0327973897928628
0.05262605265650849
0.005327139880386189
-0.03743669951699632
-0.1197050640219917
0.03515973204870017
-0.009947888824758593
0.03792268319445657
-0.06402561453591415
0.04372028521752924
-0.007234137358644421
-0.05905500882738413
-0.06126576357771458
0.05200152109030547
-0.06386394196765116
0.005715766556150727
0.01707349314675939
0.07975391140266017
0.01931466736647283
0.05258061099914652
0.01343848992359833
0.009918795126795445
-0.06640993926072675
-0.03264303161434896
-0.06647304138397891
0.1250757877244854
0.06352051595278836
-0.02315003601328679
0.04503844322294084
0.07056702587070357
-0.02242177978641701
0.07774737952854312
-0.003795728760865452
0.05305204070933402
-0.02614931221461451
-0.01963582312436073
-0.06302474634918727
-0.1620269205862282
-0.01582668017067361
-0.05627733306796243
-0.02304982507955466
-0.001968379590054532
0.006796999508265511
0.008144555292122126
0.0206737854686883
-0.05643001949488477
-0.04078147146226624
-0.01759109583199588
-0.1265935259778893
-0.01347569163381241
0.04514211832588072
0.05972635485552386
-0.07402337802832429
0.05156954896351365
0.0617199061543438
0.02514605303212465
0.06516355046700542
-0.01587389017537426
0.04494221249405767
0.01385805629044741
0.0158575109385156
-0.02065522866255208
0.001279437022886284
-0.0348926612770771
0.04478921599688197
0.05806497457470366
-0.003751482509906262
0.0116773959442961
-0.08637007841912543
0.0808587830720341
0.04244371643436036
0.01736323834456122
-0.003299590562136717
-0.1506518283098425
-0.009369316968876551
-0.05834992015752945
0.07851575341698774
0.003286056960404363
-0.06669753064968918
0.03744395858815485
0.03700944161815996
-0.04853093507454505
-0.05283306949296944
-0.04420740728124641
-0.07233891158127091
-0.01889661340322945
0.1322732321854062
-0.01844825513770862
-0.00668577975751692
0.04789921262620962
-0.1605751012518903
-0.002827905270856619
0.0303225558312518
-0.06573024388716794
0.0204412005522981
-0.1031872957142618
0.04251163321188159
-0.02587904734784266
-0.03386847590086896
0.009484900655578849
0.03812848199139577
-0.03357248058365118
-0.04093416903143177
-0.0155590079350696
0.05896176654112616
-0.004343174259930863
-0.04279717604152908
0.05253645492886716
-0.0117516777221565
0.01834963256822152
-0.09876955716060531
0.02632520054737953
-0.1716549429956082
-0.07924680295197209
0.1002526261245398
-0.02021927526659919
-0.00336641547391231
-0.01682075346883947
0.0264538175766815
-0.01410367456960391
0.00590066524081726
-0.00121632676799488
-0.07404349741157241
0.02149058483567457
-0.01410974465059345
-0.009989227651818366
0.0616652319317246
-0.03847391094902553
-0.05704040025685883
0.05399748600683092
-0.05429323833294618
-0.03465818053543498
0.1265080309809229
0.09399330622672171
-0.008230169690482961
-0.04380334413676614
0.04779306572243328
-0.06914448265085676
-0.01342650338427334
0.007000549528848918
0.05795925827041675
-0.01263735380764421
-0.06105625334162444
0.04747394244283774
-0.1206792129777658
0.0306137641260389
-0.03182749054548527
-0.05973386144815146
0.1137354731046235
-0.03433272994512667
-0.01529321631800527
-0.09676243353397507
-0.01691322617784428
0.05992442396762486
-0.09966817133665937
-0.01178459840714138
0.06382696335382093
-0.046794368390471
-0.1084031935031894
-0.1208978995588195
0.02212182957471755
-0.05502417081711077
3.524745791571096e-05
-0.0620129131523505
-0.005423744308781377
-0.05016925270885379
0.05063298369560661
0.01889076013584412
0.0679100605684945
0.06167028297125261
-0.01623700698813142
-0.00780300376990261
-0.07775699926810312
-0.001172511043723748
-0.07931440005261359
0.01278973908601053
0.1181742034501088
-0.06093706592469961
0.1438230391043046
-0.07134674175360912
0.1161078527328145
0.08811358937768927
0.01736806073489253
0.01447936172842818
0.007659987481365723
-0.06190271484753902
0.1433438158303236
-0.1311633618646519
0.07874400106486334
0.1307862021532659
0.02280400184651647
-0.09097841540699964
0.06553060639283875
-0.09232105956358745
0.08780745943569529
0.0487111566045235
-0.06436087435216359
-0.1208340625433943
0.02568056257217839
0.01810321553335877
-0.1030231180635668
0.01649129268292796
-0.08650951240878607
0.0111667818726494
-0.07903856353091895
0.104811701335019
-0.03750747949664001
0.005981343670322346
-0.1064241546637263
-0.01632987184274781
-0.01786046940625579
-0.03840806855588758
0.003580840037879399
0.07840249703340363
-0.001610677479465666
0.03375507000139353
-0.03786997159458824
0.01018638651106157
0.04130118445159841
0.04140507165461294
-0.1036797243194722
-0.09540141403564895
0.06339080172469549
0.03779925704933373
0.04695838823047794
0.02643150275360587
0.01514003541231393
0.003828432591909778
0.03970317671025965
-0.03322143595306759
0.0859208880634458
0.03550818526485837
-0.03455621204550625
-0.03735701662443278
0.05294589644959816
-0.02997746777368827
0.07700698782069097
-0.003275885040705632
0.03092458524370489
0.1268122696552439
0.04240902839178696
0.06410441316864576
0.1516144608186608
-0.04511914578912599
-0.01207719237000927
-0.06642910351672379
0.06564638340932308
-0.05442264176584724
0.1410482376471993
0.1230802457421525
-0.01012160371997927
-0.01618921216410708
0.00678149635271301
0.003015167006243925
0.1132540270302011
0.0361969595196772
-0.0354626702735862
0.06142714290374163
0.01040750799539508
-0.1245312124043722
-0.036512216161361
0.03933640427840893
-0.11015546193951
0.0422531691423172
0.02758762948425125
-0.01254706652149219
-0.07557846621975306
0.1040344110192633
-0.03581445744948429
-0.0185426667695985
-0.1072529666041253
-0.09448438832717256
-0.01930077708422346
0.02231585306037255
0.02722169902503529
-0.0346545822584275
-0.03060252011916733
0.08230039899082144
0.01844510078765942
-0.0695320154461373
-0.05623821225543693
-0.02746296851609979
0.09449238597382528
0.05976110116788623
0.09761860045790127
0.02101957668180016
0.00269534257216264
-0.03412080243933721
-0.07663098153405612
-0.01002641323815236
0.008423898664534475
-0.07002211093270715
-0.03653739320178601
-0.03921995609567847
0.0765793696785852
-0.005418129228508206
0.007691262164639959
0.004946934272444026
0.1918177618000337
-0.106541743421417
-0.05568092093926318
0.01875226833720006
-0.008231542615967646
0.01825560807812937
0.1130576315809206
-0.02433041026551223
-0.03124135106165572
-0.03507046898319621
0.04242880726293836
0.03173848554428525
-0.06390595578691913
-0.04043891765672895
0.0608133999968826
-0.08302453517599506
0.06815202443843461
-0.1116794336023358
-0.06274897860736353
0.02100323996636489
-0.02308295822914897
0.02011421154066696
-0.03587134361690214
0.124118701699794
0.1235132031455262
-0.01152927821471624
-0.04282646779014647
-0.06621200011226319
0.02558714621285849
-0.03568792734799348
0.03170563981422275
-0.105086036322385
0.01335311315500995
0.1352534587770999
-0.0270122242647568
0.03072984076251698
-0.0380966177070251
-0.007277004408345701
-0.04921809266392487
0.1409308973177048
0.04129967282898823
-0.03479366907578741
0.003554216122578105
0.03215809741753501
-0.005039225496729735
0.009597918940345633
0.03643179882238595
-0.03935565175110491
0.0578135525093415
-0.02357644177041312
0.02091866886361525
0.0941920864549726
-0.03756431991229192
-0.03555049415702856
0.009326027737380411
-0.01885612492505298
0.1226212063312855
0.04146912445285478
0.06769612649685187
-0.03752827224244618
-0.07880248605404136
-0.04967802339643625
-0.0040697386653287
-0.03943099525382415
0.00915271552291181
-0.04147293284718858
0.07563616757749203
-0.02803703730950267
-0.01351581478692915
-0.03101399752924434
0.0595859736369815
-0.035782687734655
-0.01975730458688996
-0.08482623719046274
0.03134150480924576
0.07948636772669644
0.02438671285555382
-0.02292916565983368
-0.01330897918167064
0.1015089630538125
-0.04139140090682163
0.08538079206292591
0.05045605787549433
0.01891642945234109
0.004569771822693455
0.03637166029279412
-0.06909775104121141
-0.02590610966216005
-0.0649057174622605
-0.05845235495235573
0.06401019061646776
0.1302920371323149
0.04391904277252845
-0.0849262797091789
0.07259292323093511
-0.002863890361844229
0.03684276704666271
0.1020246165671879
-0.02726748684451902
0.003789566578206317
0.003115571073835175
0.0165822897405172
0.1002387107357146
-0.02210405173435086
0.0663758383373145
0.08767197897714051
-0.07228214236592929
0.1330135761369992
0.0679440234450028
0.04213387428586233
0.09285160708728518
-0.01251168500495282
0.01250280945708246
0.008580794781747891
-0.01119989238380526
0.04346062902234751
-0.01770662888898508
0.07506546635692041
0.009541514212172534
0.009532033073101239
-0.009595970647311962
-0.005340437320171039
0.07450595667975246
-0.01303531900943051
-0.05906434260721836
0.0793960713100854
-0.1080117036870632
0.002727779842674246
0.06338876159376625
0.0467574848344897
0.02908227450773193
0.04968512502914051
-0.05754153995376429
-0.03599055772206249
-0.03097017932020394
0.05701032062096573
-0.05319677651835707
0.02478908767693627
-0.008539902599440343
0.02517872736942457
-0.00268219152836419
-0.03232998775627132
-0.04193720611218942
-0.001981545409329915
-0.1076248502110103
-0.001747937435040522
-0.07031843103239931
-0.0002838984112858208
-0.1414527724651716
-0.1073112846423805
-0.06329743561349388
-0.04444459233315162
-0.05767322245344578
0.1094972679310965
-0.07182900936856673
0.05091879519235427
0.05176874481072302
0.03722875241787466
-0.1234721009949057
0.02650591365332682
0.04747356779428205
-0.103844575360769
0.02261079162183944
0.008726042901789211
0.04402345903297382
0.02081638570156329
0.1532816161683896
0.01975984103684076
-0.06395484816273848
0.05821795746840717
0.02340639588923051
0.03603328108388268
0.04464010286907164
-0.06579673960048428
-0.1055069768370067
-0.0454873030854949
0.03392458294498426
-0.04887735189468094
0.08365220435651141
-0.07971537607660401
0.0005162650026681592
0.1007494018837005
0.05063667765049024
-0.04982279541558378
0.01489604427401757
0.08836574373157678
0.007484392253815027
-0.1401209891783806
-0.0436240354835721
-0.01143506964822954
0.033730491296208
-0.05890994132153624
0.0129087614530897
-0.02877599583659726
-0.007131094759188453
-0.1203503820820756
-0.06225218685360238
-0.01291696891906134
-0.07099808153991867
-0.02330285536608514
-0.1007757438366025
0.001530932224103616
0.00859931242361262
-0.04858758002081325
0.05933983772337598
-0.002047962127746071
-0.03479553643241562
0.1103083990473011
-0.1272166556879806
-0.08352562697112871
-0.02478189785846469
0.01293772283832579
-0.0501120894323826
-0.08076180946646143
-0.05685837019433927
-0.06771715426370759
0.04942322501147259
-0.01982272376870894
0.001928274356915782
-0.004991030423736428
0.02748328544652281
-0.01687919201384738
0.05680951123690611
-0.0753870929178945
-0.001058095136227802
-0.01062164383480682
-0.02784757448628394
-0.07680329035426843
0.004750504954510723
0.009041553638537026
0.05141600938978112
-0.04302228830758782
-0.07924247544549298
-0.01527704385408675
0.06427335507070353
0.1388858995025404
0.004902256682304727
0.04891482208763438
-0.05461338759033754
-0.04420648971064285
-0.01089724628560496
-0.007072488088979763
-0.1078548256150235
0.02895042892049877
-0.1679158148717978
0.02705168409693113
0.05984314191006631
0.09253079322602342
0.04377923136618505
0.06587230253563564
0.05423985973844666
0.1494032033591515
0.006799597136232405
-0.02567623308216861
0.01088759052257345
0.02320433052104211
-0.03059505139454149
0.1219004366068219
0.02342547437729102
0.05551561792833504
0.05859654617337274
0.06306910536087727
-0.04614645883972381
0.05308695989594685
0.07349658864015271
0.00218716827241191
0.01610943397038152
-0.0844825450613956
-0.1044159522902751
0.0350356878523317
0.02277445114512121
0.03820126280347917
0.004197844958980353
-0.006766657144920205
-0.05401024803214967
0.1080983156391389
-0.004595762375192837
-0.03858145632907121
0.03112947260646614
0.02402639907886597
-0.07534398159004566
0.04883205084932133
-0.03457612465029285
0.001098336613956025
-0.00535304499159954
0.006320608279410403
0.05831523747539159
-0.03765528453146941
-0.003163169355011325
0.02039262272959492
0.06792426271801197
-0.09115411718580324
0.05758310192683863
-0.01919539985218681
0.04803165613453483
0.002168998806823405
0.04748819259161876
-0.08496990362138276
0.01884089120157369
0.02025047896283087
0.07472217008907887
-0.02182308201429464
0.1628065563453336
-0.005481171576632304
0.01092564371153473
0.01599286387051754
-0.006991502639188768
0.09777982583516522
0.02077259569856931
0.01034429427870214
-0.05789693120659288
-0.1123016148329303
-0.03205295033248688
0.01637408370439532
0.03018815181913632
-0.0892050317143406
-0.007559350906386132
0.05067421724949692
-0.04788809881404687
0.09558063779540206
-0.1505855067942097
-0.000564332358179799
0.02809926084581932
-0.04477851166784302
-0.008564719044313961
0.02637295347653101
-0.08334910641105817
0.05308194677486607
-0.03192862722018396
0.05877672039922903
-0.08423102044916532
-0.03856752641876318
0.05636256607511701
0.113679477141128
-0.08658518082470092
-0.03523050600776105
-0.05969627199226799
0.02062575504408299
0.02615859770393081
0.01522243994905539
0.01102002716779407
-0.01271588312106235
-0.06136893925720488
0.02509012635365147
-0.05031601837498317
0.02691434690001679
0.0468590986615478
-0.1258532570469789
-0.01549319123241678
-0.1117577046818264
0.1250092633983106
-0.1426597129220925
-0.07122456735277213
-0.1077189853925166
-0.09934757647886659
0.02536895710660339
-0.004774857398182043
0.0706577426746596
0.02567975384607438
-0.01432283760923939
0.0269728990268193
0.001355046645020654
0.07976561844079044
0.05598577639843193
0.03061113865026656
-0.1364389046809377
0.07457489338456579
0.02687112141718226
0.07049549911880472
-0.03124053825426661
0.06224833015428999
0.08717602015754383
0.04414894463222678
0.01738847094579549
0.006240377223403912
-0.02063147382290997
0.06657818618540612
-0.07784240581529164
0.0527854482428158
-0.02196962575976147
0.009907499483349201
-0.0316538402609369
0.07896223601991455
0.137710493142905
0.02551848459860005
-0.01420795890204322
0.004928671258447221
0.1287314464619524
0.02195254650214756
0.01946343459628135
0.004774431479883365
0.1093446462379336
0.001161468654384368
-0.02050517009664952
0.08770992822135762
0.07602985910554062
0.05812936542463762
0.02743281553937564
0.006868099648517891
0.03972628604639718
-0.06980377886764225
0.06957610295020586
-0.0304840968437415
-0.06981574555884587
-0.05945925447978297
-0.02749253050046728
0.04290667711619648
0.06269027122078548
0.1078870213745169
-0.05945545602845591
0.01434194973870679
-0.01875965365684568
0.0803670321787045
-0.1602915764397063
0.0455666391287623
-0.08425681151437658
0.04801408774210782
-0.01764518735225737
0.07814229801765836
-0.08194026610870921
-0.1355260554847404
-0.03221948054325218
-0.0481267693782171
0.1140360699739884
-0.06279543969493867
-0.1348012650298316
-0.01903744089469707
0.06249584667632914
0.03704800117532977
0.007086357025012452
0.02246282280396013
0.1522963725888367
-0.08330178664585207
-0.0191665283558348
-0.04480019931002465
0.003063426700720011
0.1064807684287583
0.01145443557353435
0.05115096186570379
-0.06087173607017328
-0.01866820932000505
-0.02529022767753281
-0.003490958906076237
-0.02890549112876624
0.04172336084272348
0.01107435829118758
-0.1194862282936753
0.08482018793277668
0.02091450052857445
0.0516426393712133
-0.03333761468509149
0.02499323766594472
-0.05697746918695315
0.07347523920162308
0.08705782808610275
-0.01306477975231159
0.06181814377741735
-0.07196733137671138
0.01498789175025106
-0.006067360201134991
0.1005421361114096
0.001760009803968676
-0.1116879815011512
0.05674600033296721
0.0305796267349783
-0.002754353127259232
-0.02161919219867603
0.01283868679295913
-0.09497531373150715
-0.01288775514619592
-0.06908603015323199
-0.07003620670722085
0.03653042605550902
0.07147070344506101
0.03327022523574805
0.01164953933807659
0.015401858681382
0.02665180796053551
0.02997163614258094
-0.02681511576251569
0.03318395900977568
0.03828943279723553
0.0157972312031665
-0.009908040222496795
-0.08285842181264629
0.07588844550868204
-0.02344061495127299
-0.05689157787789785
0.02443411818275444
-0.03639384063087586
-0.02972015205125784
0.006351668071148838
0.1754380271823914
-0.01097903113056772
-0.007029787325841277
0.09155085843077296
0.01681892642358537
-0.01859010195965399
-0.03532651772216208
-0.02553360225694685
-0.01078288219495983
-0.02991289215819766
0.02773853469741529
0.005280407771082518
0.07414969743258132
0.03307691276310806
0.02691723198783844
-0.02331989983109297
-0.06092436193192945
-0.1336329040521697
-0.005234942729360145
-0.0200669089533164
-0.03934758420385261
0.04213298477497678
0.02207488536050249
0.07340236801156221
0.0006628232927975396
-0.05475097505468952
0.01361321144300885
-0.01798032195538889
0.01934498514480093
0.02612723602780131
-0.03443102397988911
-0.06331410218650768
-0.1115724459969311
-0.00237211704310468
0.1279211180572247
0.04043892981329206
-0.02151084585221168
-0.02030105036261848
-0.002407977617040417
-0.02592272598215749
0.05785150842784056
-0.01972363752031853
0.1081798085383073
-0.05006072116694132
-0.05715722733780724
-0.03742229783569637
0.04385299547975287
0.01874445895410208
0.1143517399068984
0.07075899632522928
0.02877987203508593
0.01914655021076666
0.01223038302122789
0.0740044264518236
-0.02297395299571553
-0.04337364439354297
0.02312501182424268
-0.09872724492947078
-0.01528555798420773
-0.02171243675068206
0.06060570699280735
0.03027740082203895
0.06917759252150332
-0.04390550882388689
0.06582825561911504
-0.0447621000611851
0.03242000699488183
0.03629104828766475
0.0268553172935481
0.1185657394314253
-0.01678200658380373
0.04572298172380848
-0.01639523646310404
-0.0685375484157036
-0.08860171432994879
0.04935660332657688
-0.01892729296160322
-0.03198643391739725
0.02552877842615284
-0.09661220356103192
-0.05300053719402618
-0.07198708682167709
-0.1197191923765599
-0.05254344717217506
0.004926590982570514
0.04536847224164736
0.07379221705126683
-0.07173440492272318
0.1345240867948246
-0.1057026154428497
-0.04916108926043461
0.06180120905358949
-0.02627837851191057
-0.08988485271140124
-0.04943104095184992
-0.03347664044722063
-0.03877423908227542
-0.07004905600058622
-0.005899123369905251
-0.002496599900351323
0.09297344399462153
-0.05099804338039949
-0.007458584846713193
-0.09722260072027952
0.01334884279735384
-0.09357478802236829
0.02418291434496066
-0.04993077214925797
-0.03107569444401926
0.1843820088614512
0.0938451282985289
0.09394597322725096
-0.03398426142917091
0.03570898632411412
-0.02477571790477451
0.03414354931780352
0.03407580249637696
-0.09045277199040121
0.003822097128763434
0.01208614429214493
-0.02735124983246665
-0.06736906652452747
0.02131220151057274
0.03667648379763522
-0.0417524649736357
0.04324102736828075
0.06571026192417728
-0.02388265274125778
0.1364838889743384
0.05309414673224194
0.04790121413756641
-0.02786547370825313
-0.07941710991783497
-0.006714283544798846
0.04968845611295566
-0.03844705206312153
0.07129713024513351
-0.0364085897847827
-0.09664838382365654
-0.04894991545093608
-0.008968177665363238
0.06509914505460804
0.07582326879010119
-0.008619986558954781
0.04707552503895904
0.108956828124024
0.01292993472942494
0.03424583149485567
0.02387002592311432
-0.06394738688940205
0.02095475061154967
-0.109246104550734
0.01657020574751707
0.004016601765982293
0.1324180868050057
0.01200753118362356
-0.0006504354290319397
0.04697120900371801
-0.05067434955871748
0.003322123773311265
0.02693153204848121
0.04067768512045848
0.03130977236105628
0.08555624842480232
-0.01005492413661985
0.03659093869456196
-0.1259450463105411
0.1274066217275605
-0.01303608943134717
-0.003247479840972345
0.02950662064144812
-0.01814625672316943
-0.1453486770476697
0.02912038826517928
-0.007335470234537263
-0.02458409779768516
0.00805013971276216
-0.01709515302717469
0.02161413054765393
0.06296421382102631
0.010956729070939
0.0302948824860101
-0.009472453905138782
-0.02309003605542248
-0.07853541601785581
-0.07077086458019027
-0.01628219940790583
-0.0490851884338778
0.0334209418593084
0.02582321508347536
0.05846073724700403
-0.01103507420558415
0.08152582942573366
0.001367796849422283
-0.02335484959251509
0.02155366995156621
0.0326007339621391
0.05811554590850425
0.03162942375735335
0.05611495345145324
-0.08143394036034221
0.04128270721953216
0.06007153735397006
-0.02148886931278303
0.0145585514075791
-0.01492821317109868
0.01336318853119788
0.01822484627340361
0.09808447842234799
-0.007105181101107071
0.06694073568309983
-0.08085154490970488
0.03013337059638409
-0.07942229714413346
0.04566326199524842
-0.1066156365437842
0.02426294901796684
-0.02254911917218089
0.03603827044297982
0.02034152859124059
0.05354133969464805
0.05743381885102172
0.1121381204900301
0.1056523499122562
-0.01024996016875455
-0.006397638718270746
-0.03737347407603641
-0.01810110537193933
0.008170823090042696
0.04243948549027062
-0.05111407631604678
0.00605308163116389
-0.01661930536297142
-0.03411185805081718
0.0101590777246829
-0.005388404286249635
-0.04762669425022437
-0.05997190357462402
-0.02704886937560164
0.02864976970408385
-0.1005365656027333
-0.07059367476466299
0.07522293594879634
0.049502508757321
-0.03029146274618916
0.1948407628669807
0.0910647614550698
0.01863859421575757
0.04834573873350069
0.02996003841199062
0.07822236406684996
-0.002353806367260894
-0.1127610414602475
0.05843741633243062
0.01221246024424817
-0.07690765971400537
0.02898925677259592
0.02200144482390353
-0.007271846347388675
0.05931691550804707
-0.07805885465906717
0.03407697737916539
-0.008742356326397385
-0.004443860935958843
0.03768956547371437
0.01518686318939681
-0.0830062827839736
-0.0180161772700602
0.01590873047838769
-0.004785261930308994
-0.02850562026110116
-0.02309901287962945
0.02847802296303522
-0.04446944340870986
-0.01905823516962953
0.001257104884549103
-0.1241578540516099
0.08208594308479569
0.04296867372730984
-0.009505920662434327
0.02588911736826948
0.05740857256831342
-0.002728417877264126
-0.006363751571955123
-0.01426786010110207
0.05521386330381808
0.007769944023262596
-0.003440074726209455
-0.04670230479812387
-0.003879728641354038
0.04462785459116274
0.00439459864920673
-0.08002788476511311
0.07795158422964062
0.003450092435989781
0.06743015468240224
-0.06204672149549596
-0.09641452899751815
-0.05176022150408045
0.02825384743039825
-0.07671422606233846
-0.05509326270140225
-0.1264513762434497
-0.007385579914592835
0.01816977510726139
0.01029559682050988
0.01991993510477391
0.04122857791555823
-0.02887605633627709
-0.1102842798875691
-0.06346191536874524
0.03650277737622257
-0.03731443111180945
-0.01699888125664301
0.02476305087464812
0.03559596390564895
-0.008630125541548548
0.00407510814210843
-0.03387714957278699
-0.02664748539376907
0.05113313311979578
0.009809855379624491
-0.07065705277635272
0.02971394296382951
-0.04218106510168344
0.04550792626359486
-0.01745729249914344
0.0416392734945745
-0.04391565573902102
0.1460719865471018
-0.01617816771193209
-0.06291280033709633
0.004897860267876461
-0.005859418883597711
-0.001546773744489843
0.001513015498218443
0.1335426789667336
-0.006814257783071459
-0.04649534589983739
0.06307566169822522
0.04106520580508964
0.001827124376481803
0.03811620930637077
0.01893726442377828
-0.01491576986070747
0.07816681157559906
-0.0723023507952989
0.02585131132938542
-0.02130258021216411
-0.03590965795217173
-0.01014923269804654
-0.07389713800418068
-0.130530490084985
0.04394749363199664
0.02002947871507934
0.02421169473379077
0.008514792983307408
0.01027027180604307
-0.01252015399295751
0.07086365150615744
0.02350248874269191
0.1197811086853013
-0.03444100496969907
0.1220660392119089
0.0711104930613131
-0.134110968678432
-0.02443124294611365
0.04590155126816313
0.02136541569091127
0.01408943642540793
0.07569958899703702
-0.07001568770239787
0.08287131873643136
-0.02335395629411306
-0.02578258851174895
-0.09068891698817155
0.1435130446443457
-0.03664883515969377
-0.1746246083741864
0.05292522310310097
0.009143279087281967
0.1104062374707614
-0.02122486971589605
-0.1245845247387518
0.06053077495443775
-0.08547092387835564
0.02647593267308919
-0.05324052333674203
-0.007378270805495191
-0.09337819772194193
0.01013119804406673
-0.1186776974620771
-0.1195705031734507
-0.04056742165459366
-0.01750768290269825
0.03892249503644828
0.001162841658707928
0.006334085062875007
0.03046898676628418
-0.06381198209167398
-0.08392113625702388
-0.03105707753439788
0.07951339961315405
-0.056363080378114
-0.06404392840927356
0.09470971406721404
0.0001140093464795239
0.04104178083166588
-0.02413197182626608
0.05736460956845768
0.06323199874905643
-0.03804491190218372
-0.05484269118286946
0.02567736509604638
-0.01014389022872384
-0.02218964999686437
0.04863805926590442
0.01962919821376717
-0.07416670769027073
-0.2119807696074514
0.04916549371758737
-0.01770670722243415
0.02709610920774193
0.03623443264603687
-0.01790908454842294
0.01870401671686189
0.09894867966242052
-0.06378156770027196
-0.079307488305248
-0.03276104531141866
-0.1328456056569955
0.02869867691108674
0.08607371912381617
-0.04097877645217043
-0.01392405617915343
0.03608449079051502
0.03644835219468703
0.0193217347591373
0.02821077349571693
0.07261684392468919
-0.02647573934769816
0.005020278116252211
0.02465279304367186
0.01226717540340585
-0.1281186989669712
-0.05008051393217897
-0.06702610096687936
0.06440725516439846
0.08032663174245658
0.02901337662424728
-0.0101191767037349
-0.01035047575438334
-0.05171831427771798
-0.07673244988747506
-0.02097750102923854
0.01224553998173168
-0.0176933246060727
0.003215367205398403
-0.05119711082396498
0.001996856905304191
-8.002016577436655e-05
-0.03560012913518265
0.06323556731645918
-0.001234523726436175
0.006295368316894333
0.04583339420908777
-0.05851759457103655
0.01986800150822704
-0.09662135687751325
0.02422438443069469
-0.04036778313574957
-0.006006349259490519
-0.06128429518553655
-0.02342906184401219
0.003097611558440332
0.01270108659194444
-0.05415990831625984
-0.02475870490230971
-0.0850456986948737
0.084020384622622
-0.008893308363555697
-0.0606080196896077
0.05650805246047866
-0.123775165409371
0.04491584459559538
-0.03136211625762225
0.02461198222429482
-0.0154939756576238
-0.1904225001973314
0.1530188484711091
-0.01124505449742772
0.01697623257334613
0.02501030398300916
-0.01215684441772879
0.02857758021717766
0.04157144637745293
0.0250943798805117
0.02064098107866393
0.04451528198875945
0.03155791690384409
0.006356227874147306
-0.02326346645383605
0.01473009948999516
0.1444264323249209
-0.02835841450110124
0.02809018546676667
-0.03397835940389365
-0.06921781094464363
-0.0333201137810115
-0.0417967515627906
0.002663968042452529
-0.0273108042272106
-0.06854997526010412
-0.117033050551718
-0.003899634412822754
-0.05794560183638418
-0.02681169450766618
0.0771208329436273
-0.06318657472157131
-0.09146655629768372
0.06605557971181608
-0.01802109607593315
0.02536584500583059
0.1429708150200845
-0.05150210493666033
-0.02441647044470257
0.01047187066355967
0.03453528487144575
-0.006807428659760417
0.08580401291495415
0.02011422710962064
0.05890439873226237
-0.046279445754424
-0.006577036955751386
-0.03763550657491566
-0.02614008202963565
-0.006844144627286428
0.03057245483540443
0.01480248329171992
0.07554034979345126
0.003295314330312667
-0.004085580955992752
-0.0671484373254144
0.01256261644617726
-0.05573869516390068
-0.1155544221714459
-0.0162292472460915
-0.01052994089826101
-0.08838918044416935
0.02048285269321653
0.08609120630195474
0.02568956876514418
-0.03989282106434539
-0.114367263972867
0.05012778933885241
-0.07677310939229398
0.03397559123023876
0.06767886486280841
-0.07341988657666952
-0.06605729910479458
0.03351896766199612
0.04664837823821236
0.07254708075819186
0.08658401122093839
-0.08879437706807847
0.006160142797286314
-0.0403503316346165
0.0168021164318654
-0.01418880608090973
0.005092391744254788
0.07477412691300493
0.05250014748742261
-0.07375508908723998
-0.06527340806839728
0.01667655065279042
0.01882116631943691
-0.02455968632063962
0.02276769801976514
0.04442568344099353
-0.01207984218784701
-0.0314600953585301
0.03608649523639
0.01139635465764743
-0.009849950016695978
-0.02582499677078357
-0.01799395869766179
-0.05582812595223417
-0.08430598718802036
-0.06051718765946258
-0.05416524351791953
-0.03119938640001153
-0.006563744064810358
-0.02477100706230499
0.006923606587279654
0.02103307592349858
0.07751011319592545
0.08791044702233372
0.081906207055784
-0.02946017838913471
0.05182705055226562
-0.03246437537019162
0.0877193800582632
-0.05047601989357269
0.008514867565500794
-0.05187875081859424
-0.003925127354317486
-0.05160746753597464
-0.01483689148026266
-0.04829440977403253
-0.126565687875565
0.04704142901741049
-0.02811912067447088
0.03027515733761206
-0.03755069855229656
0.08074008604864089
-0.01496713802814588
-0.02459490504566862
-0.01553201815572694
0.09654155960325339
0.07347268262101386
-0.1094409806048568
-0.09117989247176994
0.00656730351404481
-0.04380342846495926
-0.03115405098945061
-0.09905219677751134
0.005327366964457815
-0.104057401998833
0.1032227919113037
0.05557810344421221
-0.02594825928629771
-0.007364788070310983
0.0438812976796682
0.1244123837046981
-0.03277155734701881
-0.1201125669662026
-0.06804910944621434
0.1929271784216978
0.02404565114474249
0.03534613451797753
0.04530255071666622
-0.04780448631423136
-0.08799535181108079
-0.077312178459331
0.04118790803308804
0.04363003103964094
-0.01367346396796018
0.03637916440451743
0.05825729496115913
-0.1133108204042327
-0.1575670731228478
0.08397985124945553
0.01267817801101452
-0.09641739241213032
0.04699007977830224
0.04622102198137683
-0.08022906839955601
-0.0120386854793407
-0.01148918081177572
0.0785593142355101
0.1018607365397873
0.04148014341650862
0.01840012072820604
-0.0544413097059584
-0.09627890949094171
-0.04690961144113813
0.02175907720951143
-0.04778887746038026
-0.06882358469501346
-0.03666533103858828
-0.07296765159861207
0.02258363168914303
-0.001699469259251938
-0.02817891429908823
-0.07730401283309715
-0.05957535964164561
0.1460703411147207
-0.0196822066519122
0.0342156908817941
0.02952792396186536
0.01541478420775001
0.003856976724714092
-0.1068312863160559
-0.07448168449916687
0.02373488186353191
0.006017526614112416
0.01862579390051572
0.0009781768591099228
-0.02803676516289922
-0.1092302765245086
0.05255828097042137
-0.02986853240602525
-0.04630010245606642
-0.0750515846026127
-0.137227186443289
-0.04049463284300584
0.06151611631947984
-0.02270475299948507
-0.03136452632494605
0.02461228663071064
-0.0355747984098894
-0.04191284722686097
0.02336811181431039
-0.02873579545374558
0.01207130026662879
-0.00126494716156119
-0.03741064197030307
-0.004619625279164024
0.04011953199132114
-0.03793405638629044
0.03344926386830224
-0.01005836186266174
-0.06748371681628107
0.01374645787537698
0.07846333145163693
0.06632390312249301
0.0368538713354215
0.06121938710146994
-0.09705714818248246
-0.1122542223881947
-0.07041343337112625
0.05946945455028313
-0.0800540031559297
-0.02650073855919669
0.1002269996481271
-0.04949169177812336
0.02004079997788733
-0.02616404600206658
-0.02387579433455427
-0.02465529998242757
-0.08172729966154355
-0.04688448315467586
0.07304453462120923
0.05267594562791564
-0.009142648378967774
0.02869822128561406
0.04957891524106785
0.003220893816573013
-0.05938213255446834
0.04949478158319701
0.00616288811857402
-0.07539621714903114
-0.0451372528592261
0.05179213792408268
-0.02136273031095131
-0.02756697488563623
0.06789999067235991
-0.0490296094339106
-0.0259368977456538
0.06249746798992092
-0.02927309560518614
0.06928435495163106
-0.07964460040487509
-0.0783252986339415
-0.02680288440093177
-0.1512956282164035
0.1203871918445717
-0.03107779695037296
0.05735489378709532
0.02696443801913176
-0.03102454440882246
-0.08445543399952304
-0.05209300135037687
0.03007599836160369
0.05989524628668792
-0.005434602670707313
0.0226706434639821
0.01361395281014155
0.04454399979082779
0.05350954582052322
-0.07419740516945275
-0.1222488962884198
-0.02458641372582341
0.0740645103570652
-0.1474205064747644
-0.1100945920789362
0.02394700326142045
-0.05698207490301042
-0.0006772863266115495
0.04846479803081101
0.05191566624959429
-0.01174197525926855
0.07187054853815233
-0.03915703537137807
0.0001289610414277192
-0.004400294330909035
-0.003356960566892003
0.04082909431716149
-0.06080334143181949
0.05391100852136436
0.09036285983153605
0.06596926625254708
0.04915358363740078
0.06100308258592145
-0.01148431557391738
0.02062410079990589
-0.004253382082894532
0.0829694605472017
0.01462091394660469
0.05028168209991737
-0.08609024305432694
-0.004967109332154489
-0.02374377371862552
0.001102144698821497
0.0244145048880503
-0.0358622333342853
0.1014016746270603
0.006355969615651307
-0.01895202950694496
-0.03647416808598601
-0.01533381468943477
0.0005172069326848314
0.005538508713643153
-0.1031199101190661
0.03048714494001609
0.08206339791449598
0.08993679606860723
0.06381209692057097
0.006939185125295861
0.02025125199669824
0.003657310550667633
-0.002891445763997386
-0.007079548956214904
0.02613232673001876
0.1053036280367933
-0.09163099073055445
-0.02084312989981909
-0.0443874973645857
0.04931780999284125
0.0780919623565165
-0.03112662611090613
0.08158513056321512
0.07485469541744788
0.1071986966924452
0.07162452934300005
0.07187056831999675
0.02708379793880045
0.03359995452236142
0.02472726446839337
-0.08678448917417581
-0.03665693635295447
-0.04360368719607013
0.100396849110721
0.1033467767255446
-0.09516237832013656
0.09846786310250469
-0.03969151032712758
-0.05450495151162708
-0.006320192470048253
-0.01681290307759101
-0.06492722054861136
-0.1055810572006149
-0.1925581122128687
-0.01755223682624618
-0.01740867754961843
0.03413284082398757
0.06418672128129731
0.02680791141636715
0.02007303230575685
0.01349425500262917
-0.006462999922432787
-0.04663634511167361
0.01348117057526223
-0.01200828093238501
-0.05116619087873427
-0.01889162290581013
-0.08310366942993372
-0.05388170615956507
0.09957772029296175
0.02939303956165362
0.1149888307716497
0.04811004473173554
-0.05424168111292923
-0.01872727184710112
0.01060621246254986
0.07091236384480683
-0.01480632457623784
-0.008827834922359442
0.01611412591118629
0.05604817517174887
-0.03648566750157771
0.04355622683996714
-0.06834554117084564
-0.04114085625703591
0.09522912014885276
-0.1114136274401474
0.1377856836547791
0.08458953393189621
0.03063586342301805
0.03115924334314459
0.05318345349624622
-0.04752319850193001
0.04077262670532518
0.04352591141918737
-0.006836719358967479
0.05829867762885167
0.08313208031784265
-0.01473220466626443
0.0004883591524256423
-0.03011407008714365
0.1124254066145595
-0.1167607405775811
-0.01197759003188766
-0.06855445567017721
-0.05190147775264448
-0.0123145459091046
0.06108077151472312
-0.004811174917358472
-0.03007368415529227
0.05065328684132673
-0.06409375517430939
0.03884324555097558
-0.1179021127746126
0.1011037946759222
-0.01631809244098359
0.05380263991413108
0.08967648693156638
0.09230062393005506
-0.05631777766977449
0.06825894331133554
-0.04263584209855284
0.0617911745038659
-0.004982036348431269
-0.05154039095256262
0.1927014423409136
-0.002555009844499134
0.1162678676004083
-0.04752149476303397
-0.01892268213531288
-0.07355700117215991
-0.0781915824633667
-0.04047503967637572
0.03176923784344274
-0.0265763824038873
0.07199778912582708
-0.01207531360821095
-0.06094491268608133
0.05297095935470906
0.0988726047855306
-0.08695241665708814
-0.01867239860809373
0.05444436469788756
-0.003471106518052422
0.09712705171835587
0.03129764475443733
0.09108751767813687
-0.06227700302162357
0.04230751167045849
-0.002962025940050458
0.04504691342933374
-0.004517236286591442
-0.08978295684022161
-0.0740610831030469
0.08383493446792396
0.007422024224805389
-0.02374373110988596
0.05283451165653209
0.0983595596486149
0.02344859329916036
-0.04676148741712297
0.003789106785917771
-0.07369876507402279
-0.05788111734679481
0.09669672860139938
-0.02210841651200274
-0.08710652098153499
0.03335426641526074
-0.04532250181247343
-0.007199726464450627
-0.1019523877465584
0.07994015037424287
0.01827862886577709
0.0240531030818717
0.1206638645775366
-0.06409832573839999
0.00765714634117616
-0.1180093898479303
-0.04330307339088406
-0.04439084740494283
-0.06061159691157019
-0.006201061474080454
0.009809161938982541
0.001329547549209859
0.003110869637325743
-0.04083663012162998
0.07942534932830921
-0.06425498840279717
-0.04335627109140335
0.08112510776630591
0.1528731552242497
0.04185817093564138
0.02364247961320903
0.05325094600376802
-0.1160098866241577
0.0272139528644973
-0.07629076543621807
-0.03268393624847066
0.09264774220648898
-0.02731305776352919
-0.0008292419507480598
-0.05797769270568279
0.08041184353923447
0.01129736362327761
0.0628480787065083
0.0796502128075562
-0.01958899326816217
0.03401316563701087
0.01204855344898364
-0.08234527016644419
-0.01458298317217401
-0.1232423995627108
-0.03465399039300215
0.07119758439122818
0.08042862126311442
-0.02335783649044082
0.04602760848625551
0.1442103105039666
-0.0109694884632485
-0.01553287821946336
-0.03712990582055788
0.02424091104891727
-0.08516130661215167
0.06190126492606748
-0.04859896072980161
0.07981569002216515
-0.005027404660414854
0.06860811065135441
0.03637955972975508
0.06013020675325671
0.02684449044772709
0.03446986979123119
0.02591335279231711
0.05677978740047661
-0.08038524684527926
0.05023161386592102
0.05677712324356217
-0.01422027656910192
-0.1559276828749457
0.06928409647148753
-0.0373595762610876
0.03543412839819448
0.00887475641139477
-0.03300057209769539
0.0373218170541028
-0.1119154898918963
-0.02164423102674199
-0.01580929419878731
-0.01356212402471609
-0.1184638920115595
-0.08032329324346939
-0.06493173363723488
0.1046259877454182
0.07167309057843282
-0.01172101617290831
0.0902935969134606
0.06657954572803389
-0.0163368823689077
-0.03812847969181872
-0.06595235804382911
0.09432496750771004
0.0748168958077963
0.005600569879645174
0.06355980315631746
0.02140741121235588
-0.1394336872491267
0.0128797463974154
0.02777372122448546
0.07948827761287598
0.01703366692006397
0.004953756047778486
-0.0540030733332439
-0.001879926399668067
0.03696776576391218
-0.0629057665542341
0.003113665139482639
-0.06331874243936775
0.0254196441057904
0.02829091280450394
0.08432354549725556
-0.05516901008416603
-0.03050898687260435
0.0110155041564552
0.02673392140793112
-0.137834777820328
-0.05478989424261557
0.0005449393355463593
0.02199591918859878
0.0798685314806708
-0.01075053436409457
-0.00957632331047719
0.006029222686851285
-0.0220613204873892
0.1540529344324478
0.007636774422366037
0.01395212592680849
-0.04857107488880223
-0.09828645750289441
-0.05981875895489566
0.1000276986280779
-0.03042336043192158
-0.08933671752547126
-0.05353966320794323
-0.0273963799386925
-0.02723837366527895
0.04819344617684176
0.0847054033746647
-0.05013125336163074
0.02556685707104164
0.05762854538643845
0.02175539058996498
0.006721332685972185
0.02318927492297077
-0.06506744577640275
-0.07414605517991782
0.002948506017280934
0.001758016960769465
0.135521109636411
0.003238092518941846
0.02741806907587766
0.05019747523364426
-0.07759195320080797
-0.00342870715100297
0.1515370741512611
0.03106774252095124
0.1365515218761762
0.129911747688478
0.02214054228822158
0.04514833954232474
-0.02754457934552281
-0.04017184306973742
-0.03935564774610698
0.002343779333054019
-0.05500959540855612
-0.115029201908093
0.06793397992189723
-0.09539504504005812
0.001679233522212407
0.09800623185005056
0.0005641574979670522
-0.008920414213302925
-0.05487995946049079
-0.01330202737086125
0.07532470754979309
-0.09988188321437114
0.09973751745100431
0.06078185728404797
0.07225824684791206
-0.05379171180155976
0.1164878745275019
-0.008898370998521872
-0.0519119510381682
-0.04395753371875799
-0.1009842622335068
0.06415886232589123
-0.04327165707831766
0.03330720880884186
0.05791351163803651
0.08548548647125738
-0.04041262287998247
-0.1013445409560484
0.03096134210311099
-0.04538538657555663
-0.01404506004064978
0.01642367100779724
0.06813764569355689
0.1452068494757807
0.02712222147820413
0.05772248347898394
0.05652779387605193
-0.09356870459627412
0.07832870966125238
-0.03833825869077161
0.08329760104051426
-0.0538646240292788
0.01362447057225777
0.05932586887182108
0.03409609213043875
-0.01661257593464636
-0.04239163349694107
0.08809186559570319
-0.07923024640917803
-0.0768879591079346
-0.07183942406630273
0.01230748902666901
-0.01281178422249281
0.05870979299566063
0.0558737938340011
-0.03683785291445461
0.004594796260930921
0.1397017082534319
-0.04141933997314455
0.04630263623522105
-0.003511834304472501
-0.0424798993147333
0.04692032472489684
-0.04893109515990961
-0.01996809087039673
-0.01727292423960987
-0.0255557206337049
0.0001787071281983098
-0.1188205639654318
0.05799507232660035
-0.06073846798721552
-0.01503539122711906
0.102738403828152
-0.0187225934060925
0.0383166935687792
-0.05015065097411737
-0.01985151960239083
0.04631721553725598
-0.0240706327025594
0.005327020815091899
-0.02528922753790867
-0.0198086171263585
-0.05259078229715056
0.01106528363738826
-0.05274675023812458
0.09014450317832878
0.02302864920071494
0.1136013409131359
0.06698749482565691
0.01005646952662044
0.04806987926287549
-0.01101741768589369
0.08884980225902385
-0.01850630819176086
-0.06982645048801914
0.06544594807071853
-0.030786950383554
-0.03557265074205402
0.02333385493145771
0.03978443410428956
0.0440210948501974
-0.1472702933675608
0.02491433149212205
0.0152699499374313
-0.02336782536076829
-0.1171741859062659
-0.03822896181336259
-0.002052746598746397
0.04055737056600859
-0.006968576932228708
0.09447800148595151
0.03166743892937544
0.0223666273054956
-0.05840256692091098
0.06246981308761976
-0.0704813139237261
-0.0541784104085134
0.05604989837331702
0.04427600101422276
0.05344641681304869
0.1007727233563963
0.1123828598427452
0.04773383402590197
-0.02011107123206429
0.03442376100609069
0.1028062848175192
0.005882907866660981
-0.03155236430329046
0.03085386977297993
0.02714909739855188
0.1083376189592374
-0.0199702589013172
-0.03637987242056452
0.06531167849890375
-0.0324201416204512
0.0904766993818371
-0.0008360775420861062
0.08190125758013939
0.1148564425128321
-0.06431389891536166
0.01224174021503405
0.05365625345610929
0.176154815435989
-0.0948444938744186
-0.02724090418571506
-0.02061008875930403
0.01307059050648109
0.03458333922580799
-0.008366391974803308
-0.01564315406486189
0.02858947264820429
0.1384249137705886
0.02804378145863147
0.04228675652070243
-0.0191591575382518
-0.1205546648371191
0.005794589697859197
0.009828330454513187
0.09655194795882407
-0.127750966093727
0.04204593864712444
0.05819902600713819
0.009080483279656666
-0.08532619052677508
-0.004078631775018743
-0.03418331463250621
0.00647499265215102
0.1103647537363155
0.011442925676759
0.0585085349031941
-0.001261615112173348
-0.05245100582778285
0.06521145592621395
0.02424258330579388
0.04533214228244002
0.09073335256498334
0.07851613558778919
-0.04662037202843287
-0.05200227324068131
-0.008490118130925713
-0.003674196278341469
0.1012073241760682
-0.05594916011753989
0.08842133186445687
0.02589345789708473
-0.05539164545417428
0.1043512825660903
-0.06322628574839828
0.01198579046298445
0.03327661551125412
0.161814294244482
0.04199917430358916
0.00979382659273545
-0.03605327953894269
0.07801981549268538
0.110923793311292
0.001635692198082073
0.04897257789840663
0.09150016714404133
-0.08833256174124901
-0.1260018011384333
0.01792612504461633
-0.01740601476954862
-0.08125630913117735
-0.06361218455984846
0.04835044874047319
0.003682088348438927
0.01118861505727052
0.03047896391366317
-0.06807098152652832
-0.007222256293543075
0.0135878357860829
-0.04329955050485243
0.07512822335159966
0.1077173815439503
-0.02105323179287614
0.004683791836726558
0.01267378968660662
-0.01837332937779862
-0.0983954528113197
0.1031356123944818
-0.05071630791465212
-0.05361661114798037
-0.01190860664247014
-0.01187413878579266
0.0002309425688621358
-0.02644768926778344
-0.06942864494236306
0.02714444960482194
0.02605213381936325
0.007547829051878438
-0.04979133643579236
0.0709751497001013
-0.03188042353838019
-0.02760074336194213
0.0335534519418669
0.01318488357786804
0.1077987488392291
-0.02953377415633153
-0.006677869961344243
-0.05272885606368397
-0.04110004034836093
-0.09105038471998939
0.08468298732987674
-0.03072899352874696
-0.09370184229493192
0.01796277049883445
-0.09087201639134586
-0.05246467459748647
-0.07787833246381129
-0.07216531104715318
0.008305811700132483
-0.01033829918432266
-0.01963670147134595
-0.1262810010392881
-0.1260133397559574
-0.0827803884948046
-0.07151839700829433
-0.005072919440232807
-0.05401542947952989
-0.06683406784431872
0.01276325706693068
-0.02745406267127859
0.03460738595491621
-0.05564252707858265
0.03321364712530221
-0.09840945185059669
-0.04605307698020149
-0.003315895428756883
0.03404636736425697
0.04447091356820149
-0.01184679866278593
0.01991477673750702
0.02354253500776824
-0.05476297512315973
0.04033020154576267
-0.004758370636947042
-0.08901319634767399
-0.04820032246163513
0.02109794780077765
-0.1190511106150427
0.02116317590669861
-0.0101404444562306
-0.05699108464413014
-0.002535482408335453
-0.09968241996281473
-0.05839919045859516
-0.09474534943249588
-0.01996953313264996
-0.07832968356712419
0.1544541747280267
0.02805437859061979
-0.01975557904815284
0.06017655633163149
-0.007130788238935266
0.02150362765418873
-0.04202870440969407
0.002571440962584227
0.04344765922495701
0.03730321230904519
0.102093850306955
0.007615517451386465
0.03524957334772592
-0.1668649622436535
-0.04196204736837128
0.01017421131367566
-0.04898509761637312
0.05762423305566201
0.05833387718277677
0.06073198365080983
0.07432314110660668
0.06090217740129941
-0.1374159182813753
0.04028038341956266
-0.1013732319545973
0.02949549237168199
0.02006983574992563
0.07764256808691111
-0.08687491182447935
0.01888780556949244
-0.07456249193933165
0.06398963245463767
-0.01534751760229013
-0.03847138165646292
0.08878199532942588
0.02843299808701647
0.02261886110082221
-0.01556288063610209
0.09031474157400615
-0.01125932740434616
-0.02353841366735272
-0.0382543954154686
0.01607400732053516
0.02853306780614474
-0.04969002518481642
-0.06868500680581753
0.01661262123184328
0.08085520007647949
0.04040086945373629
0.05978577223680841
-0.03140416607801308
0.0209041274385463
0.1081660891499183
0.06836933880497023
0.006453185144372112
-0.07586472704647432
0.04803644683055978
-0.02773027427643172
0.06911775217191352
-0.02819473483849541
-0.005751996708616029
-0.01826197245340023
-0.04303787828226847
0.02720611273684324
0.003543289438639657
0.08786436081927693
0.02920878472190533
-0.03209412040124962
0.0009150722807261674
0.01936950933452294
0.06224718734254457
0.03004483259994004
-0.05042165024468936
0.06179071099477133
0.04644312600279962
-0.08589260683311133
-0.02172089398437088
-0.02488815139835592
-0.003395877726989432
0.02697534765106192
-0.02659951258106424
-0.1019241684521476
-0.00186961564490103
0.005846818434801726
-0.03718777246219247
0.01642432064543993
-0.02133418528246579
0.05938373245214221
-0.006449397470209133
-0.06675305099737652
-0.04740951018836664
0.1010629722614991
0.02777363288594589
-0.02633997457582882
-0.1022248481060541
0.001699022557054633
0.01873189564628709
0.07233396142781226
0.1184882883162025
0.05745028124472713
-0.0007319848347919333
0.1227868503843271
-0.03547700318673423
0.01605127156259698
0.02585607773489676
-0.01127509042572661
0.03674336230448663
-0.1037869791829876
-0.03616070371885927
-0.04877538041923362
0.03346414260188694
0.02512124868155934
0.06384683880274397
0.05748378221717635
0.01623595436855701
0.03000815105644235
0.02490779978307269
0.02440894396178196
0.09546952820106022
-0.0003369779722383216
0.07900291678785169
-0.004796841132757572
-0.09040885534595637
-0.08920570338823162
0.0597783338183188
-0.003854025919362659
0.08929594765900099
-0.05203063648542797
0.02663061423742491
0.05148232691310069
-0.03935793641845407
0.1158352690159613
-0.08605799776347885
-0.02143906335689844
-0.01243546635597703
0.1666508964212309
-0.06443506671713586
0.07037662087129905
0.03285472968703201
-0.06191622433245945
-0.03508913489372112
0.09854058145157059
0.1389811730946025
-0.05466820187421588
-0.02570694043973949
-0.03640504372412208
0.02413686548734342
0.03453553689812303
0.1046899085209041
-0.05619657752297873
0.007134993657176597
0.1261603196853283
0.03785897585332177
0.0534138470721148
-0.01256928922248795
-0.08378710211796449
-0.06185857120881168
0.04409962540456901
0.07548545969706047
-0.008709798637816901
0.06643488474787282
0.03097448762077486
-0.04001167900304102
0.01219322488618476
0.0233507881412614
0.06608478815717675
0.03282147783102762
0.03355985994343723
-0.01052972862166178
-0.003761108597102672
0.05396024198578101
0.1282634517305736
0.02844378603037672
-0.04707768536166518
0.08002485317620367
0.04872906033561205
0.02541343590386267
-0.009726534767832938
0.0897985444002506
-0.01170170153193077
-0.1621792622419868
-0.002249654398613653
0.02613000298510684
0.09689026353069391
0.1112976491065353
-0.0439455214651425
-0.06833839220450896
0.05966250067525339
-0.002890086504792735
0.1331019692524699
0.02204620621340953
0.03532895922234835
0.08130430272105306
0.07940138468630627
0.0145836850593367
-0.005631990359224088
-0.0002843888796946643
0.08508035097629131
-0.04647619033861776
0.03574998407361465
-0.03505352102963485
0.03612052407725229
0.09051963782319988
-0.05542132484580257
-0.1802111092089427
0.004880968544880494
0.01348675472095444
0.02571189445942944
-0.02574002383556829
0.03452543554834975
-0.03914921555600433
-0.03860131875947515
-0.01383936536162666
-0.08799088004745277
0.02901804419212797
0.08035236100219778
-0.007534659257095294
0.01998466127791376
0.02660275842840847
0.05589146363264533
-0.04045085975949456
0.1109230095716717
-0.05520747463715643
0.01748875070998467
0.08847980974415666
-0.01398130090881999
-0.004643659848136828
-0.0856979043703867
0.1516606535985384
-0.007631742570665248
0.006583524594034235
0.02512736710210538
0.09466227604614716
0.04706659781634345
-0.05987754160737632
-0.106298707905304
0.03729598844343199
0.01220057510603266
-0.007879588248741378
-0.07663159845937018
0.0692777644040834
-0.01503301605227377
-0.1060939190360044
-0.1184302004374842
0.05744977948910661
0.01977829502082748
-0.001552966299232718
0.07483222576385534
0.03655937629905218
0.007555847672315673
0.1308979031073117
-0.02850276745113146
0.09630809664680245
0.08693108545368095
-0.06374158665555756
0.08008714132704275
-0.00631281090344072
0.02914698200558336
0.09092165052006806
-0.1340068461257804
-0.03824041925709767
-0.03995953914268821
-0.04731192778684493
0.003977999666414041
-0.02113944356880966
0.01026469103345622
-0.03359652659261342
-0.02073548666478579
-0.008889602928722377
-0.1409785615112772
-0.04632463932281786
-0.1212779513919507
0.08656195236445992
0.000302751342008677
-0.01728086119704593
0.02283787895276614
-0.01147226815366684
-0.04054355634678772
-0.02680332284533225
0.002625940082546123
0.02205186864775656
-0.07422544939790042
0.006081017207608766
0.142949082048073
0.004853666387451105
-0.01180880584670412
0.02347234353330442
-0.07775799049997281
-0.0643272199676988
0.00584827264541761
-0.07043621167180575
0.09473603189745389
-0.04683473515491068
-0.04381091892297591
-0.08240461632544378
0.01763530897626404
0.03437208831174392
-0.005727215612174914
0.007072512355426545
-0.001922421271133054
-0.05694144095837278
0.07893550118985052
0.05950971889268471
0.1142315348785417
-0.0005821111017692447
-0.005460465053587485
0.007623588465273442
-0.01751464109662192
-0.06713343006675519
-0.0492811340678664
-0.002295598964349364
0.0202429772175769
0.07054039122496918
-0.01679635515867519
-0.008073606478654165
0.1701060470554152
0.05113978221242326
-0.02719382931161325
-0.09780861374660012
-0.07265116303358725
0.02376367623272536
0.01185916440400711
-0.07664295058977809
-0.03151227121654372
0.002508236674523684
-0.001410817246952769
-0.1164321671863715
-0.07435067942349805
0.05735253324199152
-0.08707365284988583
0.002843886123669065
0.06709563072727161
0.07095626501178331
-0.08633597477011508
0.009103055145028224
-0.03693521805794435
0.008678203993072779
-0.008689414819719464
0.03919752630723433
0.02405333563182554
-0.01167415350831729
0.04638959524305318
-0.06845970634510584
0.1157962085080095
0.03548926614082854
0.02377995995016947
0.004188381675413119
-0.06245788920311842
-0.05737626521911377
-0.06872490382921778
-0.02828897398761284
0.02737453958915001
-0.02400347958693742
0.04699307011786483
0.05096526580194399
-0.02231057898189907
-0.06736993206363155
-0.06196585331409033
0.08354630947549097
-0.05001867227307629
0.05490002052716508
0.06581303353889803
0.01393635866389178
0.04097103572537771
0.03199384442536688
-0.03319002003306438
-0.07634941082118102
-0.06963873839514868
0.03213438319759607
0.1462612105448483
-0.06322788316992908
-0.03953135872061399
0.04837813323305131
-0.1051352353590955
0.06510852850667916
0.01613646324056141
0.03270596180574835
0.03028913402306905
-0.07392127593995744
-0.0643110213183382
0.06127025541625932
-0.07746970458081628
-0.1044827085555027
-0.0232569190171185
-0.05470047809781907
-0.03527081639644367
-0.03421032867974894
-0.1549988177588693
-0.04746007705849378
-0.01522572761788848
0.06472456532544385
-0.05949523334264016
-0.06438085158105059
-0.03533355215839362
-0.1008030343073214
0.004223719991974583
0.05845596973447134
-0.02236898810616889
0.00820879993770264
-0.01794960493529166
-0.05456598823288276
-0.03997247472085383
-0.002103597710106785
0.04565987312763232
-0.07262195517531528
-0.07129199711760267
-0.02422479854801432
0.04865511158943886
-0.0006997483281869213
0.04683237361588444
0.01835590374514811
-0.07673823738340343
-0.03477401424798868
0.0453822101280516
-0.1275241430207266
-0.03285683243199811
0.06198992388740399
-0.07702853779704459
0.0599029308352013
-0.02676105229819329
-0.1267710912624953
0.141387398574331
-0.017020877982659
0.0858056826669564
-0.02512825701135125
-0.01084146665179803
-0.04361656515607124
-0.014721066666456
-0.05425433427156301
0.04801601388420273
-0.01237910810315487
-0.161814607473344
-0.04012591739193652
-0.009421648400607004
0.02150490387037199
0.04143617234320181
0.04294970093564319
-0.02393626746387731
0.1109973204378404
0.03727874767381832
-0.04245256796583174
-0.02102605513444113
0.02645380989444651
0.02364198029903226
-0.01637453155779785
-0.01073640674842815
0.02373884732919158
0.02301033530168589
0.09027810636165748
-0.1266421478912489
0.0582522295852875
0.1195993721307858
-0.007100215302052154
0.06797606142011149
-0.002632424739527409
-0.1087493489317354
-0.02549078971684982
0.03799114548107159
-0.04757121593216743
0.07578660836389417
0.002683957439121967
0.06486587910216901
-0.06418767348625413
-0.07446046415265686
-0.1389346397816748
-0.01748332680177964
-0.04684293312905416
-0.06460370603636201
-0.1057713700850508
-0.009858651790820423
0.1064475207335095
-0.03115227132128223
-0.01366479890583364
0.04894818056666703
0.07096017425929257
-0.06947739543747847
0.03953178487419193
-0.02191579125296605
0.0269574194204723
0.04133514797520699
-0.01693808665307894
0.0129047163318745
-0.02657739595325475
0.007907260555855861
0.04282734754344554
-0.06359794183979781
0.05894156290583251
0.09639968303617336
-0.02612325707451072
-0.01333146977048839
0.05270066448023936
-0.05610208241449566
0.02344968419093475
-0.0198154147542596
0.04450775857188716
-0.0128702721183005
-0.02507147031852936
-0.05542956493986639
0.01377146996968834
0.1429697494168454
0.09555862588850844
-0.005564127769283639
0.03239718680897521
-0.00366662968300301
-0.06721073046223244
-0.03352266078909348
-0.01515935030210357
0.01302627794986826
0.04197648880569387
0.03677582453601665
-0.05720936893197729
-0.07265330969099175
0.07137701003557295
0.002457887273017524
-0.0365381860936706
-0.05373016093685882
0.01308675712319306
-0.03010033647523464
-0.05279374444920928
-0.03830669867817384
-0.01103205422830333
-0.1104150573666143
-0.1018021885673076
-0.107199765291528
0.02833652692868815
0.01456300773964039
0.002587151995559093
0.081890213172492
0.05253556654153963
-0.04339421040638151
0.02410149459598846
0.01615668792533168
0.004531921164812141
-0.09192341485882959
-0.004990050073990386
0.08596479153058889
-0.05551883798386258
-0.0144984800323285
0.0945571422491704
0.1048411918479364
-0.09042243420616294
0.02437702863475795
0.01398138398292009
-0.09356700995817435
0.03004288988443243
-0.106675396713553
0.05162115438939122
0.0777633742899384
0.02781548502873789
0.03520100524273171
-0.0232921413195943
-0.01058190693406419
-0.100743262428967
0.02232672580715611
-0.1400490531594673
-0.01969964919995063
0.0405610263653359
-0.03870467767434224
-0.01202734258851167
-0.005376800690255298
-0.05201525778677156
0.0656259130230261
-0.06592914750106507
0.08443796567656596
-0.07831860711608452
-0.08600034536182422
0.07781076287134688
0.0233619274858995
0.04825980151228683
0.1304939561029707
0.07382069456812644
0.06988946517544488
0.02515547360284909
0.008963164349886692
0.01518203731574687
0.01896162711688511
-0.1387936252504315
-0.131678045717649
-0.02941402874972275
-0.03439819720367961
-0.009109191175035209
-0.01009703286839672
0.09578591593541917
-0.06098537398456795
-0.03248873014106758
-0.06627452499233
-0.05912772089168709
0.01838312176680015
-0.1731452570186758
-0.03034779202557633
-0.1277355390725945
-0.01320979319592879
0.02160181681220671
0.03091058842413261
0.067961400766406
0.0389888807096198
-0.01333055348838899
0.02286327330647569
0.05188460893147916
-0.04194845371953072
-0.09814437985364588
0.03021115636057961
0.08134759135660991
0.06566502638996048
0.003047539592328775
0.036787174435646
0.02635068559483841
-0.03213737339793279
-0.002197379023785417
-0.04011955557800939
-0.08783115172745785
0.1313191651675126
0.07951630630902204
-0.01330072023102982
-0.03451311257536124
0.03219303955291614
0.06867005227848012
0.01353730329993211
-0.03964119820728254
-0.06157335970342014
-0.08648085536976267
-0.06878108403527697
-0.01721616689746649
-0.002026758893258528
0.0346393304957415
0.06049840310064131
0.05820470317299569
-0.01659669801961071
0.1058049631357602
0.0721948850244318
0.0566368664878755
0.09763658758666049
-0.05318581875682194
-0.03128010021364483
-0.02732701675781807
0.09318505662347201
0.06149631072117384
-0.02884485743420914
0.01164144458882775
-0.06057068177496119
-0.06957806853397719
0.009444780736028675
-0.02643857288514939
0.123740997032343
0.02787986241175792
-0.1334805540822318
-0.008622944251393844
0.07676026014923884
-0.02269492550510495
-0.1381113701069793
-0.04389954558829622
0.0141651029786881
0.04533585786066145
-0.02796613719943445
0.07117844592600926
0.04424459412539448
0.03347337333264879
0.03562415430047962
0.08928807017773704
-0.09015271863590438
0.02255296414021218
0.05943196610559177
-0.02033809583958611
-0.01167856050205032
-0.07598088716883022
-0.04291260360610608
0.0429643519031266
0.1173336812130348
-0.01383901805619125
0.02276964944102449
0.01074135182374397
-0.01399656699869042
0.008163475957362089
-0.0677257245787074
-0.00164696855974003
-0.03463066593299565
-0.01983923609777783
0.02973092285960566
-0.09896749918166114
-0.07552847086241768
0.04995976332224952
0.001067959964081277
-0.04063066644943927
-0.008178408187651198
-0.09990480117792239
0.01656278221088889
-0.02183940764164602
-0.04627829092709812
-0.05961366594308003
-0.01351194413853712
-0.05290458339843754
-0.1155480148734599
-0.02457982458424759
0.11182396460946
0.00233076082051533
-0.03202823341267419
-0.0141923308839578
0.09485875614461423
0.01126945624241357
0.1202173231538035
0.08518830105428393
-0.02265517718708178
0.06061326028531226
-0.0905836016652463
-0.03020643870409472
0.02932395942895679
-0.07377467155175592
0.03428526416962708
-0.01671481752881072
-0.04621931008029542
0.07644544200182102
-0.0136075698555828
-0.07894582541390348
-0.08029035244685208
-0.01031215412230205
0.007420713044391833
0.07359704358496187
0.09179456898183003
0.1021745962898159
-0.01736764891065263
0.004753481513030011
-0.0871605077634181
-0.05527992418681266
-0.04054981017291926
-0.04327004546005191
0.08675746273096326
0.03882758733734831
0.02406276636580906
-0.0443841096876498
0.003802888099597904
0.01155852918304369
0.1021107023901688
0.0983167594594393
-0.01631580980652497
-0.02917916551759472
0.02330933301903744
-0.01545406091159725
-0.002763385954445349
0.07631050437031459
0.1121877076599773
0.06406423050460852
-0.1021825012781915
0.05008081632756235
0.07155168146324378
0.02838361503150515
-0.04480669776265587
0.02271857145235389
-0.04408816596163779
-0.04857619299127289
-0.0156460539524713
0.0194068265223339
-0.01114078846538198
0.008162850043352651
0.1035403591399637
-0.06783762298003224
0.01583250410024463
-0.05307131005207399
-0.02489925957369991
0.07440565504969003
0.1100931673093179
0.005919954790913031
0.007961316036403134
-0.03447556025900152
0.01449954658948328
-0.06061779811551241
-0.05561046541188316
-0.06266152564090227
-0.1229154499850954
0.03124965960072201
-0.003836157790402812
-0.006840541234111194
-0.006256065917089005
-0.08215752274696175
0.0888951469373441
-0.09850655723517068
-0.03268150784987747
-0.03488257654191142
0.02893397369137121
0.05998734415729269
0.06032422235296075
-0.05398372765369424
0.04741557568122164
-0.05331131962573048
-0.03478582895100614
-0.09295936310492939
-0.05348968946817361
-0.09676955716738
0.08467000586940199
-0.007962689447912218
-0.07194471603515606
-0.03910320530103194
-0.09112511599915574
0.06498171808862079
-0.02435639310476529
0.0003703865771486764
0.08869830762130608
-0.0323151071189693
0.0578163387846755
-0.009335993908229499
-0.03732746573304296
0.02665427295796036
0.01348886959304771
-0.08467369338280258
0.1266678778025811
0.1077927231712213
-0.02902142737668792
0.0982909562557919
-0.02082882340356808
-0.01890361244896081
-0.06522336024519323
-0.03593358712794409
-0.08294876942311108
0.004768229767627107
0.03820588510298385
0.001506070758305847
0.01235663221016535
-0.07757377389821869
-0.1618842797509031
0.0241443361736372
0.03026070273161337
0.01282875605918699
0.08402037558899526
-0.04134816177043904
-0.1105263725609356
0.0183976449634397
0.01825626224401754
0.01074744125688962
-0.01616125495734574
0.008312341591028553
-0.01584070158237804
0.03699600041213866
0.08588421225188131
-0.03068759635472154
0.02399562852591183
-0.02048495839186117
-0.1034654018228121
0.0874814890255072
-0.02599752155210057
0.02872216752644586
0.1053600155675169
-0.007863603537930967
0.01440580028008406
0.09719085830534632
-0.02851909574302494
0.1433938417767013
-0.05735776010755146
0.04675695158840341
-0.04144296161070909
-0.01870085365459281
-0.04613945546693526
0.1036254097590138
0.04195059389174162
-0.001653944980328987
-0.007639751022888459
0.03851806192148272
0.07874867525617484
0.001322245978417597
-0.05761445855888997
0.03823327659101587
0.05988193850506331
0.06046063018578716
-0.07411839263305517
-0.01272033682762949
0.00557272458248307
0.03548566503865075
-0.03129899511498415
-0.02380744130990403
0.03044625612841581
0.06032666376037915
0.09236977360237396
0.06461194916548275
-0.1082818672854151
0.07629347206153246
0.01127945673981715
-0.03431537439301434
0.09945655043107955
-0.03634320262924668
-0.0608686752901245
-0.02158613860562995
-0.03656075155898619
-0.07301195428919993
0.04684396254209361
-0.04707197877589309
0.01557110046899026
-0.110665732099455
-0.02987894015053314
-0.109605711730587
0.04230842770085298
0.0398819938314553
-0.0420264629260491
-0.2039307434135861
-0.09951239201956599
-0.07698594504256548
0.06578352474875904
-0.02683073854755676
0.1100458697677919
0.0432558118277906
0.005385212043948928
-0.0988058221973856
0.004215336962708122
-0.06012773576368585
0.08698281525604472
-0.02906834666917432
0.00593119446169397
-0.07355944051952913
0.02804638503540332
0.04454385821212412
-0.0004339753731435574
0.05644507523828014
0.01162479232102681
0.07236796714312838
-0.06656190396266007
0.04130542148507388
-0.04287134972369368
-0.0484073793154534
0.06943549082518452
-0.04187444725259912
0.1041264894084939
-0.005196991595845357
-0.06494497792718444
-0.03708678888001202
-0.001461498589216095
-0.07135472504988469
0.00451044309973743
-0.03010931338639683
0.02649057538311411
-0.06009263031700287
0.09261835882596833
-0.001124022959663899
0.03971771870872931
-0.0411533249592982
-0.01206663870367717
0.1455682954618215
-0.07388175089585779
-0.08012559983729209
-0.022932075786074
-0.06273813973062997
-0.01591572031276327
0.007190904351266306
-0.06818912650662705
-0.1095865578518459
-0.1287476909047416
-0.07841335931918614
-0.05280165599659283
0.004561655717974417
-0.08150295986396588
0.03228706796740623
0.1050572374838614
-0.02481953919780262
0.03545083791672573
-0.06650055907545536
0.004064490538624127
-0.01496158612759031
0.05602008542859233
-0.1102183418305448
-0.03901170606588095
0.03902876699468331
-0.08344191361902778
-0.09723532653052705
0.06948314475376596
-0.01097522671310518
-0.04570278500204281
-0.0138002922673682
0.1181710966793995
-0.04183545127974256
0.04657399818531081
-0.03932162497996265
-0.06231277803000109
0.02164891152250897
-0.05752538651367098
0.02194582387166566
-0.05973751756694467
0.005536311853583033
-0.1235737970679804
0.08856168119647019
-0.08407871976706588
-0.05224962264529873
0.06146729707639782
0.1140881707632188
-0.04684578992400795
-0.01718286975755821
-0.02829636917422108
-0.05023506299112256
-0.01874597456168014
0.09468298184791196
0.03853606287850651
0.007809347219291572
0.06744572254681061
0.04745364687375003
-0.05770696430631225
0.009020876159139782
0.05701871410383348
0.08103063658924903
-0.08049556992770016
-0.007881234699594009
-0.1184674284483619
-0.06992441441095362
-0.07748004918117603
0.04132287069684822
-0.1352938530843232
0.09549930605048819
0.02607745544583268
0.02383288698649819
-0.04879599908013713
0.00719862293285873
0.006704615349225042
-0.0409819299531251
0.08949062849425998
0.03244233344201441
-0.09761456724968179
0.05046073538041992
-0.00660340710821852
0.08750982031959742
0.05361129594743731
-0.08611043189828443
-0.04308719344367042
-0.03399340807561863
-0.01879842136770026
0.05221060150019775
-0.08530710790069049
0.0519088572498005
-0.02825626960938561
0.04352618665676951
-0.06132322845805488
0.08812232221075525
-0.04170476968939334
-0.002136730088078239
-0.0282073920975409
0.1025515145883196
0.06304433385159447
-0.1552423307395908
-0.08788702362377662
-0.0297180256171459
-0.06572805407591426
0.04395910509090957
-0.01869786641136578
-0.03937901440253359
0.1342571783811317
0.05236786090980294
-0.01527727146637694
0.1705036831913471
-0.00375667397507555
-0.03266861212267376
0.03477546643789763
-0.009353184401021876
-0.02291291786477936
0.01671855646166174
0.0215146821246122
0.04828211674866024
-0.03321057489036932
-0.03046138192946208
-0.02672426029627815
-0.03429659461241742
-0.05853122528764813
-0.1971642653603753
0.07235371745545779
-0.03091351777747462
0.07086386046248967
0.02613562073501208
0.02486690265262025
0.01462034894503767
0.004018012577668834
-0.03551517464438309
-0.04945649639680288
-0.0720786444239222
-0.03513072974809643
-0.02084652993177325
-0.002804959519864154
0.04418467057286849
0.05769394061228675
0.0144617159340223
-0.02234740788039877
-0.009619013581286636
-0.03899696808796043
0.1070249587325483
-0.00655653173741916
0.009968094540825912
-0.02689986012114374
0.02961069105363421
0.03503596978349076
-0.01852241449284531
-0.0086470831010046
-0.07531768199848188
0.004131757091396029
0.04833211022151999
0.01361562250885253
0.05656963088257982
-0.03678415811520717
-0.09750488323779735
0.003256299304086878
-0.04122121969639013
0.05402908929740048
0.02840769674072447
0.003755751712367734
0.09932657172419
-0.03782444972711516
-0.007207719156393703
0.0498726436464639
-0.08377677476791369
0.00788879222278499
-0.06166626076492612
0.01925152341434798
0.0476927404411536
0.00641717362584613
0.005611829817959327
-0.1423614780803321
-0.0493826979327945
-0.09365508782893191
-0.1320715058025488
0.04687363766501106
0.0718056475538278
-0.05641955608217147
0.06250764769518674
-0.01775005652363872
-0.01717339062536372
-0.02128744252171202
0.04133800173203904
0.1148772157303517
0.06673385151104705
0.1162055712386275
0.02002885624897548
0.03402268302397353
-0.03658622011145596
-0.1367993142942467
0.02280920223494904
0.08009104290606438
-0.02050408189592715
-0.06738654828764312
-0.01968888006952992
-0.005535048322959645
0.07390874562652516
-0.008701672572439288
-0.04844302077912162
-0.05737348848456134
0.0311374722757676
0.09554573224065589
0.03432541012818306
-0.00361718021277278
-0.001354313160353305
0.0304059865216406
0.09214828847350488
-0.009989029489809065
0.006641473018093107
-0.08434059932856888
0.0654287723583161
0.01433374706351371
0.07054658019544546
-0.002884490531986479
-0.06051806244714183
0.002419889728715159
-0.0003159289578944444
0.006569477896885344
-0.02509142197900732
-0.0921562775659209
-0.05832576709985837
-0.02694964501931772
0.1345940466051637
0.03286610058998601
-0.06371797791056023
0.01491840054071189
0.1321102502099307
0.05341637488821888
0.01007044507060924
-0.04420416327960107
0.1255141058532149
-0.04251067135912778
0.1010337977759181
-0.04710261582156992
-0.02979107297876601
-0.07676351712017701
-0.04362483218360049
0.02553024961620782
-0.105677948361636
0.01492752375040064
0.05988888053516735
-0.08946746313174053
-0.06510265753311203
-0.02445911023353022
-0.07079961860156953
0.02487738141271468
-0.009128614806067291
-0.08054554174794366
-0.07934598918780761
0.02407948143940823
-0.04015792530425954
-0.01634070046238783
-0.05395426695371614
0.02118643025017434
-0.02060574309298704
-0.01177522885286747
0.01198219797894113
0.08488168553546174
-0.137448010926513
0.009159669507534638
0.1241219725164858
-0.08169308896482963
0.1003006740718203
0.01483189755441844
0.006811827509642666
-0.07497082757563506
-0.02185300689512727
0.02601332324659333
-0.06598543133409998
0.04246011130006787
-0.0003995269732476568
-0.08401345728525939
-0.01657654490808689
0.1048322527967106
-0.006612921838334007
-0.05830090141707037
-0.1566162023346842
-0.04761810886152054
0.07857534051843812
-0.06201585862329941
-0.1502312060788413
0.0110772502053061
0.01477892406527168
0.1045085565930346
0.05967341627538814
-0.02983348827524339
-0.08620626773289276
-0.001271215080758129
0.06122048498065074
0.08956922877402804
-0.08688964900572772
-0.005315737796470259
-0.01513586337905996
0.08082300546215816
-0.09819296531839967
-0.05683625955136842
0.004711660318093829
0.01261908707033733
0.01683683095855393
-0.008858773428942852
-0.0638698650791326
0.08674290282632707
-0.03033131437565403
0.003958724601743683
0.0170208249313803
0.07020907169382413
0.01091409089257115
0.02431849146185248
0.03825958126696802
-0.05318205566852297
-0.04328181445960308
0.107512883739628
0.06165973397012005
-0.06128513671585541
0.01189217070460881
-0.09868413084925851
0.01307599969147396
-0.06222193364113025
-0.04236289458964364
0.1073453064792787
-0.004278002069132557
-0.008095684189208537
-0.02922477802857659
0.0247468524650276
-0.01365276419312312
0.0906591071855172
0.03350839314068828
-0.08012081152350344
0.04636740871146684
0.07815453101162773
0.01629227288231499
-0.06413482276672522
-0.0116981077623211
-0.1404048362062737
0.04002763169041784
0.009340611910582955
0.003879855915257496
-0.01337502354644368
0.01311499189220318
-0.08866921420753851
0.02445616596274157
-0.0637647212548501
-0.04492201686736559
0.04856689179222833
-0.0673721523178776
0.06394841388532449
-0.007348121702937076
0.08506304330493517
0.1105608851561026
-0.08153291461357728
0.06262064328158673
-0.1558288223648172
-0.1004233700215536
0.05076642698450475
0.05873317094091678
0.002520346264419798
0.0145482741572928
0.0006139776180135656
0.02732559766660755
-0.07369243972238454
0.02175738814960829
-0.01710984097097302
0.08828174661514296
-0.02312192480787003
-0.02058384099330712
-0.06334618732793466
0.09173868764336264
0.03248142699499497
0.07013248962921866
0.08199437495353799
-0.06112245744803383
0.01500803050739302
0.06551788809297643
0.04756380928739633
0.04649358727594299
0.03898566482265007
-0.06971415554093907
0.003825590208945347
-0.005086703633621098
0.02598486027577971
0.03045565116917764
-0.01455207372475557
0.03192712449397568
0.1061993909900935
0.01604548073941396
-0.002080714955547961
0.009682130514223975
0.01711923452642784
-0.06006778417658378
-0.01924732576602326
-0.06302073662034027
0.1079549527136928
-0.06178217628448444
0.001461113366876647
-0.1318412843987012
0.1116344276021477
-0.02662887578853788
-0.002704009371476409
-0.0001775302686803371
-0.1267346976160621
0.0005188456055165436
0.08581276061245149
0.06262645710448686
-0.1358070225147492
-0.07946350628911333
0.006661842023375726
0.04920553156753752
0.09321820583202524
0.04956130636366304
-0.0631109383327086
-0.09252156017447896
0.07914798125436563
-0.05258836554158706
-0.07578054132347094
0.02944429732725302
0.05447710347193191
-0.01239206049033363
0.009799118527848698
-0.01111143209506673
-0.02614092383287891
-0.03009789033734606
-0.04743596761047159
0.09150263735192213
0.1431339990906029
0.08918584736678853
0.001194662956330812
0.1027246118631602
0.04754894233169723
0.051276781325455
-0.0843864723348971
0.01340206340626542
0.03731560615969613
0.004872342634431617
-0.1557056420763002
0.01944484787862719
0.07360718332312734
-0.06061268552175079
-0.01894526045512703
0.1444339420535622
-0.09436982176311476
0.08834606159487431
0.01563406455724971
-0.05541099593789137
-0.01853217805968757
-0.02141774887120436
0.09056818100181696
-0.1035196682845441
-0.03115053469024049
0.1327083908496369
-0.01543539183827242
0.009247076517987812
0.03270802348751629
-0.03381656007180322
0.01223093409463299
-0.07809340598067212
0.04051422859082086
0.0357133052544636
-0.06201490173319466
0.1483498100373145
0.03784791258737725
0.1075334739912691
-0.1011512609808101
0.01131108042131138
0.0731833991950662
-0.03414836822126967
-0.03415340452031611
0.07120444912976988
0.01757380147293126
0.02105186915003116
0.06371128782269453
0.05709799714348188
0.002123532088458398
-0.002750793462020572
0.01158164472513093
-0.09728154332469631
0.05362778148808708
0.0113640832286895
-0.05693095481475018
0.06112716016885058
0.005172103428579752
-0.08842126111438064
-0.06584639912368848
-0.1101777752519647
0.06213110103969829
0.002833156613258675
-0.005207677118902746
-0.06051439684654147
-0.01470739550035618
-0.106607003003639
-0.05841906718206689
-0.03844684231324019
0.07621642538745557
0.09607626444813097
-0.04530407763937636
0.0445958795092178
-0.06333779136912748
0.06766260734999797
-0.0001846386696158393
-0.0287824338652578
0.015833543062045
0.01012081697546105
-0.0006792124573424298
0.08815756535153145
-0.0120071364047105
0.05752230790280607
0.08253040415813867
0.07862757428703485
0.04160828849713197
0.1372897589950851
0.007442166996259277
-0.06218733456793889
0.01042703829305045
0.09169478725961208
-0.03198742302741209
-0.07253047602707167
0.05231475462767653
-0.07550225785305879
-0.05011140800371578
0.05363985076182797
0.09043843792831295
0.02662528221520521
0.09239007897073491
0.008766116087540967
-0.007859566430092189
-0.01003316247922112
0.03690250428112889
-0.02382432570915685
0.01474043529568597
-0.005184721740602196
0.03435356388081634
0.01417979708311854
-0.05529903709530494
0.06426721434080754
-0.05203680475034159
-0.05502025241686473
-0.01796123942532681
0.04188649484965064
-0.03814328681138401
-0.08487378612025571
-0.02896194310342385
0.08944797082851584
-0.07096361265143382
-0.08230661732194405
-0.0344324342553748
0.06834151092796117
-0.1773111309608554
-0.00724950516978938
-0.06444444669385954
-0.05881375182123642
-0.1599143059513846
0.009319553781532774
0.01464702414390417
0.01033006718137584
0.001385782877877106
0.009176111757368828
0.05287629222301578
-0.03591080356299207
-0.01581119840073136
-0.009974804863521716
0.140873252942281
0.005208984291347633
-0.1485069471587835
-0.02501548753410623
-0.1077680672741032
0.002943404677045638
-0.02304984019399232
-0.05162407364647339
0.02086280699381788
-0.03517865340696504
-0.08157981437167745
-0.1054213069463737
0.005371950700649868
0.1084518854931535
-0.01236639140092566
-0.006333437932322918
-0.04854286721707515
-0.08070205824164958
-0.005142802619772707
0.0200622415005418
0.08541737368321581
0.1929047860967209
0.005089050890565931
-0.05746080516391873
-0.01163957855415675
-0.00967581179205363
-0.01256510444615052
0.02574815715808096
-0.03557415065745872
0.0439053886247019
0.004684800187441232
0.07504971097481568
-0.01816697427423655
-0.04705101745190417
-0.114668807590221
-0.003428427012337969
0.07258594896457488
-0.04773320762571338
-0.04896447856785129
-0.01492128944041149
0.03109774651680539
0.0458548317197287
0.04717754009903367
0.01645442025368545
-0.07424615029030712
-0.09251117226428839
-0.06233313969767054
-0.07877607592871745
0.1321153472225964
-0.01315268469802686
0.09172129319591829
0.009683582860193789
-0.02911581055982622
0.04729883032847897
-0.002284994379633155
0.02735125529014031
0.02882167979987215
0.03478956901144076
0.0418923032642089
0.04556123390776018
-0.03582789125265599
0.009977527582330508
0.007106457072602667
0.02411035167795227
0.07536944691847525
-0.07940707490297483
0.08848143394242645
-0.03214699920393244
-0.0156363441806136
0.05577387609705611
0.08434015871897803
0.01309584438935855
0.09085194295172346
-0.03636707003000172
0.09342159810261041
0.01466881653776055
0.07242427629168996
0.01440471676920984
0.0280231420320271
-0.09323144205027496
-0.05508315817336996
-0.1000318898283329
-0.0655452101761872
-0.05615288622440845
-0.1467224869043797
-0.05783710845658961
0.05205477672827865
-0.01810862468372594
-0.1609738961535832
-0.1225921425005904
-0.03738399101213669
0.05989054670763219
-0.01460570420803666
-0.004730968652170514
-0.1061144212180244
0.01949441636373085
-0.1011633903435475
-0.005491690466886721
-0.03034119037923982
-0.03256458870875608
-0.01699655538504535
0.05189099017147145
0.009350123481726959
0.07535654695991467
-0.1030423454736948
0.04239621631426276
-0.07604717362968846
-0.02785318904308159
0.01450520697544606
-0.1231863809263609
0.03288340924722988
-0.05847985062128597
-0.04974339557663603
0.01954687451249804
0.1283433295043838
-0.06991177824577438
-0.03357374485072819
-0.1347651893656583
-0.0714993364722608
-0.1716535717285132
0.006386615400718304
0.03471955257082354
0.1168723570242333
-0.09533291401098536
-0.09704456537469865
-0.1038249814850027
0.04523986851834468
-0.04553733835904648
-0.03714094029411331
0.04136385938005437
-0.01172930108135455
-0.01170921676422233
-0.02011786713194389
-0.04915780410955656
0.0348953421418043
0.05061323059035923
0.05942329224730131
-0.1025588404298038
-0.01506485646856039
-0.03629099067255799
0.0621389708074269
0.07575994390066834
0.06975375950340817
0.01353378531115036
-0.07014874819885417
0.06958967257830535
0.02637880121973979
0.02230899025060731
0.02580663436179544
0.01405511367112463
-0.05409773873848296
-0.0633459643711476
0.1043867923434342
-0.001804661670083842
-0.05856129566951337
0.01013190800788777
-0.0480522414940829
-0.01418727038525279
-0.008686276096936653
-0.09084004829225974
0.03352516614952791
0.05107987592967343
-0.04011052639448361
0.04065748781302397
0.04093073754375436
-0.05712346116635844
0.01263077665835534
0.01626782263758504
0.1007105155019551
0.003173509962056099
-0.02456824926897721
-0.02066836921317103
-0.0151543468101775
0.09359813410375287
0.04997357176393108
-0.02351053827200253
0.04776733361789889
0.03959729180333858
-0.02381679707434294
0.04837370041684806
0.0986306214933709
0.05087799243646954
-0.02610720915628287
0.03507901756494837
0.01159336647612215
-0.02847450106634442
-0.03478431472414113
0.04239087998482415
0.01607069273544332
-0.1846377822785926
-0.03479232256425083
-0.07366236586733188
0.05342148748401833
0.08446965130046935
-0.1249127149030662
0.01279975243648872
-0.159175948788527
-0.02555054832435384
0.1483050904542984
0.04740259821815473
-0.04036295930826911
-0.03688321549440363
-0.03504401446570075
-0.1403555986123233
-0.04166813994886756
-0.05121372136906963
0.07319824693106607
-0.04425725612986307
-0.1371352543579744
0.004325198295739626
-0.04542876047112527
0.03909456140497975
-0.01104089896042044
-0.07742024382333346
-0.08667182382234259
0.04311689247820939
-0.024025968932935
0.01804074300013905
-0.03402350097558425
-0.03280699924261265
-0.040818609161963
0.0399246686071811
0.06454271724794536
0.02304843912456203
-0.01309773010329303
-0.06390277932974134
0.01982452700668555
-0.08854742588091731
0.04375669311326232
-0.002991784795388433
0.02653268805492336
-0.09147001987007446
-0.006363851716027137
-0.1093987558750118
0.09267562258307485
0.002615007766219736
-0.1112375043919303
-0.0240253209656754
-0.01680164216910131
0.04591795684300447
0.07110308108834174
0.04134945276788548
-0.02429245090316082
0.006074065761517398
0.0009126197782209945
-0.03916780752510175
-0.03109714356001256
-0.05275432783957466
-0.03907464865954522
-0.1340214115600152
-0.04343482865147273
-0.007022611705747103
-0.05101787435024484
-0.0341480628236182
0.0212836902560284
0.002125432258656829
-0.02663488084975371
-0.0173157010708067
0.08748316550055844
-0.1237793220182289
-0.05960658989499103
0.001840548786835015
-0.008575935654651423
-0.01449020151694511
0.04520249166080214
-0.03438382788575897
-0.07581443287370357
-0.01118999884118012
-0.04765809135193709
-0.02131045069799117
0.006356108394972484
0.1408631339218379
-0.04872546650268372
0.03589808083273516
0.01000704602846406
0.01687722416353583
0.06439280698685926
0.05391492858197809
-0.03373320061928987
0.04288292551335213
0.1071315807887554
-0.03013690887710991
0.06447289365100663
-0.02350127688367532
0.03789044909473752
-0.07101039862610402
0.00886550188275842
-0.01799389459164071
0.05465472763302658
0.1053126519946102
-0.004439371216509062
0.0554942154965495
0.0192839899054704
-0.0159385029489022
0.06633957768576604
-0.03461934804461315
-0.09389614528414136
0.03637669507382406
-0.004141313487236666
-0.1674827029009107
-0.02013607528576709
-0.08105553844356429
-0.0400631111420517
0.01041656709082008
0.07195561502997402
-0.04641330951071786
0.08824452604425388
0.08171415262930545
-0.07995528968718077
-0.008333662851012894
0.04204158279407019
0.004994160146473154
0.04556052075105225
-0.01118541890528995
-0.05725128173737131
0.04101206855192489
0.04150863341697546
-0.08335654534706409
0.00142771790101107
-0.08986963279464569
-0.04220535491245501
0.008365550885649747
-0.04064761091672907
0.03891655693048492
-0.01932889523688337
0.05690864586744835
-0.03018860871189186
0.008362818395532021
0.05181078179064424
-0.0693556327599648
0.05638535058843021
0.01327126906291598
0.1028080181978346
0.003977710396116427
-0.03588773158652171
0.01518497585944388
-0.04253075387426228
0.0512143907496313
-0.04844200601091431
-0.006277147511380709
0.02974576907048408
0.1449878968905564
0.03021841293216653
0.01336338621276825
-0.06221468768091143
-0.01669713028531462
0.03262981650993554
-0.02347390681238502
0.02669550482922269
-0.007491955132647596
0.02553792687955694
0.04066840325796173
0.005394111965932648
-0.04494151531446607
-0.01341000882197492
-0.008363915893929506
0.003903771820974841
0.006558985486532963
-0.04306591840676498
0.08005313404416069
0.08214377518858712
-0.04795609401785766
-0.02661611116415417
-0.08185135996197739
0.09394212335666058
-0.02059599961945972
-0.02191991357694972
-0.01873435516325928
0.02551756144049434
-0.07948981240790667
0.01274632761604155
0.03184387437030888
-0.05242466780834105
-0.07409383009734455
-0.03359005785797955
0.02721339692903537
0.06334321600236974
0.07395648980908677
-0.05805993117346947
0.1132247431109436
0.0157601609421153
0.04590179842760932
0.07958827852048829
-0.07543353414358744
0.04923515697590576
0.0301282227628455
0.09323699871208119
0.01452615893544371
-0.01487021253882447
0.01728596094213461
0.137471649480287
0.04102232054325084
0.0366359104901765
0.04651547401813699
-0.0233634944908295
0.03429925254888228
0.0685931854201095
-0.0190594728075624
-0.0556571222155008
-0.04018608122065614
-0.003969486476504972
0.01462915792215611
0.01022112033514689
-0.01370707000527478
-0.1120213544512776
-0.08395477802020862
-0.005242088387293148
0.03803374280213938
0.009215258393840138
0.01592310613708173
-0.04929039397650428
-0.1291691801067926
-0.04530059934257884
0.01966153463697831
-0.1093929243712158
0.0442877615487056
0.1058292438362868
0.05736005369266287
0.1041504562431826
-0.05899637695745164
-0.05113519915318183
-0.01623002531521072
0.04834475023032775
0.009159262487131899
-0.138456942256533
-0.02829808292378449
-0.03756368503574901
-0.05526412790175185
0.1080081746056928
0.06985445666694709
0.0196336055132555
-0.03854486029131297
-0.01464133070182377
-0.06050888276719166
-0.03335994407729662
-0.02405337280458923
-0.03025307524999734
0.0314578593188783
0.02143875188838085
-0.01575986737992505
-0.01451973576870081
0.02771364596110333
-0.1216017572817944
-0.07125925987314262
-0.06046080948672479
-0.03838454104266376
-0.01202231296559138
-0.02288535772447818
0.05167330409372373
0.003175960205844878
-0.09829312417032085
0.09034105876042584
-0.06545274040360016
-0.0825162162764683
-0.07740168212276244
-0.005312176693947509
0.02570287060928411
-0.04452478916916552
-0.03713251940537617
-0.05213805514150375
-0.0548999580263262
0.07144732683971272
0.07244311569888828
-0.04416101216964294
-0.01387242782844184
-0.09041485742220835
0.02088974316560615
-0.1040282044055739
-0.02058832999920736
0.09370439975855258
0.005728325289663746
0.0489056999187111
-0.06897156650129618
-0.001044860635268628
0.1048145895779965
0.006937365007503242
0.008331501832843737
-0.005760778178937387
0.01183678808569133
-0.006475588969609328
0.1338582570397767
0.04769310283188813
-0.02345297765594252
-0.03105567807323398
0.04992482905324048
0.03942326684951732
-0.1231606815478866
0.009348178550882706
0.1641536464299707
-0.1236817496547565
-0.04972306408605779
0.03726757115895445
-0.1168851172246728
-0.1026060376727947
-0.04131487205492124
0.08889568525333949
0.08281119943492134
0.0225444460062435
0.006731369733535126
-0.08235493118416985
-0.06818991599209452
-0.04467231206839099
-0.01644599193487538
0.05193578562360021
-0.01554940418547555
0.02687586217616263
0.01308991835946897
-0.03687769695100643
-0.01616300295446505
0.03436648230068502
-0.008031470750350116
0.02915097870354538
-0.02142812539709107
0.001199642113438336
0.07795209679341551
0.04003640510960927
0.07356257338303414
-0.02161316797467622
-0.01973424934052172
-0.07638160806738965
-0.07337369363762275
0.02523969409804415
0.1082273051154085
-0.003298587757897424
0.06093103296467455
-0.0636783299952913
0.02452940204536865
-0.09383162226130212
0.008563682088128619
0.00680823696214565
0.008579318023538465
0.0338881064452722
-0.0919061060518119
-0.1023493177949199
0.007740826212913509
-0.02960924348026609
-0.04314171359061603
0.06680370557567789
-0.07911803295008812
0.007275883976628657
-0.03441484422071258
-0.01549157676603949
-0.0372283632496427
-0.08348710017888485
-0.0871381138649491
0.001350079757619194
0.05624708928753556
0.07364154053744598
0.0399831513686245
-0.04903345087682855
-0.0776578987248811
0.01291264380944798
-0.0756941282068837
0.04175409776767254
0.03707223488041671
0.02103425422284415
-0.008545807535371406
-0.02708744106914878
0.04095236564794023
0.05401267731932866
-0.005781707946453624
-0.02881341057091653
-0.1557381810033599
-0.01202377784621332
0.06197034701358245
0.02563501163913275
0.06095400689712952
0.05576773624458441
-0.04237662029677298
0.04352576504051094
0.06178142612878081
-0.05372892583702391
0.00704708486852779
-0.03249791861636551
-0.05037759425123722
0.01775373735511781
0.06865891804451481
0.06537525928405624
-0.05410235008507445
0.01295694060338329
-0.04845560384569458
-0.03957849811370862
0.0824637492258315
0.03794386622700436
-0.003228949249952491
0.007240891319950608
-0.04866361335919536
0.03226101663888234
0.07766614464865443
-0.1471880696895411
0.03682123681123758
-0.09953261162714386
0.1127185376011244
0.07781640863893732
-0.005232519409196196
-0.04156627185805211
-0.01034303933096532
0.03718424226244567
0.10668989765338
-0.01227021038984738
-0.03693401088549954
-0.1213221076291947
0.02675548905377247
-0.03584279613732096
-0.05748291675097758
-0.004124832207166886
0.02757601468042383
-0.009298834868848051
0.1422432972192763
-0.03568954023466027
-0.02838634020581923
0.05189333710027792
0.05686879931404165
-0.01263140386474364
0.0559476160858926
0.03298645207993865
0.0862623489992155
-0.04013753523149991
0.004811983054510461
0.01178251335862297
0.1802843821746024
0.04748321180243382
0.01980851510600611
0.04619020872591957
0.1076179437049063
-0.2002082154115812
0.06281773881407643
-0.06622647210628804
0.1011191006948048
-0.05741753007261758
0.05307132467671982
0.04485196096773077
-0.01709916577986123
-0.06713267331659652
-0.02077405709027653
-0.01923321419325372
0.08440009925765964
0.04793935264510303
-0.04203635258198304
-0.052463723469008
-0.03308086939660863
-0.08577678566630065
0.04330163885387375
0.01770200030624563
0.01313557291220697
-0.05622740133492037
0.07314135168749136
0.05350821900923906
0.1106652713152325
0.1237136977461809
-0.05098273710126368
0.09151804862185517
-0.1207127367785409
0.04967537283381629
-0.09074589279335457
-0.1253836148107182
0.05555112466358587
0.08727306752039593
-0.006551927881515485
0.0160402404819584
-0.002893984554528002
-0.05490734802930432
0.03620937621274034
-0.07333603931107317
0.02478455825442162
0.0508167594185753
0.07881503227282735
0.006399650546901295
-0.04895374277923364
-0.006749326338491447
-0.122548800963718
-0.1038712715772039
0.03242454691546804
0.01885058542790864
-0.01549648484403736
-0.07454804280409413
-0.02456936400786053
-0.1256341751125539
0.04559714426318208
0.03011719914407558
-0.1499869177739746
-0.01451173131956864
-0.06896065845905218
0.01431591132829592
-0.0443144186591191
-0.0448029213024429
0.1220932816395963
0.04046294421757783
0.03695067857894015
-0.03375252088659278
-0.04590277810867798
0.08137046455087819
-0.1317344648416616
0.02538350152731532
-0.01841081247714102
-0.03275023918290755
0.07388045547005422
-0.04440792427295315
0.09975265720928282
-0.1322558365559429
-0.01259221786597874
0.1340062837105124
0.06750602698757904
-0.009622596206752279
-0.06752977991798918
-0.02392349687656979
-0.02598188817616632
0.01622419159223311
-0.08445118792741318
0.05909995432996964
-0.06425527906216771
-0.04768818184823846
0.008223448506405759
0.02805430183596691
0.0314651458831189
0.07509643455435352
-0.0514866078978265
-0.01015289025174215
-0.003030257282170219
-0.01720387309775969
-0.01991567304712537
-0.0803075485094026
0.009090621372120328
0.1155374914673124
0.04146816537458053
0.0721378480855473
-0.002510268818619397
0.07199745605690637
0.08857166364067284
0.03322635676452656
-0.04123234892878282
-0.0427727031670648
0.05847593263630779
0.1655598363130067
-0.001340360432520855
0.07553497303336926
0.01560863884870107
-0.06519664701276445
-0.008417639168542854
-0.04090739492938984
-0.055868573760502
-0.005483747904483579
-0.1373411041192621
-0.03857588362375935
0.06822930256700495
0.08956001376029241
0.08198143108614381
-0.06210537148242101
-0.01322702495924455
-0.1075148330233852
-0.06419387691483384
0.009851676906710776
0.01497987152053823
-0.07905856691262511
-0.01987923948768903
-0.002519837424144137
0.002399791767060275
0.04460140381682185
0.07838297716635652
0.02581361930246206
-0.01118477375333322
0.02853181937651628
-0.1134223449739461
0.01602448153517354
0.02501939770351592
0.004969091914575875
0.003607701470593763
-0.02438685013496744
0.06242184090938538
-0.05742054623333252
0.06607200952031497
0.01245128910530072
-0.002210324196713388
0.001251464868120028
0.121717003057564
0.09416589032815822
0.103740409055865
-0.1106082612383414
-0.05837605604355527
-0.08763435537122166
-0.03722972494465138
-0.008375321552568774
-0.03967183700168169
0.01249956412134634
0.001874230754038919
0.06194076581183804
-0.07201935214539357
0.01483856586515968
-0.1233820871089379
0.0659035271165952
-0.02675983338233717
-0.1144230706659005
-0.0234386966382611
0.02744088310478115
0.03082741755445639
0.0400834398063668
0.009640112719868019
0.02112376439659549
-0.02921665892117201
0.03667127621372905
-0.03576271345232051
0.04391773098704839
-0.02202359377249614
-0.156406271881725
-0.04266787137232442
-0.008293225828103885
-0.01766169332053103
0.06682210937821809
0.08090686663890914
-0.05211026559788387
-0.01692829950128519
0.02670684639599051
0.01569356489297162
0.02716515545185606
-0.03482829311031348
-0.1218023676281208
-0.1478746575618528
-0.1008510894571975
-0.1002948651312359
0.07451252822880465
0.03942695259763393
0.003110857101573029
-0.03595721192927922
0.03203825662647359
-0.0471225945690004
-0.04842828181707742
0.06005405950373396
0.0710144700911917
-0.06256479463112175
0.08307163220942072
0.04101394420994989
0.003945724047479643
-0.08276946764248702
0.02623242377821917
-0.0162736146085109
-0.04161558029077737
-0.07394271221157442
0.09687644060462164
-0.04388841545095575
-0.007277817372538714
-0.03325223608386512
0.005624177387315361
0.08883363716283257
-0.01720001799868472
0.08253545861528336
0.02151720519814997
0.1467859809619817
0.03485829539938837
-0.03423747539735837
-0.001441013345692597
0.02874769483443142
-0.03251326908414858
-0.044133390096683
0.02127969673851202
0.0573570797737758
0.01014866016838643
-0.08573651482610714
0.09083902851673635
0.07985128082331602
0.004732862156197448
-0.07819643950771493
0.02870250338156388
0.1139386778020487
-0.03075872392125857
-0.08356331047281465
-0.02408797774959578
-0.07907225487826439
-0.04111136847390227
0.07057989584612423
-0.03481381676065588
-0.01742439294744637
-0.03319818195566072
-0.04118060313155203
0.06490350163976599
0.004780175519190601
-0.09957656116683766
-0.04337523320715105
0.05932150305486529
-0.03355419237333395
-0.02794801114825658
0.05850210279688325
-0.0411498755128366
0.1568501414636142
-0.03780210829853412
0.04251045943413467
-0.02804879332434332
0.02105366369583129
-0.04221730108460985
-0.0625686767321853
-0.05783758217093825
-0.009517648792603462
0.1537172827862777
0.003817989198615734
0.07462632977050249
-0.07120723922780599
-0.002920912272766543
0.04680611822934566
-0.01644356415443017
0.01326459725241933
-0.1017557522478352
-0.05640003373213905
0.07849922930984486
-0.01559369576447897
-0.00665102034293414
-0.1460267330570446
-0.09025248803920191
0.04859739073091682
0.04308041582414775
-0.006461720111440306
-0.01927159728157304
-0.1062426069625586
-0.02549124207902994
0.05284133809171487
-0.03871240439274284
-0.01563087732651689
-0.0265082519636385
0.009591953681787835
-0.06642001542585513
-0.1189032166098642
-0.01937568898774889
0.007246002687418901
-0.02826481542982334
-0.07226231192130433
-0.1321155861870383
0.0781491215881191
0.02999894838735159
0.01212208416978137
0.0974403447480353
0.05062461139216956
0.04153787753146937
0.03991030512156181
0.0008112242696227748
-0.01929813516554905
-0.06715012815970181
0.0169103049293587
-0.06669416962137173
-0.1787904646298002
0.02129590915780811
0.03022432342741541
-0.03242831549559835
-0.02946396950875882
-0.04127235053098528
-0.02780373890862146
0.01219168309284593
0.05073958221230206
0.114105751149206
0.08816478143973108
0.1039002938401612
-0.05184431567279214
-0.03193960184429816
0.02576300425211749
-0.1128853758462195
-0.01589847432317633
-0.1165875998536711
-0.03389444753222586
-0.04799296785639608
0.05332857331766132
0.1792162283449983
0.009085515883034793
-0.001636976198597224
-0.1780908864911293
-0.01788011933618235
-0.04973884601561959
-0.1497585481390359
-0.08896563923814124
-0.02774820301782154
0.0811609313109886
0.06805153715347637
-0.06412409981560258
-0.0273679357348825
-0.05144875092965166
-0.02199164355326972
0.01750708060824941
0.03338019828648264
-0.05380504084007289
-0.02728846488578409
0.08728442026103653
-0.04202838037725133
-0.02609481236924954
0.0828815869712121
-0.009523749201238635
0.0566161909784802
0.08028646447211116
-0.1099826656069484
-0.004165849614913404
-0.0602300281925307
-0.002799069926669461
0.07396918235153424
0.110184554371392
-0.02064922035884923
-0.1490306963924506
0.07269459044108112
-0.06071109460671575
-0.09115124156739991
-0.04517712706691339
-0.07458296485334615
-0.03627407350017609
-0.02346763657305715
-0.0431055150448468
0.02803598580527119
-0.09149205927667722
0.03807971221961536
-0.0400832286329549
-0.05795608422630026
0.04440751890330202
0.04116767860460308
0.02770396076237689
-0.06509284191698028
-0.04706333664967659
-0.0694336671102762
0.01877440525503332
0.1103542201523686
-0.1065258316839845
0.00561023615586035
0.007096859875831037
-0.04103397064639844
0.09701862665830241
0.01907315080436927
0.1023184996931192
0.1137952543565184
0.03566583223240473
0.004365837128331995
-0.08720611654945457
0.1312937048012498
0.02833703636180447
-0.05616549871935368
-0.08031297539311198
0.06424794017149305
-0.005144027605041304
0.004472087533272492
-0.0675104855133032
0.005029384838513003
0.06575552124198233
0.07916647604082855
0.02686237080931325
-0.0847923287634854
0.06103581656467767
-0.03189051379355172
0.004332815131251628
-0.1251972812529306
0.001381144751807173
-0.07665506959578042
-0.0158305661706034
-0.06718610884047989
0.1079635926734932
-0.002446225632153739
0.03499637404261774
0.07040702772964964
0.0401378619608395
-0.02137323973186851
-0.05006261016950793
-0.0180713954655355
0.01345948662086194
-0.005349760464214148
-0.01841357010272051
-0.05761959716340138
-0.03195828312864936
0.1347986764790399
-0.06159678798226589
-0.0539924566296639
0.1130482369851697
-0.005004516984098626
-0.01773234403970425
-0.0306616221597708
0.02390601164622236
-0.0815343364159577
-0.1022400442457506
0.07043825308894816
0.01062191812441811
-0.06277704402543911
-0.01338326695344773
0.007337709606419052
0.09522651122038055
0.06220582637870316
-0.05713044932199779
-0.04863745584052218
-0.01448272867516807
-0.04294341672934263
-0.04639835643982022
-0.007918533945271818
-0.02013820327046673
-0.0266838611040569
-0.06808532219339193
0.06967339111846831
-0.08454827054326891
0.01514243432437763
-0.03161323888263044
0.1277794798999985
0.08064099211721917
-0.0375600260710178
0.0218353430580299
0.1051970346941021
-0.04769334496865598
0.04833636748261132
-0.1308004484678753
-0.08576647263132273
0.07867802582469845
-0.07473175904130325
0.1216225506406839
0.07367299319339517
0.02195112525322827
0.03061287065423048
0.05153242875787368
-0.08736278245881471
-0.07988797557747379
0.06010867215484516
-0.1182872142088804
-0.02379976538788059
-0.0131717995976722
-0.0930481250664304
-0.021891413457479
0.06483416285007988
0.04878639000597665
0.1291726182323246
0.05006193234075875
0.02108906422747772
0.1432691868329741
0.03795695798379647
-0.04614858287042705
-0.05114610675726975
0.01690087814694972
0.007585790157538092
0.0294501942622055
-0.04441312757872319
0.007747895379104502
0.005524238038623952
-0.06168535305564367
-0.02289821182740129
-0.07129990967129525
-0.04564704921788695
-0.1501415953055072
0.002914987889772278
-0.04432792557788512
-0.1136735382289562
0.01039378625644651
0.09392792074232151
0.04975656374654189
-0.03892477212281417
-0.01856511131662399
0.004706509303593525
-0.03377990481342481
0.02444425293188146
0.07532802125349028
-0.04633362332519139
0.06216581893032187
0.02990384840260862
-0.0006807175824746596
-0.01182927183393427
-0.07962555492459522
0.05047898262967559
0.0138930170216455
0.01522507977453708
-0.02814208741774945
-0.02998120148560984
-0.004381464451924298
-0.01932246219943033
0.01315577619392836
-0.05858879255225725
-0.02828792717833311
0.05262480947705953
-0.062044903379009
-0.04274651862184089
-0.1061813148179048
0.04341093404980029
-0.05120490980443372
0.04975409242059659
0.003257516894936138
-0.09497014842240975
-0.06745503927432651
-0.01336145004728275
-0.01351449672295851
0.001495938940775599
0.04903567376392357
0.02554654979456654
0.03080467857473905
-0.06465303934630014
-0.08087728710027106
0.1168654892422617
0.001861081101883141
0.01519517229216902
-0.2113406073616003
-0.1409129635757888
-0.06598865690381205
0.03370175969333535
0.06903418990847222
0.03904216095661624
0.004693685911641605
0.008959368029006921
-0.08956024040920393
-0.195524004397548
-0.007555720896704747
-0.08910848394349932
0.1169717893861355
0.09839203336866865
-0.002712815929798468
0.03702633194632053
0.02673346759164606
-0.03490250559856783
-0.1482398939864722
0.06637327868315034
0.05341354182304356
0.1188587692887868
-0.108638085498527
-0.04501909769080975
0.0402373848680723
0.0238092321575136
-0.08574184628769009
0.0325850269313144
0.03284853415744407
-0.02738269777011216
-0.09623609427642489
-0.04686406115450458
0.05746934414913164
0.01377171532629645
-0.05923437014982719
0.002738143268033229
0.09838013742081182
0.01909918348737126
0.0241345641753116
0.04588282263669457
0.08856308383336312
0.007680700854454187
-0.1091262889459303
-0.1011666264615719
0.01922397710797792
0.06371102732259112
-0.05533844161064442
0.05508980026558504
0.02520638202175562
-0.002049387860644267
-0.138568229802781
0.07238216046835511
-0.008545597814928994
-0.01008461543409456
0.06255272173690142
0.006318546165221227
-0.05702541042669804
0.02355009435977535
0.001843621919598732
-0.03629008433167462
0.007359515924496674
0.01416511790440877
0.01607815687792861
-0.03766209751054277
0.02848331124425356
-0.08207815250020994
-0.03825610876257396
-0.09560208179480846
0.0424983157203016
0.002802638264935639
0.002597805868078812
-0.00258682013115585
0.02960718295347111
-0.01340675756797209
-0.03970748799561315
0.04945955384103359
0.0146272648726039
0.003831329030869329
-0.05012129330300755
0.01706808268818118
0.01563958329871879
-0.0521250426674137
-0.04932625597770707
-0.06412274382313098
0.02216891899305872
0.05867597162369466
-0.03923914786732524
-0.04441570243770121
-0.01029314497730213
0.06196935432727656
-0.04943151991662999
-0.1126229519230532
0.02986425991708182
-0.04099815947127975
-0.01346336733775198
0.05812027874290349
-0.01175905428680974
0.02872078278636035
-0.0728055967874419
0.04318483664927293
-0.08912678736801427
-0.0884333991633432
-0.09059670967512146
-0.05832189815676314
-0.0384067598034706
-0.04557311795976263
0.07667575082443367
-0.02142627435851465
-0.07708873964943994
-0.131820273761871
-0.08284509010960803
-0.02822038275727926
-0.0551589330150322
0.01223681697933952
0.08992775578753193
-0.1068528554450399
-0.02696252988357057
0.03837403893254253
-0.05587220428760289
0.01769529448657721
-0.02062580991314526
0.009378877127430102
-0.1509209691451391
-0.01370640893039485
-0.0544160582122841
-0.01582870754933505
0.06351491211943794
0.09458573643613576
0.02347389106202641
-0.04482640803792777
0.009925382119296779
-0.07908861166119931
0.00337686277640889
0.03658807884609953
-0.0001537522919407633
8.568329716831732e-05
0.04844794176217471
-0.01965647329998066
0.07116264763340105
-0.06541847163374906
0.03942168496134688
0.04969241246244663
0.03587172895813616
-0.006250645433862058
-0.002507903498136725
0.01922134951664395
-0.01537627133487926
0.08490231411994363
0.0122831091153468
0.04806236568743977
-0.05927717912607963
-0.04774857213212723
-0.06124035912473933
0.1011938407154734
0.00340349530224264
-0.1216504108527148
-0.01040422496341913
-0.03180970953618289
-0.03421450623620821
0.05713304319231705
-0.08983996995436183
0.05841057183247612
0.009442654928934233
0.09164780527002959
-0.0453566293937564
0.03917372626863869
-0.09702444015085702
-0.1526977616564058
-0.007879583021910497
-0.006549333644229181
-0.02088473260592375
-0.01892598288297036
0.05363240294509621
0.1106625996837362
0.0374568561153928
-0.08466244590399408
0.02981487861048005
0.02096964087590317
0.03173626740626895
0.1046766305662441
0.06452330576518162
0.06769748862113159
-0.04501673378975517
0.05144263515796634
-0.1501274692137183
0.09845945179475539
0.03150283848427994
-0.005453184600151692
-0.08328092124490333
0.06808958683167443
0.05601379775127044
-0.06316587007514259
-0.05036913515871513
-0.04850440813943992
-0.06482282908375264
-0.05486870579944202
-0.03372929381940237
-0.07758851868319182
-0.0770240606008524
0.02653948947741106
0.1148793193900979
0.04440056611654405
-0.04843825741189285
0.02520751290898672
0.002130720584845723
-0.03811884220111542
0.04407424718858127
-0.06642827001901874
0.06817269760116165
-0.01167893887560774
0.07687035312543335
-0.06347788988696978
-0.08528468751788552
0.03061191204509672
-0.01083173694623263
-0.0470584876151833
-0.03002008326493682
0.08346026040431304
-0.02802505178015706
0.02786808239664548
-0.01894010209148546
0.04660559470315904
-0.03561432065649173
0.04443047909923477
-0.05979158381019616
-0.02305859415226142
0.0364776796487544
-0.08247351277802359
-0.08789065607820581
-0.07544003658363246
0.14931028984661
0.03891689271546703
-0.1706006571653319
0.03684215019432154
-0.173318752432073
-0.09220190841752381
0.01818373980730463
0.03704661921047593
0.005146506142912184
-0.05308759003190752
0.01647097961926283
-0.04211666871182396
-0.00656039864968552
0.04073549237124923
0.02954263273762234
-0.08860043733668282
0.0707704323731302
-0.05294859985393365
-0.007103471983293249
0.01734498718356276
0.03540984815478854
0.1106179495704947
0.04881998249807876
0.05904975827036749
0.07110116839258057
-0.07604582615813106
-0.04809344161852191
0.07081872330972995
-0.1244941379225743
-0.01955856017985923
-0.03926759003580513
0.105377962118624
-0.05618348028723344
0.007999849097979742
-0.08969363316709993
-0.04351612655209331
-0.04136037971735379
-0.06533522873872798
0.06367618949359591
0.06995434407415088
-0.08107947488793595
-0.0457510167311533
0.05085329307525807
-0.05557175914205785
-0.03363341459500691
-0.007602268057249631
-0.0178773309047434
0.1333019515139134
-0.00906941957089713
0.05037626689347491
-0.04533820457416694
-0.0169113637828958
0.04784548258366217
0.05573708692436058
0.01102491421455426
-0.009904566813797328
0.03673113684538781
0.01334751260354585
0.06320395239584251
-0.1190754964959972
-0.08490566322122485
0.1093277376049083
0.01790828883473687
0.05441850580454463
0.07108622685816963
0.01469951269742208
0.07220734653983954
0.08159632587939862
0.06611349729753202
-0.005965865505316035
-0.1187890316753135
-0.1011894012829801
-0.02919280416383147
-0.01280483406974642
0.002751003048039906
-0.02732442248769537
0.1370941499493341
-0.09362392089217066
0.1798444660379624
0.05208938550793907
-0.003174527603202276
-0.007720586699197514
0.04421355199348628
-0.06198305843444932
-0.03563794925801702
-0.06753547608502049
0.02212048613525919
-0.02078631734511923
0.0184770964553167
-0.05435717912928436
0.1325729188999595
0.1013827735526073
0.04797464085430792
-0.04826292837117324
-0.01455375994193717
0.03674013954783255
-0.00604684986946092
0.03200175214558593
0.02040814441120559
0.0366942145875955
0.02484675894202699
0.0873715225251267
-0.0675332069022887
0.08837397028121899
-0.06280449124802764
-0.01506640023202383
0.03831373171998227
0.06190830364497159
-0.001077612608077001
0.08406982234868665
0.1200270378042384
-0.06550327921549008
-0.06869844760314282
0.05901188426413936
-0.008717642370737314
0.0539543279693076
0.04705612410321914
-0.06509737804560435
-0.03708168594650558
-0.1154259912355746
-0.06028836594677719
-0.08817007604193469
-0.04137703968358279
0.190366253428693
0.1045137902073437
-0.02307828891462613
0.1572939509869449
-0.09219205826696467
0.08554830445924153
0.06453420041716755
-0.1044371240753178
0.1464881577376286
0.0792675669228922
0.03626941864046332
-0.003007473974104433
0.02003753102308077
-0.01340185470220867
-0.032174496437645
-0.1272031340742933
0.03417998755686456
-0.1200050226797966
0.1442335428394701
0.02816789034299851
-0.03377589430660504
-0.00594803563886389
-0.02020019601813424
-0.0360541643975722
0.03163172802109025
0.0738500267892065
0.03062416574871114
0.04559974087935947
-0.04810857939945359
0.06873084918320299
-0.08944271920306833
-0.01203534297285882
0.0008523401302242342
0.06354905938404694
0.08201441854040541
0.03801994697441483
0.06046971656081084
-0.05808088890926989
0.1465005516637996
0.004687143958267033
0.04141319463845964
0.009923357490981527
-0.00939046396325512
0.06406464595197782
-0.06528562818427595
0.0008271384627573323
-0.003995813842650818
0.04918155525503622
0.1121121885737532
-0.04668530001116053
0.00973606485630589
-0.02143562510610627
-0.01482361329595373
0.08499664299136721
0.01537625722908291
0.06608446576610003
-0.01975507054956638
0.06276202882977076
-0.03132450320635734
0.02796452702035036
-0.08236196474198199
-0.07837929592739493
0.1298550201866975
-0.1136276042098251
-0.03938434619125079
-0.09077647425584234
0.02730791841802871
0.0930856355720118
-0.01044292679699042
-0.08109151213719198
-0.04177183102408658
0.04884424315024172
0.04652513551451559
0.04575671829283127
-0.01931484262175617
-0.01163710204707395
0.0152838485530784
0.05379489377739066
-0.06415509084024512
-0.07344092363178699
-0.03093171113825442
0.102193215010052
-0.03542799395937633
-0.09949488041270869
-0.05259576693026594
-0.006718103012100431
-0.03593256785559923
-0.04028118088853873
0.003912319573054667
0.05816288210908982
-0.03870210355362706
-0.01730873206249658
0.07580621299540233
0.1114361527229082
-0.06091937204583241
0.1048283033277309
-0.004384323955597961
0.04796416347664424
0.02265283879760207
0.02282789721352187
-0.04758783045115073
0.02583050998310117
0.08778717506143791
-0.05789822882701252
-0.001734813707113193
0.0763563613694402
-0.101120202997675
0.05127934275768492
-0.02752603078490264
0.106428802578882
-0.09156554656346011
-0.0914729468159646
0.01308431013200609
-0.000414437005555747
-0.05833668333345506
-0.008101672527813696
0.03687697157412628
0.05044961563879809
0.01727376402151424
0.03634109835238954
0.05066105998089152
0.07766024821353126
0.09403489085488184
0.06046843650230806
-0.01666697212441608
-0.05389109378324983
-0.121651593088322
0.01624206996134213
-0.008015193310241923
-0.06041446703443792
-0.04661123174603877
0.03715005386995594
-0.0699597327565893
-0.00708815742278035
-0.03285961946799635
-0.03299378634089774
-0.08124888672851391
-0.0375215979974495
0.07685603053543295
-0.009222840939119768
0.02141563943214906
-0.0441215110378019
-0.008044592120418949
0.03629106452368791
-0.0008056478853386076
0.09437139532056252
0.0448816536539187
0.05430546159240174
0.1332724435711671
-0.00988092183252268
0.05794185983555086
0.004997880151117788
-0.06306417243556008
0.211992064802442
0.05005725804933328
0.04360583508185514
-0.0432789387347129
0.07568375756313206
-0.01640704652580757
0.08619277786868781
0.0691287791653654
0.01820447285642336
0.04948454125816619
0.0407270289378799
0.1573056162910708
-0.01958561960736065
0.0662361638282452
0.02756810311476403
0.01264191070871733
0.08162741688911983
0.003567365764441376
-0.06930612658716755
-0.009045575365050292
0.08067018664373329
-0.05268350133129945
-0.09959677624138519
-0.006835022271233338
-0.01421339903284134
-0.0002738076654913019
-0.03001683948600492
-0.02085486818486689
0.02766387907953173
-0.02110043271831515
0.1512840534371718
0.05392517585711816
-0.03755794648831745
0.02433879706000055
0.01570503238666578
-0.000154683367758094
0.07141923701682175
0.03976757754956563
0.07174339630111179
-0.002511670630975148
-0.08372171011036493
-0.08199744274960565
0.08178127633457243
0.03434568255649136
-0.02070189407011336
0.003258005319965
-0.03284056747355116
-0.03058503884775529
-0.09168406170911034
-0.01745116418803515
0.01027914044258871
-0.0001181758785160289
0.03077696744874997
-0.1253082069578245
-0.01156417995606015
-0.0996262069219223
0.04018096455760831
-0.006624659086954171
-0.1414629061668276
0.02545362869892428
-0.07871078286407618
-0.001031120347462763
0.06951041221590482
0.1091052018173445
-0.08924215428943166
0.06041060839209062
-0.01122900637454594
-0.047713819227761
0.1471523586560853
0.01587677808441282
-0.07067473855244945
0.01086060763497197
-0.003098395206741385
0.05823585386309761
-0.02308097754161334
-0.04052783715270197
-0.03592611949332357
0.03568126114214686
-0.1639414999996491
-0.04207605463346421
-0.03153831664962669
0.01194218123215172
0.09339932872448289
0.01739440785192524
-0.06187077811598495
0.05024574749336951
0.1338584098926264
0.02335643572516606
0.01668333554427121
-0.07806782982772803
0.003746927683787295
-0.04280258886031821
-0.0562091020925632
-0.08902083868610371
-0.01042525893819944
0.002517632659781305
-0.03067740370499284
-0.02355569473037489
-0.01711847353683289
0.01297666480930098
0.09690919210854282
-0.07426714337205784
0.108065154305125
-0.05441010137585324
0.05218045227866725
0.05437634890275883
0.02998293057161648
-0.02554414496478873
0.01048039104971781
-0.01976262966238804
-0.06232641526567657
-0.007283584236084044
0.02542225831514883
0.0836279019929721
0.04747678724081619
0.1536890223849132
-0.06919265102267524
-0.07667224044355686
-0.05288780590114877
-0.01440994283348972
0.04214075794637642
0.06199652461036902
-0.005268881625114116
0.04229262932717789
0.04715974112567278
0.1093112720842984
0.03080143177954381
-0.01462369992855505
0.01533673144151371
0.123990034094549
0.03101666842685303
-0.02078278946737982
0.03050917461130834
-0.04580863839759421
0.07007479869930629
-0.08410437329980272
0.01310516704687738
0.02013218830451181
0.02883833408423093
0.1132026766051113
-0.03145426896709454
0.06685329217894383
0.0134380699061238
-0.04217579447254261
0.07139786018820661
-0.03886918816573411
-0.1438386512358357
-0.03047873850640737
0.03791456961413518
-0.03523840061170489
-0.1598949458829086
-0.02427643268257365
-0.1116017967991218
0.07201312272842175
-0.05308419579288375
0.0287523159409536
0.03651306591530695
0.001244274645177547
0.03995297541305291
0.03365778816969579
0.07398876211654015
-0.07966075192171848
0.08315585870839796
0.05068600747256961
0.09072403433689104
0.07680982228767097
-0.07500741678931946
0.03993685047509292
-0.1622714542733183
0.07342696717285356
-0.0817389005454698
-0.04454127353446935
0.0241798713612631
-0.1211531017076049
-0.02471315924977913
-0.02693727194736693
-0.01823507326079191
-0.05828978745693759
0.06838732229354588
0.07091868723299692
0.04881147753074604
0.03788897169659623
0.0314832222829845
-0.03375162621920293
-0.07373597882518775
-0.0002576247949147084
0.06387150890276809
0.0844954685367951
0.05991837130320155
0.1030158082510924
0.08226770728365082
-0.07136447080498305
0.04284038348055566
0.003582420366780876
0.07928781183136682
-0.02851858640225644
0.02301862149027087
-0.06680647561841026
-0.02662573952007078
-0.1086048458107259
0.1207241251677018
0.08696916129381449
-0.03067988326519185
-0.1069054054346037
0.09133126121022726
0.07626147836894701
0.07678571217240185
0.04564344234243656
0.08466408363230249
0.02420672223770473
-0.0112597464105519
-0.06403438960385388
0.01517730372835342
-0.06924081878252356
-0.03101634159848941
-0.01990649441665092
-0.03223237493314347
0.03764038781614083
-0.05370390904402882
-0.02466928781488855
0.0428697967370988
-0.03662102198973882
0.0477458525551229
0.0268157408695249
0.1361412387069483
-0.009691860608527648
-0.1395922931830496
-0.07606760244985541
0.009368473827089111
-0.05995009948452221
0.056018049738445
-0.01794034909228355
0.1231447270629226
-0.04105998146001449
-0.01432319282638476
0.02868157392079036
0.03402436336122729
0.005811178165880081
-0.08350994519019389
-0.01195620997523625
-0.1053487185662674
0.1549706786766806
0.04820410979219227
-0.07229892393154125
0.01578748296818672
-0.02641054872847598
-0.1053615739034068
-0.04850828334966924
-0.03418521307374605
-0.02853643937326377
0.05306547203925538
0.0523537703967339
-0.04997017593891022
-0.02614020298533752
0.05316135229227802
-0.06451096638535919
0.04380307521440599
-0.02115024288289452
-0.04058319771758924
0.131036810029559
0.08351406659856608
0.02043893334722242
0.04113435720231289
0.0181692666976306
0.09766349903715371
-0.04921841147880826
-0.1260173708448631
-0.01168430789806442
0.09638433491118939
0.001039502561516411
-0.01923757466490589
-0.03104202309997388
0.005257927519507002
0.08721858692850364
0.04888629937668958
0.09232538552365999
0.02367834879081883
-0.002392561266145725
0.01672364934619638
0.02413729150118384
-0.06231669361753792
-0.1475271959238877
-0.08445729967801455
0.01525182278678495
-0.03341997181813219
0.04085043789139677
-0.008772394525946088
-0.07192465860235911
0.1882292520438879
0.009331438001606324
-0.07116465635398735
-0.006400377397589464
-0.0006471203263492473
-0.03900401168671837
0.006282459350506635
0.0005568511202327583
0.03729249523438069
0.0519651263015116
0.03651539198840266
0.01546145203956636
0.106878888222912
-0.005472444484356159
0.004002880508771706
-0.02353330644223026
0.04100665172654171
0.07585945626529129
0.07152468964008712
0.03419781108788067
-0.01676705854934754
0.006278931298395803
0.009035979332490028
0.03109296972342556
0.02109277735217381
-0.008043478688485341
0.01187114167953459
-0.02861965018793303
0.07507380135195485
0.03782311282852892
-0.01594763183958612
-0.06783711522468361
-0.0548817507350306
0.1398735509239428
-0.08747176191148787
-0.08896941427029598
0.05686823427672225
0.07799534306437376
-0.05206193953060225
0.01011753605929681
-0.09601119531396457
-0.04389812414568919
-0.002788826923614113
-0.01405278363902007
-0.0643380355454308
0.05447877496465633
0.04006112307731313
-0.03429157520749992
0.05620654208366611
-0.1296329276865508
0.0263969485499824
0.02703853833266072
-0.006106327910213136
-0.02007339219850356
0.03232712521055029
-0.04910268970101232
-0.009632986373377742
-0.02013795652779257
0.006664122586392221
-0.04567419369941812
0.02942101181210089
0.0362080739180077
0.04798638827274634
0.04244955598616792
-0.0236696146282608
0.07545447869007645
0.07107568486885077
-0.05720905817831091
-0.02264890718031012
0.04462097931444275
0.01526039908288522
-0.02125987483067482
0.03200280476492066
0.01393065005949938
-0.2023747340476084
-0.00928938584155734
0.01148873885373283
-0.006260576402045873
-0.02102846654717669
-0.06392750157172468
0.05593985685678307
0.03717621085411034
-0.03329109280270739
0.03035012826406269
0.0136626056102635
0.05028970181583464
-0.09629276940263179
0.01471131579525662
0.04222567790866506
-0.0635901326524525
0.01893161522996236
-0.009378848488815272
0.00619431481257387
0.03403360036000513
0.02486838003378967
0.03671993454170857
-0.03137409305475962
0.01934401843185184
-0.04492234198052189
0.06393827154712282
-0.1307880520024199
0.1246594573850935
0.06659876676193578
-0.02946019191673407
-0.01111385843246422
-0.006462829241407606
-0.108272481304363
-0.01177600591266863
-0.01869278786000727
-0.007179026128029797
-0.05580651233560492
0.03500760250058215
-0.06833239512159843
0.05506955737904462
0.09887422623574044
0.0579013799318932
-0.1387948628963581
0.03397533648205669
0.01441667405060991
-0.08453661171112424
-0.02759885151897222
-0.03289250233589017
0.05133151317075013
0.09776900798495486
-0.04075941331536981
-0.001832564254277993
-0.06568839777384086
0.07609033873592494
0.04379916430110846
0.02568594263835452
0.1339851378857397
-0.02934104971628874
0.0756037196021053
-0.01250507511770232
0.04040619849429632
0.02212811289049998
0.01408828273233396
-0.02220454058417978
-0.04720136888515378
0.01553036189724576
0.03965755601666045
-0.06797733840505542
-0.05284275905747329
-0.1382574796697061
-0.1062739266985142
-0.02931300507748762
0.1033969538372115
-0.01300402879907582
0.05606635461609066
0.1250356816844057
0.07610357835741359
-0.02641758726809025
0.05313280854024143
0.05760621405066312
-0.007732148361580329
-0.0547804100952899
-0.07436595424497666
0.08745741582142583
-0.1599555263753935
-0.03821639137799715
-0.03242350985548377
-0.03357693094964477
-0.03895242844152097
-0.01273908784817878
-0.01811576472111463
-0.1083806094709983
0.01825205851564453
-0.01878764433455964
0.06104689405508394
0.008666657605094191
-0.05175657960937138
0.003386323421663003
0.06520113638283773
-0.04236525066731769
-0.06461615799483959
-0.01421181095668043
0.05335052083743665
-0.08188174155541443
0.000274609838574056
-0.008891484085746595
0.05267871029224396
0.005249343380397384
-0.02080460428657992
-0.07827262760907704
0.1186228173152708
-0.01145200836969641
-0.02653809062909437
-0.1144713248744201
-0.1074787503059286
0.05564395384919411
0.05611674540003801
-0.08799977929313932
0.1092023814357702
0.07845871989000201
0.06493636857008421
0.05258752248807538
0.06417514245420949
-0.0586012137294891
0.002309247193140051
0.0373365654157768
0.1872138582213039
0.08913584528462615
-0.09484419081817022
0.05554654932594029
0.04386277685837785
0.01051051030660721
0.01560495452489318
0.08780096506421298
0.01834690834800162
-0.06314576068395364
-0.01326219210410549
0.02450034340292399
-0.0258968875365005
-0.05493459292472902
0.03428424147568534
0.08638726191886606
0.0114286874157473
0.07207220314295343
-0.05737365860392814
0.08272935524828501
-0.01791398560209771
-0.1539221918065121
0.1042871650031658
-0.06674412664245896
0.1120188529420546
-0.1036952097966096
-0.06804804210286432
0.02561588803614016
0.07140454638853491
-0.06936941180318146
0.1506435573798804
0.01493881238451214
-0.03660898556354676
-0.03531648677408323
-0.05170360629364354
-0.04897712466981795
-0.02951057361401686
-0.0536938615742504
0.02084166483469193
-0.1243568790722661
0.009550861578891193
0.04596020329850137
0.05270046479787103
0.02367809295275335
-0.05180900972227342
0.01417221681398516
-0.01942805295026446
0.07963171688192724
-0.01609875977851637
-0.04201990250610205
0.04181638887993263
0.02695235917283035
0.06243358511588266
-0.09201946389519694
0.06855341548942165
-0.04268271502321191
0.0250807066373166
-0.03661757767428488
-0.005448107524325771
-0.06387261977451422
-0.09470637492945407
-0.04156106774501529
-0.01497676695116078
-0.009596347010438093
-0.03705572285609973
-0.01117127992554383
0.01341454095289691
-0.04261352404659848
0.05220216812592784
0.003774983800750226
-0.08225315755001236
-0.009479961756061684
0.06974790956104246
-0.06821228183913365
-0.01343615190924423
0.04770703748268156
-0.103099755477542
-0.01400292882349927
0.1059850596965819
-0.04679643126638126
-0.008799465851133058
-0.0403789491860238
-0.02269713178870391
-0.002631069804105698
0.05405479745149147
0.09110402690300295
-0.0858736158345224
-0.01392453277096292
-0.1253590916488339
0.05377185262424521
0.07616188109435787
-0.1205888240759668
0.02419679597763251
-0.1092714449875706
-0.07897505348050451
-0.1071714547637608
-0.08666976328424882
0.0263002662800797
-0.08871467432909028
0.05286080934689642
0.01373435299807793
-0.05662524225522278
0.0599985271043721
-0.01351065058096532
-0.05673005461231284
-0.07056532678302857
0.04954767504739192
0.03863183028660914
-0.05832841588051998
-0.01241051094619769
0.03851481303289545
0.03846733528830019
-0.05272596186604017
-0.1020156197898352
0.007148210912225374
0.1386268140997868
0.01961629359325196
-0.01758055714303607
-0.1019108596681464
-0.003419017883828358
0.0155339220595715
0.01418077271756701
-0.1817959508243882
-0.06645996740706166
-0.08198382910095421
-0.01759875917691992
-0.049526585614489
0.02112400261037357
-0.05386349540773773
0.03285035252881671
-0.05140043150021178
0.06346180872183363
0.05887435611953318
0.1014652713075209
0.06805776989473472
0.0492889195118614
-0.08908579063160781
0.08455306546205524
-0.07566161554068623
-0.01777954885474121
-0.002120143702652715
-0.06234429292111178
0.06665574312892529
-0.003062731878031513
-0.06793561607534578
0.03490499775431326
0.03869282301826844
-0.0124719943302451
-0.1229160198138305
0.0551577573679502
-0.01636307928818748
-0.1400398557916564
-0.1290288400608348
0.05911482352027589
0.002089862474285081
0.04769152038630509
-0.01220157331227697
-0.01011083825877052
0.04210822737108587
-0.07443469041633832
-0.002135671726870254
-0.01078633026967224
-0.05257593075924701
-0.05255482285432654
0.05458530741865351
0.1496897314829635
-0.02755494410503699
-0.05393437210656379
0.05611183490888536
0.02079400938850232
0.09654652678549941
0.04007678310499332
0.002390883951478517
0.1340699057622429
-0.01392467427899446
0.04002286956740748
-0.01605945191116829
0.02801066622649292
-0.03019438020494756
-0.02314621402366074
0.1233418921864676
0.006558779444219552
-0.01002720111382815
-0.02539886266000872
0.1217965453199012
0.07622691650586011
-0.111435814442205
-0.04089366129908266
-0.008737476888177172
0.01026615640492819
-0.1091725914998178
-0.02757009436482993
0.09411092012518774
0.07431778319096029
-0.09237961040556206
-0.04749083584879969
-0.007884252300786498
-0.03477517923446588
-0.03885814286162452
0.0187586795026954
0.03813348893521079
0.005638152229545961
-0.1103264750870995
-0.0688182027640984
-0.009205149412808401
-0.005630868019560495
0.08571561354869578
0.09451697135225662
-0.0210509485172369
0.0500935685162452
-0.0009232622495523243
0.01677036253806653
-0.05807214588606629
0.0322808382989847
0.04278036897612721
0.04155041858566524
-0.05995542776663587
-0.05789279222338999
0.0822144678671704
-0.02473335267828405
0.01281261051887713
0.03188738690340713
-0.008159511444403217
0.003739734088251338
0.01297281652090537
-0.006512446040203321
0.07574803897417703
-0.008322708050040505
0.001543541797618404
-0.07107930197526886
-0.1596525200700702
-0.04482012045592253
0.08188305071143519
0.04297738957671048
0.04122813653471018
-0.0817518326789563
-0.09337688467960639
0.08718052781690641
-0.02218859831360233
0.05926464089195178
0.02676213346552339
-0.05080866907632992
-0.1723972002372573
0.04240823986138829
-0.003887389619984041
0.02682814691542551
-0.02941182841907347
-0.01577855837567943
0.04803355310142054
0.01836174311045122
0.1410048844116053
-0.01025698011211228
0.001129604749869721
-0.1876128443904255
-0.02005474861885106
0.05005342693976345
0.01781433244438402
-0.0462566260235445
-0.003275160393286339
-0.0260787635944179
0.02395205145135086
-0.0251392450602707
0.004004838985058445
0.03452237268646877
0.03223955165465528
0.06255125845915514
-0.01967780724230071
-0.06699603911701982
0.09350120451760878
0.07805404726669055
0.1242705415274152
0.05915580030257725
0.07189594598391952
-0.08000841921074464
0.0199751059533105
-0.01036796276426906
0.1840288382191619
-0.1525461438133804
0.06872576887024726
0.01187915148419321
-0.02915962194232687
-0.02659482892433159
-0.06959435710904188
-0.009665968104747935
0.02719265841435454
-0.005768456830299945
-0.07960450970676933
-0.1132228307708253
-0.02927945308992998
-0.09582661826722405
-0.0364180364820031
0.03227958395961542
0.02038499622454382
0.03652059792777813
-0.01947229376967086
0.05913728877748483
-0.06550593576896137
-0.02066268451280865
0.1229112481465852
0.05852198019842726
0.0192247642830936
0.004166545818747713
0.08578054998200507
0.07475708903257311
-0.04988180945712538
-0.05257049525398019
-0.01394413342600567
0.1413171265631583
-0.04199756404749558
-0.05903774160973926
0.07736053095235146
0.06075629537317846
0.04246843478007373
0.03354379687172503
-0.08342177846398878
-0.01309615696171976
0.05995212560389174
-0.0336584799895862
-0.0426595678474021
0.01267580594354956
-0.02271578658720863
0.02633474033456408
0.01860588940978111
-0.02785904525042391
0.052604635005582
-0.01160477441070218
0.02250270642117658
-0.1177494910839984
0.05602674177058221
-0.0004903462919884378
0.03385639486121929
-0.02376074164026826
0.005026400326898627
-0.1091362115734671
-0.03249546714199155
0.02848504337762928
-0.004000649163670197
-0.07609479532919469
0.03071035207194654
-0.07560044295709673
-0.06817247582748616
-0.07796580093520711
0.1066391352326793
-0.02124182358346193
0.002871064162455611
0.1056417995179723
0.02558649881498588
-0.07233158166075171
0.03921451888625981
-0.05693577308806744
-0.04490599188518189
0.05008703690910733
0.05305225222424319
-0.0242833441861808
0.08181784576935663
0.01128722362496319
-0.1127941730505725
-0.04745905172954407
-0.008897360131755575
-0.05044558570182477
0.08686005548073662
0.02614694261834858
-0.08167583644694401
0.07918222707198552
0.02629060132132229
0.03275217874521761
0.03876497583182524
0.0601178227698236
-0.03715321092583898
-0.08062199382442095
-0.05648666557789206
0.03547211594749457
0.04422474245454832
-0.00675322491431425
0.06527669430969374
0.1222079508708197
0.05016553844542139
0.1024221595981403
0.05637027250496669
-0.0479450090415719
-0.07180532483762704
-0.05387111258331766
-0.06893205563167484
0.01304458808003733
0.05777699116587606
0.01457609239975851
0.02414356840146862
-0.01588744283445557
0.007465273218108318
0.06283025689734123
0.1115134206816544
0.001311051513217601
0.08277894448293413
-0.07397420078797276
0.07216377381761742
-0.1212815946238041
0.02421861040843506
0.02623909224114314
0.005223755667389265
0.01418373491478082
0.009605516359612584
-0.0106419454268688
0.05336246674305929
0.01627005326405981
-0.01957417977432845
-0.09891726663559362
0.063385247435776
0.007639430965746347
0.002734574751918347
-0.02715318545483154
-0.07782973662537948
-0.008123886856768674
-0.07235325264327938
-0.04224982148087569
0.03307124273735063
0.1644042790346937
-0.05711097479288024
0.01047651706915182
-0.02433419419456392
-0.02192032181891834
-0.0227706368377488
0.07119693331519003
-0.04004159238543949
-0.06416257423191798
0.0606546180688772
0.02496873146068656
-0.02693088259681574
-0.01401999672491772
0.1030918490622302
-0.08440575288527698
0.03820959353152491
-0.07157087300493188
-0.03804098507921674
0.008179018033787323
0.05271305778549151
0.001037961309061392
-0.01201048537866135
0.1879370877164929
-0.02493309078574436
0.1569197925413873
-0.025583955708
-0.01290633711799382
0.03998938284097874
0.03914110019095695
0.02773558792130986
-0.07165274497987131
-0.09220781679599896
0.1186380253742307
0.1215297956218392
-0.03850228858407913
0.1202189912541269
-0.0005132179293951267
-0.0893226849614089
0.02576416087833774
-0.004886148658192764
0.06729977398080977
-0.02634834652241193
-0.06621988156481771
0.0188254689464691
0.01788888083382866
-0.0440529212725817
0.09702583409826726
-0.06608404544708774
-0.04156616293933812
0.02008044257105848
0.005754948481464999
0.03978475255667725
0.08552645160740069
0.02589058416014498
-0.009796415659502886
0.02429746824823886
-0.1081025671329167
-0.04070828141625736
0.08872696770162301
-0.02048320327170049
-0.08546061938321022
-0.036135794604985
0.005889378069326958
0.0320300273475273
0.04568212441506098
0.04629423871386364
0.02677452400392592
-0.104286466201517
-0.003880329658018277
0.06843926772236786
0.002187457853444992
-0.04308068002612254
0.1246510465139841
-0.01317737177813384
-0.03005574079076146
0.05004530523909056
-0.02941787019049572
-0.02019498604114899
-0.09492673369090136
-0.02886747553019437
-0.04258021001501468
-0.03741649996149662
-0.05947441994205101
0.06066655990508103
0.1148416521261353
0.01348957793487554
-0.09465175378440305
0.08848314171354929
0.05942687752349493
-0.02872376320190863
0.0915697273833921
0.05928475568212029
0.03288132780280283
-0.01469145511935538
0.01960849150707199
0.0690668035610517
-0.04966447988911434
-0.01121487536480834
-0.1085766977193696
0.04159171653739453
0.1217507938035636
-0.05273676858571339
0.0076001334896353
0.05010830106192171
0.004231313427599474
-0.1584800639883553
0.009013326242853857
0.06296120814258126
-0.01900339413164732
0.08782989051567061
-0.0399270546687395
-0.005574822402970353
-0.08583616321585411
-0.006960452128728839
-0.100738932443996
0.07170589070112035
-0.07583097718440321
0.08601606626612049
0.1798071863463845
-0.1393780499503769
-0.06059110384068046
-0.03626340316428431
-0.03183869744528772
-0.1053314466820071
-0.01171955944037331
-0.08835247525534251
0.04227341891605695
-0.04769265027261947
0.03534188743955369
0.02365665966123357
-0.06261127210124465
-0.03285588558354299
0.01641626126264417
-0.05730889383277343
-0.01540509316166423
-0.05177856227345044
0.03840240561647119
-0.0353945423606547
0.01021119245679366
-0.03683729232774208
0.03731355161894031
-0.04999526742367456
-0.04228453733767421
0.01201068575564672
-0.0443799828120718
0.1567446266956497
0.03744370364782416
0.005591078043755943
-0.0312890423567183
0.03369600220054631
0.07577571918869004
0.03213921210780137
-0.06343981382514176
-0.006598781139045027
-0.03603358330736629
0.06349979270242895
-0.05826346546766861
0.07960097338769623
0.04037620912822815
-0.01883930506596774
0.06198997786226315
-0.04265119420663752
-0.03300920524575621
-0.02496191736621598
-0.09254295192440827
-0.03970350839128232
0.007233305094861739
0.08586306014508838
0.02069029180855849
-0.05706771172726784
-0.01167226448093814
-0.009797484791195962
-0.07011028024036318
-0.04144777183588634
-0.08589088919484703
0.01383077612808794
-0.06374743970043344
0.005603642079994958
-0.04599724084510964
0.06050785655041067
0.02060137707142787
-0.08693761834695297
-0.07691077802845625
-0.03667155898732805
0.09282565364638157
-0.02991134882847691
-0.104279966509659
0.007221614539963724
0.05486595243706821
0.06026048059875849
0.002231963448636604
-0.04030630563198748
-0.0187692386583002
0.08731808628681978
0.08971187735304979
0.0564777143452579
-0.0639119195492327
0.02997067691135272
0.009895330973775776
0.06853590876059429
-0.04911806040087492
0.06209372778448966
-0.02531983113448132
-0.03002472640871287
0.02477673766228124
0.00639661456112663
-0.05027585213034848
0.05808597700382353
0.04767873186437604
0.06753821882123962
-0.04045000973469339
0.10905036882598
0.1243665167227407
0.02586232114029089
0.01161936541165833
-0.08084884731454847
-0.02660732128023625
-0.01745333667890044
-0.01900001435339683
0.04802597653500328
-0.01690322757108142
-0.1154372476591516
0.0340715854613351
-0.03949194716601392
0.03817996361589884
0.04179352952019469
-0.04129125939990772
0.01008974677847152
-0.02283530804248714
-0.01821840829805946
-0.02868370658152233
0.08640254239202022
0.04104101286683418
-0.006960957036567461
-0.07658022786588069
0.01389786072915947
0.02895888484235791
-0.08239755976205632
-0.04336319521400779
0.009227232003240231
-0.03882741118892803
0.008550891621084068
0.08784308267679874
0.03782695902255973
-0.01413327044150779
0.04808817071899677
-0.04065039541450154
0.04647701711230896
0.06768168114086832
0.07109017809683847
0.01757460758808717
-0.06787782260478574
-0.03185587341352052
0.01217365274548279
0.03377311181943725
0.04059952392381925
-0.0105540617993892
-0.04617087217356616
-0.07052357382103469
-0.06552942184715205
0.08200774521207761
0.1282191086665938
0.0605876352409086
-0.02085179652827084
-0.09946844571887895
0.000764857175707595
-0.06540484525080752
-0.07009725493895375
0.03299564173984063
0.02990372171088265
-0.01279677967917853
0.001349361226591059
0.05191206198822651
-0.01701054494008097
0.05027215723234229
0.005663600655341397
0.05043068283578299
0.01924389142217339
0.01337870983022634
0.05330513419258075
0.0594164733548384
0.02776908971237971
0.001247597905506067
-0.07683703349436188
0.03220065865047242
0.03612038535773265
-0.001425848234031427
0.01562432734499057
-0.02095222045673129
0.04379817698984911
0.1002717027506628
0.0333072120715339
0.08637325558286116
0.05891502183859508
-0.03366429985473642
-0.04004764779522628
-0.09782828020118776
0.009812190905800211
0.05531409236270942
-0.0543116545526599
-0.1675172857932345
-0.04957949456053647
0.005606397545724243
0.05231506818176122
0.08746129422334055
-0.1015635936850574
0.01205758525897892
-0.07056366189109388
0.02383083534816764
0.07619528796078394
-0.129098918232978
-0.02532793835511531
0.04596214425650294
0.09789593466044703
0.06335531748417997
-0.03197126723849291
0.1091566773875827
-0.04467817977887639
-0.06495525841535621
0.01180333923604205
-0.120822623043511
-0.04430470083923937
0.02874594613073609
-0.02994060626397419
-0.05421391943474795
-0.02764576899397751
-0.05531135654107402
0.02074096241541257
-0.08328104524354876
0.0536649407916549
-0.06604499714993756
0.01267616211989089
-0.09624195192791549
-0.04120707044792543
0.147950834532304
-0.0005094501640284799
-0.008389654490803984
-0.06095217820604396
-0.006358437687996831
-0.03435244087294807
0.08929458485013353
-0.04859778002461841
-0.06552740831060633
-0.03187598922302645
0.0802753849717943
-0.01101282744114105
-0.10025276736707
0.03828471227846202
0.05632321133859802
0.02618090269733539
-0.07505443086990027
0.01060900217602909
0.001830412972123588
0.029409535052451
-0.04216556357343386
0.09186302557657081
0.1176644365814998
-0.04945173401741609
0.07250362159920851
0.0165738709271142
0.0171931701046089
0.09567876285133046
0.099516497030113
-0.07229554816406546
-0.05897480362195237
-0.05868471017667902
-0.04346333151979542
-0.03535598693577236
0.00374756740444019
-0.005203384742003436
0.06550935777247251
-0.1916494211370819
-0.05875139388739769
-0.003937708945935843
-0.1400277618176729
-0.09554518312744567
-0.09414003038021949
-0.03875594630371092
-0.08150640203835743
-0.003591385553815975
0.08155596029214765
0.01401105867448769
-0.09768692591281415
0.07133802646517176
-0.02426364305974121
-0.07724900438710816
-0.0576642977641986
0.000597437990385339
-0.1212257287024125
-0.01549557555809179
-0.06477989148368556
0.03157435469078011
0.1416873708689632
-0.03257435810369855
-0.02493053709671728
-0.02520817989689605
-0.03450910341897826
-0.03463195124096233
0.004956555808180982
-0.008663002683254081
-0.004098565146026252
-0.02754467055607433
0.02466698599661086
-0.03895255781363469
-0.02310226320572056
0.03448844230238092
-0.0368983102303053
0.08721429751324659
0.03680190933340304
-0.05478511161053477
-0.008940298476972162
0.1155199380055376
-0.1255143870740117
-0.08690897599552058
-0.01051203956144289
0.05063559669644573
-0.1297414212166887
0.08786025361924438
-0.01015883360963391
-0.04615449469260354
0.04401866347644888
-0.01693126406850911
0.06643342904297288
0.003316432794607558
-0.1021329873486467
-0.02978572315993724
0.04409955364320776
-0.06049214743106802
0.1089429894668989
0.001271641831590488
-0.02542431415765012
0.01605179437120284
0.0441266113840328
-0.01427582436634841
0.037280682080937
0.06424764703240401
0.06066651312626843
-0.01044150611280698
-0.1283373407464602
0.04914578181981033
0.04573320624023668
-0.05969349771127801
-0.01299291992097286
0.05937535704171545
-0.01905145772619683
0.01905774562510627
-0.1354908347762145
-0.07362953003233136
-0.03131448425470167
0.02627651240066832
-0.108511547995151
-0.07071434321140928
0.04725107632593641
0.0141220176468371
0.08043271913230859
-0.08066209289826916
0.0537202460703341
0.1305527737104012
0.03421358939116917
-0.0008424793304442693
0.03100694239951441
0.07237505187686162
0.09738568941025633
-0.1069539889437626
-0.03800276240212207
-0.06639045541323908
0.01884097283942792
-0.02564063761752716
0.05116791468925587
-0.102578735386279
-0.07221452470491681
-0.1337697776255524
-0.01764907461825024
-0.01281840785393725
0.02304229301168072
0.03581173850136934
-0.01151917657065061
0.04256478853175453
0.03859630545986211
-0.02477566074477664
-0.06020815586267319
-0.04144753056606761
-0.05115906559381555
-0.08784774791453094
0.1581165245354978
0.04641431349235997
0.01068526716425971
-0.08781104952120464
-0.1171195902298067
-0.01721745714074955
-0.03671096381242738
-0.01956390756231466
-0.07798750658678877
-0.009713867531623722
-0.03246688672444544
0.002834537001509211
-0.008050215054131435
0.03143744673778234
0.1126408857121731
0.1244106736359707
-0.03283268208700835
-0.03449871115831126
0.06133621702415591
0.0834947172782781
0.01204364103894422
-0.06005234000724598
-0.1213334117950589
-0.05633937167881936
-0.04367378910523208
-0.02797594248081867
0.0420020491542204
-0.000139717393302749
-0.1623697835879102
0.05708013804009936
0.09823286453138287
-0.0001739621156282636
-0.0416523940065776
0.05540752046366815
0.004342240973509579
-0.02992776803599524
-0.03426180232789676
-0.07508676337060252
-0.008886425335260571
0.03999370809280795
0.006643752524842169
-0.0244489009256787
-0.0337309785870774
-0.01905084029439597
-0.08825369017894588
-0.002909723288169524
-0.169845342753833
-0.005818344456806655
-0.01903840594244725
0.07007703429975035
-0.1098831410416779
-0.08152466537900421
0.0854913496517033
-0.006148413324465501
0.0478679093887031
0.1445565418271311
-0.01032580145811933
-0.05385662771847335
-0.05275635709764927
0.03151241930902178
-0.006483251923445565
0.08053343291576456
0.002154323345312705
-0.0009986276564088806
-0.07444696155500262
-0.07354687428221411
-0.1088149077451679
-0.01860945201702691
0.004261713166486006
-0.1484001306613353
0.1207316029409073
-0.0641299366801367
0.08811187437054083
0.007207245405477469
0.02297038908008945
-0.004043473120050003
0.03570967393464966
-0.01141606387369724
-0.000308991945695964
0.06517808145157901
-0.01060257969017968
-0.09070038851066564
-0.08692341004632177
-0.1020898216173495
-0.09252970224124907
-0.04561421331660517
-0.08361969187036503
0.06281252840374751
0.06807923739831161
0.01480491522510409
0.07964033638187309
0.06865697212365529
0.01147537860923867
-0.03873926342343505
0.03968339845398276
-0.03773465797734178
0.02753817430839352
0.04074659640261761
-0.04597570956031752
-0.0716023506989716
-0.02412209183441937
-0.06314536182690229
-0.03048314180897331
-0.03097879026076966
-0.1169909166305226
0.09158648658934807
0.04753197529314931
0.04850044302158014
0.03359664725933261
-0.04535597681889525
0.06398763232897461
0.02281126260571263
0.01233033263575039
0.03623449085434395
0.05651992453347508
-0.05211903770647453
-0.02311643208939616
0.03518115901538667
-0.01755478663250825
0.005177657598316244
-0.05884913066517752
-0.02378503592726611
-0.0134441263077769
-0.01201392760677372
-0.002278950494297527
0.008219914041775592
-0.02436264411772559
-0.04672513072919843
0.06972018383798609
-0.0002279343076962009
-0.01194059097234787
0.007669462638379504
-0.08474780644781237
-0.006637803673621479
-0.04147326324100781
-0.06648699718481633
0.04101637430127485
0.05148164967441612
-0.03437913873406293
0.03186523992303807
0.1746015227858815
-0.05360503812678415
-0.0192941698565649
0.002500808418442316
-0.0001734237652575993
-0.02411391408853211
0.06147329606161488
0.03692277374980242
-0.03119821608173663
-0.05164414850143245
-0.08373316900284253
0.07748987545509169
-0.06221881878196826
0.1426986279883959
0.008745633449068604
0.06872994514411671
-0.09182426744111655
-0.01373389266718395
-0.03238849610077718
-0.04614288957379694
-0.08953814125330234
-0.02927026223525242
0.04518701766184452
0.007484815787590655
0.05200384376398456
-0.03604723979307033
0.062894935224558
0.06429574729997342
0.06382102648080898
-0.008625882435806038
0.06752868165297538
-0.121315856396251
-0.009433148577821165
-0.006914711472579004
0.02009079631166906
-0.07434343285492427
-0.1384889748523483
-0.02010492169816228
0.0850444456448011
-0.0394585895165039
0.04126484290833775
0.005628064525262839
-0.00125903000720394
-0.005845627023850244
-0.05004517419553743
-0.1423149474067927
0.08190742853687873
-0.01569794731985137
0.09372813991060824
0.03124719023536874
0.01566348086032029
-0.07208939951960455
-0.0642986565826429
0.06204367430791817
-0.04488221509005172
-0.02526068757097256
0.02172287116719409
0.1104825402450278
-0.05091702871735675
-0.1092660945325397
0.1076594596735919
-0.132859967974285
-0.06600029591152104
0.01090581499037507
0.01616249997941727
-0.1298137484946005
-0.02106360984773168
0.01892276097527059
0.09134283127573938
0.0143264366839083
-0.1040096504594274
-0.01590514885176643
0.008255273536041344
0.003131293499369497
-0.0680081157703339
-0.0607189956124654
-0.01583698649933991
-0.0367118192343843
0.04167321719683875
0.04521870788866587
0.02358817422643568
-0.03956182782634586
-0.008937851205594954
-0.03690021584600826
-0.148269671891025
-0.1076806444253871
0.03748750637481511
-0.04934688045629061
0.02650132720222485
-0.07399457600238823
-0.05674948432037853
-0.009020215992528658
0.08570797230176694
-0.02113999707590657
0.05044526191320617
-0.03094853427573106
-0.08609888369347807
0.01970008526286283
-0.09550500265701607
-0.0335884637859829
-0.1169402880520253
0.04175020928974552
-0.01549923556235179
-0.06354686092868142
-0.02241951197558194
0.003485753127365446
-0.057469287423019
0.03956010163784383
0.03302012881744801
-0.007593645275010314
-0.05003757128899554
-0.01780554117057574
0.1071377606671465
0.05263296179894821
-0.08190305113446604
-0.07144665190271333
-0.04944275041851857
-0.08286197848590809
0.008248066378681659
-0.002062221030431251
-0.06031157670378633
-0.01265509967832337
-0.08598619026385339
0.02904585627727317
-0.03442630360847594
-0.09849256997209088
-0.006538893726814486
0.03859355547455909
0.01217419963209715
-0.0009775709277970307
-0.01041731406102171
0.06158438225314668
-0.01825720770815627
0.08292015061240418
-0.0831557400438398
0.08622279096999108
-0.04165624766363003
-0.01542064526440799
-0.08186094454584353
0.01866783800370913
0.1331654459610425
-0.0580686579399706
-0.02717516303227551
-0.02311195222849961
-0.04928864851587186
-0.03452825678537445
0.03713372443908983
0.002616895722985148
0.06559865580201989
-0.02915478608707144
-0.09837409528138027
0.03378283339318332
-0.09317281199021708
0.04232802659230095
0.04395107931132237
-0.001177638973725331
-0.03470326885148444
0.1522472213390851
-0.07005478582738833
-0.03816926975531026
-0.04573068652917737
0.01744991591918756
0.0581416957032734
-0.01104151993517829
-0.08037786660363672
-0.01026645145105532
-0.008285843950305221
0.02172915706139848
-0.051924213632223
-0.1283474610745508
-0.02207406881226698
-0.08678265864333454
-0.00313701060951147
0.02718881830522081
-0.01917465427277982
-0.08270900492531139
0.04292272808252264
0.1135588842967814
0.1300686579601707
0.08283980841136759
-0.04775445978132517
0.02605986493854223
-0.09511019695809195
-0.1349382963991649
0.06012534184242356
-0.07509931937561126
-0.0003880759168389761
-0.04209489690057346
-0.008035153098915081
0.02583603896945943
0.01694207188410862
-0.009727635135852342
0.0684831376065316
1.776008593696796e-05
0.04339099421689889
-0.001534368956968912
-0.01844008899026237
-0.1371315683620835
0.04395006272089563
-0.04329613115555538
0.1023708428820707
-0.05800964514550955
0.04886974091943609
-0.118328120865109
0.01595940074549572
0.0260029573821835
-0.03491540306784848
0.01568493181433395
0.07494568506777145
0.07225777782296425
-0.0008781729416108986
0.05065520502271452
0.05634578474918832
0.07738198389043967
0.07817067301288916
0.009509482492731938
-0.05383530227557727
-0.01453754877998109
-0.06524936046291686
0.07331285150415583
-0.005415223026029143
0.003993831401862061
-0.09334509748791278
-0.09795642858982714
-0.08230958210976372
-0.01690397235979754
0.03201828653702779
0.02963322835490366
0.04855696608460281
0.0683278677384693
-0.02452956543714171
-0.05810511053815268
-0.03306015779799002
0.03716080019584463
0.1383700914822418
-0.04871152116067545
-0.03733480723628254
0.01595992905490014
0.01866215954501058
0.0375897880958504
-0.08966207423542759
0.008656514520537742
0.04042159809758145
0.09565277055665843
0.05394411797620404
-0.07431744734810988
0.05724230647129768
0.02156663174964216
-0.04016822914546436
-0.1000697409437113
0.09941775208870313
0.05532988847978186
0.001676818949716156
-0.004202146525588049
-0.05486508929230272
0.00209507665150014
-0.06468927945940517
-0.09331222628447083
0.006926841464065261
-0.1050710195688288
-0.06290921826158864
0.06440654266652235
0.01720539962885107
-0.1041277957264579
0.008433396955334144
0.002934050831419772
-0.1509245767533295
0.00852936376811262
-0.04029201838133475
0.02085141057031118
0.0143171845409155
0.05062698188070137
-0.04277608319074815
0.0154536499754394
-0.01859161477228011
0.0621784153773524
0.01075172032649417
0.08946621385410189
-0.08040251062051032
0.06092114351049931
0.02480031515496589
-0.02593275180977412
0.02154878067550015
0.01812603339560456
-0.03126476468152451
0.03830729258812544
-0.0174279989554877
0.0358254694413281
-0.05377551324079961
0.01095598679728859
-0.03633046926276495
0.002120775175499946
0.07671794181698013
0.06219838314074405
-0.07842870765539937
-0.09349586713245751
-0.08299160168152671
-0.04034750542979071
0.1038635300763291
-0.04128803021793373
0.06092786289984978
-0.06236672080986383
0.08654928174924641
-0.06056647478115389
0.1485038605951145
-0.03406209999243984
-0.00289988862103838
-0.07559930171382243
0.0320864078539297
-0.05909324397269506
0.07548592534718097
0.07202312248348838
-0.09655699641571248
0.1165191297344922
-0.07664920672284266
-0.04419723023852275
-0.1082378963128598
-0.02226456595540588
-0.05328189605458757
-0.02727184704953911
-0.06984540002086584
-0.0246060956036031
0.03259689848735623
-0.04007915310448504
-0.03801129326133366
-0.1016908216308634
0.06567074782219148
-0.00922284652410453
0.03817381354935795
0.008136049803360032
0.006294941446787931
-0.0479204819804225
0.0432163470945115
-0.03399450930603917
0.07320636878117262
0.02182141677327059
-0.04676924393888666
-0.02572947784232597
-0.05312790042074896
0.02521473639886457
-0.01994588222350691
-0.08408668684330106
-0.07787146629813113
0.05334569999125917
-0.0496731100247896
-0.06733982008878547
-0.122046302852104
0.003193635322354789
-0.01064889857925081
0.09531563139844107
0.04087120225917715
0.05095800105460346
0.09659416449217743
0.03032125703794678
-0.02702521086277662
-0.02711557790559966
-0.1182322318342266
0.03016958955254696
0.01589599290987719
-0.03773089028825962
-0.005126674482052354
-0.04057206619159755
-0.1017346581265034
0.0501923173985411
-0.04543141175508469
0.004952651352399192
-0.1034692351611868
0.01112029330803053
0.001824971915862238
0.00543094838601858
-0.06777253609582662
0.07353922991167475
-0.04723479315839119
-0.08042271317972036
0.0372030303915848
0.009524688442555856
-0.05430468562140246
-0.112142117841383
0.03468197548168116
0.1102909738232953
-0.006666387558791459
-0.03370430091025996
0.08863668326407452
-0.02486451398080019
-0.02264542976136308
0.05104160107738118
0.02145936331093812
0.04109984572642553
-0.05187876362151215
-0.05173154679043439
0.08349233874587407
0.04793428747164791
0.006865763989153909
0.000109947597143549
-0.03729256169312457
-0.08973413450198563
0.04864159127690548
0.007920708955100338
0.0701681011314568
-0.02068104651185113
0.01519578778805483
0.01724444214785886
0.08976773401073133
-0.01496642346514262
-0.03964522209128714
-0.0006204702004599227
0.01793900212940838
-0.08805832854428823
-0.07630258590797767
-0.1388648918051326
0.04126933313419382
-0.05612244718303797
-0.03578374895046009
-0.01117490906233191
-0.008255260332779337
-0.004742862591244339
0.07047683083328399
-0.000987275495191911
0.05106313069400625
-0.06808030127622341
0.04663334443784284
-0.06651838073189786
-0.07879540072207249
-0.02739738810704644
0.02451652139534635
0.01567307671766466
-0.03325601841799394
0.03066200339270776
-0.0163269469884677
0.007996440762213161
0.05135874339687412
0.04509972173025971
-0.07333852731494458
0.03364319853571406
0.07916347468412641
0.02137866302892649
-0.01800974324676544
0.08761128058245601
-0.05109260304921316
0.05659029633422215
-0.03299312325888884
0.04411779326475508
-0.0448912660691172
0.07750032756921699
-0.03268558711026935
0.005163964449822159
-0.04381407284384142
-0.06107184103535084
0.005479657436026835
-0.1528883783550076
-0.08082479817288922
0.05658307297699446
-0.08937700872825549
0.02747196012870848
-0.07924307732285021
-0.02264724266639429
0.07473843090864067
-0.04434530793742013
-0.03588043348747047
-0.02556477266103286
0.01968227180554803
-0.01090419716472716
-0.1357138725159663
-0.02378501557561883
-0.03246443523534259
-0.05140778320141336
0.01778742468840301
0.09807960890650624
-0.06142950245281244
-0.09741355739354067
-0.06397638476036763
-0.05700998549880314
0.005652737811195269
0.01437573324624102
0.01636067098993776
-0.0555182794616897
-0.07574528841987749
0.06441384992434436
0.09244167671886767
-0.00394441677313263
0.005703820200830538
-0.06247288429478699
0.03938920378746703
0.01622292911950349
-0.0004536390656412967
-0.02814166050774431
-0.03837805140150206
0.05544613208968023
0.0120059770805301
-0.05135682829289669
-0.01811181467413672
0.109635204436295
0.02986026960361084
-0.05333689925455147
0.09292192602541191
-0.008129320279044012
-0.1219952854336584
0.07022166561158115
-0.01733488579742652
-0.1565842811708955
-0.06887840468055652
-0.00317230945782444
-0.08504148618800783
-0.09220688315882004
-0.03325200248129705
0.0840932003263495
0.04871237398765569
-0.006293420439633178
-0.08952903671330456
0.01730221600000448
0.06503177576864418
-0.01265286343550764
-0.03612548910276019
0.03041092990724707
0.05672238753114599
-0.07588673396150573
0.02681416411498301
0.05900305051576354
0.07604990524208008
-0.04051766627338656
-0.05130670235207413
-0.06207729949447586
-0.003179474987092451
0.03123485874715802
-0.004344504794218919
-0.07976687260121509
0.09096727786396214
0.1111385564977398
0.03522068629454055
0.01946525818922029
-0.003942013473311929
-0.01288296382943259
0.01514938148182598
-0.03220849213955307
0.002934026449338007
0.03890047516655387
-0.08730995941639433
-0.01846001635504505
0.0132129878802326
-0.0499054705281216
0.03885073584481099
-0.008539805641802116
-0.01596888099448161
-0.01170689497279992
0.02227670452323128
0.04954011979536443
0.04991665118360289
0.009474072303097353
0.04538744111407787
-0.06585714264406695
-0.06430310804847485
0.05746071063114902
-0.004351191585490785
0.01527545180784695
0.02174075478341159
0.1330891310450398
-0.02528841297538854
-0.05406162400434306
-0.186962335789417
0.05527588164341155
-0.009622677936618067
-0.03979519896629372
0.06166542799479077
-0.006738870732706057
-0.05033133955253748
0.09701364898378559
0.0009904413620683752
-0.09660010478973821
-0.05033286897805155
-0.05593830171083252
-0.03314784494357943
-0.04979940579675796
0.05981027348946351
0.04873736212904982
0.0114707284557808
0.00451705037060126
-0.0605166127479693
-0.07049894277066782
-0.06445620149804598
0.1702136703424321
0.03361869764662372
-0.09246420925598609
-0.06970171793626626
0.00376579553099381
-0.04289734828423325
-0.1257443032061854
-0.03963594668736957
-0.05610272823428329
0.01013055087214509
-0.1146212298037846
-0.1269218722509276
0.05578500832308012
-0.03415047819187672
-0.01438104734188642
0.01868026446284612
-0.004989782474882139
0.06349513629954619
0.02773071053735737
-0.04318832963676911
-0.02951220216873163
-0.07562800699074747
0.02928853925535019
0.1167400477538541
-0.0223281622661744
0.02298280460744381
-0.1194354277884547
-0.01088918420409727
0.1495648127125054
0.009992648601979945
-0.01633699114918342
0.01028561137912917
0.03584907954484341
-0.06020110336026545
0.1277070721694967
0.009465262574021638
-0.1075793666592693
0.01068204842111641
0.04608944937573649
-0.001130326426233758
-0.05973012835446022
0.02969763514085097
0.05716743225637626
-0.0314058448330947
-0.07085218386950412
-0.01479606198292106
-0.09662694136266278
-0.07068171105148932
-0.1019642090682005
-0.01229876731318717
-0.06810559232994143
-0.135741557761984
-0.07186784296446001
-0.04479531093065917
-0.02671377588385771
-0.03749538322776406
-0.07150579286426101
0.0127629186904966
0.04289830566612951
-0.07676896290811025
0.1830033494298547
-0.158132419516295
-0.08258202798563065
0.0434140328644262
0.02470955283576968
0.1129091955464305
0.05265932580910553
-0.017778105970625
-0.0199238803857469
-0.07339753406683805
0.05686391404796433
-0.009928422347814478
-0.1444933850149786
0.0142962323922599
-0.02578594474274648
-0.07036006500034524
-0.01426230406592422
-0.02088928658611228
0.06202481314988779
0.1185798243174112
-0.002374349608159052
-0.09985882580556255
0.01791517756358152
-0.009584654124676163
-0.150086894153939
0.1011918493326648
-0.05569721339952173
-0.0202711181617371
0.09982793748663839
0.06689242704261741
0.1437643446015477
0.01765454268801382
0.1343897057374335
-0.04692691219005882
-0.04235099094157918
-0.04080706711957487
0.09798512010253696
-0.01910933956241631
0.06488305169650488
0.05373441618669493
-0.01592717977902269
0.01983881410278117
0.02521639503770508
-0.0007910778479117558
-0.02934032282206025
-0.08836101681720825
0.03796740465357709
-0.02738265405966675
-0.09625215526332825
0.03202318859487264
-0.01914354125198029
0.0357064407925067
-0.007619361495000837
-0.003744491580056901
0.001616684883469188
0.0360824710196427
0.01267215737366962
-0.03248283064269139
0.0004254543712067516
0.0205459617115094
-0.03389273781044692
0.08772726873619896
-0.009587021796502882
0.0007245235388281812
0.002683429354277275
0.03666482854426403
-0.0108184241223887
-0.0619253078373582
-0.08853000092662239
0.02319875222723658
0.06617699494218546
-0.02538735353360558
-0.008582579789602231
-0.009704302870456094
0.0611321052955718
-0.007249976570586625
-0.003877095284838764
0.0824715110992756
0.0004438041982515323
0.02077776699111699
-0.03309139469494988
0.005034025083521937
-0.004909190996554239
0.07635111524005946
0.02246151338904935
0.013005525678847
0.009872952236330406
-0.01009762488695453
-0.01181140541707701
-0.0356246902161618
0.07450939657193043
0.1681774026456122
0.03527787123325909
-0.05951350980968202
0.07676996073852409
-0.01898108695451342
-0.05831790499964967
-0.08181632044219889
0.01044787622135872
0.02943437443496289
0.05563677705512921
-0.0271139794957732
-0.02519805745149657
0.04388224127901136
0.03822211156992179
-0.03739299183076496
0.01124065092999692
-0.01151587133632776
0.04005193164737615
0.04726863205303463
-0.01985392508387031
-0.07399773838608993
0.1369760910629411
0.02723933220680741
-0.1315249969779984
-0.03831217236475888
0.04815631517183842
0.05987302239892709
-0.06101551901495753
0.05159300524634382
-0.0828604690674218
-0.04509960742976597
-0.03901334737735165
-0.02019919207875753
-0.04813197172047507
0.06191911201387004
0.03640950668176851
-0.07480959838643982
0.03829785400072303
-0.06452070892438651
-0.1155782488873789
0.04333112828258132
-0.02541529459540773
0.03393674133163398
-0.001039688397218567
-0.04325289594084376
0.05323150787012602
-0.04172343595450183
-0.05387132720619888
-0.1250835819243852
-0.09445248544712548
-0.1085699188764401
0.003954372488921585
0.0363400545226318
-0.09893366617651878
0.0538410389411149
0.01883796605058835
-0.1466854907831474
0.05744879743701498
0.02118385742969191
-0.005215312150628162
0.03952492355349162
-0.005777976969322922
0.03867785826872246
-0.03549283746870906
-0.04162640788356767
-0.007547844454495353
-0.03017722186981541
-0.07061442803334263
-0.0821812305074302
-0.00172809481745078
0.009407976107107623
-0.04861496793770016
0.03517455617611275
0.01030991275557995
-0.1116458712015622
0.03892841686682054
-0.004845846084608127
-0.05489004896304336
0.173030067610265
0.03722456534442151
-0.05687259523237514
-0.09063254685292962
0.06530985382635109
-0.08625413664492571
0.04119467060761402
-0.09504609618863548
-0.1034198936182524
0.009024241079077826
0.009352380481855438
0.04164756305267132
-0.0830863434354765
-0.009553321882840311
-0.007422604365007864
-0.04960235616531768
-0.1232663341953324
-0.03731967837504425
0.04520464465680554
0.06817527697233042
0.1765438062695456
0.02180773820971926
-0.1199290621247301
-0.005603890321888447
-0.07800593117399898
0.07826865088446974
-0.1363236068500798
-0.0310856498247591
-0.008497601922970582
-0.04825371951007971
-0.01099472711354924
-0.08990817074055303
-0.00723052999842104
-0.09714341386961151
-0.05919116960757335
-0.04514287842647353
-0.01280265656172295
0.1998383042636478
-0.01373197240406898
0.2037544953047374
0.02816283111828348
0.02391463809943323
-0.06558579024214087
0.1162671834586163
0.06010013069403398
-0.03916922489660692
-0.01083946801421447
-0.08021608257199364
0.0285095702173219
-0.0002460581187575753
0.1212287724917127
-0.04072495352435418
-0.005369924334034562
-0.1008247841148916
-0.02131128413692201
0.07390489017757385
-0.07077652545855882
-0.06649988210937183
-0.02333483391858355
-0.01707935355904305
-0.017344221055714
0.01071196994643367
-0.04678157070361787
0.05389148089994
-0.101494049587237
0.04705827313096723
0.09539883043212026
-0.002601541676568375
0.1455218368674766
-0.05474321904223681
0.06541233246907585
-0.03731518781940863
-0.03477234724713744
-0.01243049350531369
-0.005043711212646972
-0.005442618469434075
-0.0001979727236580305
0.05556722304835079
-0.1064184226576035
0.04182332322642701
-0.058539733017414
0.0162305361566526
0.0391391241105835
-0.02598697873285646
0.1028317010466527
-0.05100668335300708
-0.1246471545078073
0.04854598420542418
-0.03397572673495433
0.1270515086754388
0.02805899121100005
-0.1043380830913032
-0.0005525339195720791
0.05787524317698451
0.006546442082365402
-0.02583602762722265
0.03050787304817859
-0.03578223173938523
0.04245367292210651
-0.1461954157016523
-0.03420920060696309
0.0312735218633272
0.07139780260929865
-0.1314828394463263
-0.01723759162655923
0.0372106951849091
0.07372336520756295
0.02629425145467204
0.06390368486920039
0.07253835042692997
0.06118032968751569
-0.04201743203434944
-0.04907623117805032
0.06000432210347573
0.02005930690298885
-0.06465111919416847
0.03097387555217433
0.1689645697621382
0.009312548525422557
0.04072280650923296
0.122319514630527
-0.08930860913640593
-0.02002382597846749
0.09329093688156012
-0.02516745016574019
0.1243542618009392
-0.09285370117703119
0.01346015589609559
-0.02049658911814529
-0.064121146616599
0.05335645544840668
0.0133221654285958
-0.04768705226176905
0.08103345478801427
-0.02887820602297456
-0.006689113720653103
-0.009485365413609229
0.02456386434184592
0.07228372192179872
0.01694605393583552
-0.2250177289339703
0.1004995238116426
-0.1063461158571636
-0.1170660499643011
0.01547068562345543
0.08341919946444711
0.08623977936028568
-0.09418407191056227
0.0421687351607611
0.05376310366087647
-0.0183471113511599
-0.08123478836483267
0.08058494934839068
-0.02903360718079483
-0.05303423957764296
-0.02390077503502511
0.03305078120200031
0.09388865538410567
-0.06735377261690517
0.02282189731960306
0.03902467430323323
0.01851035534287216
0.08290530233851146
0.06660824021505551
-0.009315943011173684
-0.002997375045521597
0.01122057377372597
0.06577589617265062
-0.03488662784491425
0.04644287224699632
-0.08361602364279899
-0.09319845010645214
0.02279770373661662
0.04110969809881773
0.1620837977151064
-0.0790061853809427
0.08684238416712234
-0.05674566302704089
0.02049900393449462
0.01854371108002774
0.07050789431332871
-0.07711376412113832
-0.08613528989164977
0.06411107959927767
0.02722684489314918
-0.01233713599223049
0.07558233314359016
-0.02259302089908594
-0.09425686683762322
-0.04607242824971453
-0.05523328800005163
0.008332531798349131
0.01473990489431849
-0.008576595900226552
-0.1163481416413264
0.04776743569850438
0.05706775875005669
0.01508863825825581
0.006623866096048082
-0.02141522286521443
0.06571154872750262
0.06025083419665589
-0.08674783499809159
0.007596966081851207
0.07549061003200877
0.004657637366288346
-0.05400618621583246
0.00936666754122371
0.03300566745216429
-0.03026237331593629
-0.02540087916516006
0.02155582020287843
0.01714836206723983
-0.03034018265425652
-0.01416258196785777
-0.07737633099874923
-0.08697346802158876
0.01107623390168454
-0.00349253680411549
-0.005867088900127528
-0.08641341663272556
-0.08658507259149714
-0.1354567438851808
-0.1066683185005396
0.031171574343108
0.04197607917072534
0.01820919334596913
-0.0150542596867115
0.03070910407266081
-0.005114025315254782
-0.02646468002011648
-0.03961551434525212
0.08962592862735207
0.004644150265734902
-0.01866624778405128
0.08352556959791596
0.00575390967028231
0.01732674825840539
0.05716297068918533
0.07769689073136429
0.008779276122214495
-0.093704561916461
0.046513233254667
-0.09442139740196603
-0.1540045960858246
-0.02138495386583354
0.03839649285675623
-0.04349287609583029
0.03443278485342782
0.07583063017053292
0.11798458103436
0.1020090425674096
0.0276490496694313
0.03548079574777079
0.02014371768564476
0.06780826355778191
0.02917503598655927
0.04498602304708226
-0.08534135606667781
0.03304517952298967
-0.03826567325187327
-0.05589512489930774
-0.02158707409925843
0.06696459555404011
-0.01695580426387916
-0.0132359601801579
-0.07727273515305744
-0.06354965363071678
0.04673686777578964
-0.04463825023297405
0.03009280937204656
0.07651269380695166
0.08370412587913832
-0.01737496795032539
0.04502403122791124
-0.02862489091175615
-0.03856615009213347
0.004679513788286821
-0.1620405449495934
-0.0290766051735707
-0.001271495917496951
-0.05806182032891978
-0.09299421084710875
0.02627167092405147
0.03064725127300178
-0.0980090296043987
0.03380473657461124
-0.03431058710474582
0.07540937500403246
-0.07694779226820361
-0.01916431332260468
-0.09751072813285341
0.04867024543069055
-0.04137796419903855
-0.01488241522761762
-0.0343962138944819
0.03627488093203355
0.05145327691543497
0.03703820660676656
0.005989873647984187
-0.01847211507960004
0.003897440543734618
-0.07948316657623397
0.04953509491016149
0.01064328987800544
-0.03768143823566066
-0.02871358891748378
-0.04704408917093905
0.006130563828403521
0.02040975299986282
-0.0002233573336437138
-0.02075179686086696
-0.02234886167154573
0.05499037113305039
-0.08906435989325712
0.02014111542738905
-0.05663772737351418
0.07097807994843401
-0.0674960520381041
-0.04540900657006616
-0.002115130312459298
-0.07748453296969546
-0.04509444482194778
0.004155049825797268
-0.03944056286927666
7.794858391474771e-05
-0.05404790995021791
-0.1575940303463015
-0.04357610079442568
0.02028421281926077
-0.0184537992435118
0.05949443845341389
0.1750913521712631
-0.03099029249574048
-0.03828643662149407
0.02867654462287023
0.06552474448143616
-0.09650037903039749
0.06699524859417011
0.02437768536016234
-0.03036655380019684
-0.04705048082726222
-0.06961558297558794
0.001137806663274506
0.03854064713583844
-0.04638899120827014
0.0963458882194701
0.0138823337096275
-0.01499689993735776
0.0765148204600853
-0.04789446365631771
0.04236917020562618
-0.008594930903496327
0.07333236264413738
0.0271372039358812
0.02540685408889609
-0.0783574179722529
0.1042380913886335
-0.00497526551606327
-0.06002897314341488
-0.02095927551993184
-0.006707226582418097
-0.01807584877264043
-0.06663476220369891
-0.02275197780036173
0.04995765726714211
-0.05827271400472474
0.0215759341383433
-0.08456431240520845
0.0312216555186473
0.01824678400792357
-0.01001669957558995
-0.04565637411658341
0.004717955179018154
-0.07126488013208634
0.05292692112828906
0.0008076869153030505
0.07210475712864332
0.06680213664836999
0.0003743193247054029
0.07847149732081575
0.09308538505313166
0.07610664571880629
0.09626975468556048
0.05378574601416655
0.09252711116274023
0.05266649932120102
-0.03780092959208083
-0.03557951321500498
-0.008294535922645785
0.1065923756987662
0.0951691113047064
0.05174769068614343
-0.06895119488021313
0.01644790236567641
-0.0820801243412532
-0.03971304993091461
-0.09548736075091849
0.006626852446439027
-0.09097228429115889
0.07785535426054183
-0.003063557772138584
-0.1025240509542219
0.04957799019850251
-0.004098293743690695
-0.01862692270417179
0.1005079210551837
-0.0726315389146515
-0.02254305736899377
-0.05748464049891109
-0.1006444453389816
-0.02109374798339884
0.08387959489481127
-0.01540121029144756
0.03939259612041467
-0.0529718011700557
0.06877867861672261
0.03966815947662332
-0.1356201627348871
-0.07827379630173975
-0.09292842543315601
0.05454699212563312
-0.03451386008616546
-0.03135015567527207
-0.03468175913815814
-0.04480123179887645
0.00565046367878316
-0.04262773294153759
0.05710056592626718
0.0395741272986091
0.03163971602971889
-0.0710367807330903
0.02937332958571665
0.008283411050459502
0.02083143614212803
0.02524501504953735
-0.02040578238494379
0.01092516037822074
-0.08076475316459071
-0.1399486601573659
0.02683593107826567
-0.06639673703706034
0.04041605151886683
0.02505921283359244
0.05130055151160712
-0.02634564083778311
-0.02569394910798168
-0.001516264909404576
-0.006734477192275268
0.02519653292611412
-0.09055792108026667
0.01109671414176109
-0.04197088752383003
0.03598001936362039
-0.08532078593799072
0.02697055660713444
-0.0143832560374635
0.04808775852628587
0.02539302380030568
-0.1424997222009085
0.04986488634184469
0.04419395951704783
0.0876315080086093
-0.0007907605173540274
-0.003237314160282594
-0.00849686691147214
-0.04186048930564559
-0.06577086062244207
0.07789575816362546
-0.03956698669168904
-0.05570421718813907
0.09046790454648046
0.009314449433000005
-0.02113887656053785
-0.02866166934966936
0.1076772591287426
0.04147779494427063
0.08511318507699536
0.02315885189294706
0.08867113492875679
0.006403999633402407
0.04275324350740266
-0.0891826527666023
-0.03559798380068309
-0.01726637541248152
0.07852971609705131
-0.109019553226321
-0.05415980520215147
-0.06561750050713559
-0.1007043222522959
0.04152927136930391
-0.0541428771500358
-0.02084813968572155
0.00639833260607065
-0.05326039870250759
-0.006863072727320889
0.04309396409586456
0.06484777367201944
0.02245527080851998
-0.01660491972472086
0.01750069300452069
-0.02865706280005271
0.02640548370999531
0.01870331209806345
0.009942065730058063
0.01524522319927825
0.03732693158100635
-0.04693963837742283
-0.1023677904293553
-0.08343641797014123
0.02764187058336914
-0.08375218706705245
-0.03865912207616116
-0.05282734249510841
-0.0367344015785914
0.08598327368985413
0.02086956098599171
0.07285397192232607
0.05254476174144101
-0.08623294471665439
0.0439276552017574
-0.02837429093394025
-0.1093953420283386
0.002241685293780757
-0.09960541468077014
0.002013071545465359
-0.05352613662230925
-0.07256754677802447
-0.07056401811628636
-0.001332136480025725
0.05150553067016993
-0.05378072331066028
0.05930469992961954
-0.05444845905849608
0.09322052983798876
-0.0429889209173379
0.04075503281831634
0.07680366848198221
0.04678490596738819
0.01899815297993998
-0.03271465030443541
0.06018752087996961
-0.08538363277097771
-0.06860539424475777
-0.02168085559409804
0.01764072306898445
0.0512535441123198
-0.0406678008676821
-0.02122817315115018
-0.01075991451639877
0.03656088687762941
-0.05585817147997598
1.837980492165603e-05
0.02856588230430517
-0.001030723368500061
0.01830438704059666
-0.01595949755886789
0.09910552752724952
0.000304587418824543
0.05857748793434506
0.05439655328824946
-0.04654567035461332
0.01670370443203049
0.03438829054251051
-0.03149299387003016
0.008534407552078127
-0.02501850700870043
-0.05391191189937721
0.06896491099351984
0.03713821716170299
0.04574677913703379
-0.06360830664969654
0.09542995085813737
0.06125443790752813
-0.01305942306127916
-0.07314087300306672
0.02222229688111429
-0.05095638418781054
0.04927508037721813
0.07987640455884894
-0.1102277148997197
0.1280107946904926
-0.1137368276869685
0.1263702147232794
-0.03983397587399162
-0.01547472169875302
-0.1141430095255589
0.05680665866207222
-0.02755412802244109
0.03199628281118885
0.1173441127189855
-0.005253712120584605
-0.07156859298170183
0.005884418276093345
-0.1355373224268042
0.00866888220292613
-0.003172954586767519
-0.0309399666345359
-0.1304629869539007
0.03752407161496665
-0.09148586411752099
0.04161406529865182
-0.06759385628664225
-0.1562779336703722
0.05973353647852403
0.03866796410834672
-0.03112186674087479
0.04590635213079811
-0.07217204213986091
-0.04920409587233385
-0.0668113486903783
0.08200969465073382
-0.03574162691845365
-0.02900663102555017
-0.1144342716440134
-0.03236993580287206
-0.0231080890261776
-0.139005555597764
-0.126394620293476
0.002245978237689565
0.1215090645762951
0.08299972216776617
-0.0462953667950956
0.06863938033857209
-0.0001376225742360446
-0.05394082037222621
0.1280065983181009
-0.05604249123151506
-0.02182038623106314
0.1086111765048033
-0.1430343071950504
-0.02715945340360732
-0.07216560129217191
-0.01760491815775032
-0.06492828792818613
-0.0224843039023565
-0.01657637743335033
-0.0269932410658408
-0.002476029190625111
-0.08902670649362561
-0.03896305214425852
0.0184919004703846
0.07106119976762337
-0.0435166761206876
0.0171829272444463
0.01272387252343498
-0.01305980334334844
-0.03721199319996339
-0.03810392300627607
-0.1101875359923969
-0.02155084605302957
-0.03852734219290684
-0.04048454753397533
-0.006846415248746494
-0.09015371431953639
0.06909386476160387
-0.04783491899582291
-0.007293595960513925
0.1816082735599971
0.01170683245568064
-0.01177867504950263
0.07545590138848043
0.09571632373170937
0.1032838360717239
0.03671329357107109
-0.07521985257951633
0.00518760296855577
0.02389489517349214
0.04328249433971966
-0.1250511769868468
-0.05593777361298092
0.04078973140918657
0.02794678593950826
-0.01976563599227475
-0.06488744885477513
0.01881837504059393
-0.008356893857259649
-0.0719979174352907
-0.04561438004120341
-0.01468080180309829
-0.06035056738301282
-0.02973345948615966
0.01015600276762372
0.1436314020151921
0.0155772356804046
0.06996530816303403
0.001775994215658504
0.008535122573010236
0.04900648011656165
0.0563500856398664
0.04980610060074363
-0.009316166967349354
0.02394279129582479
0.001629882898132817
0.02206602227951504
0.07666172660117229
-0.04946469648285313
-0.1223007833979718
0.1184937317865851
0.0916500597005247
0.05573187706279685
-0.09413439581859384
0.01451874468275767
-0.0567784971514539
-0.0008096811763785988
-0.01123514864199302
0.0233746349535196
-0.01076980095435628
-0.1073516212273529
-0.01432492678598331
0.02463619216887911
0.06427887432357944
0.0383631034240591
0.1024655981028321
0.06914204829123249
-0.04220823593474098
-0.0189440286505735
0.1034594291996199
0.06490527200402901
0.04858100304837593
-0.01912121036329919
-0.04181214211156344
0.09079763819133083
-0.06617276917715932
-0.07242824577745978
0.08930894343871176
-0.04260124016309608
-0.04798698840192415
0.05467580855450421
-0.0005189425417139529
0.01091614694901346
-0.08743457441074629
-0.02784074493382516
-0.02201281685886001
0.01418280220012397
-0.1161084668117789
-0.1137158085659064
-0.08267046199391814
-0.08006654349933809
0.001934144547148766
0.001361218580891145
0.09821138694628956
-0.03077977922569848
-0.05041839305410414
-0.01758602968382396
0.02685755409545895
-0.04491829737644683
-0.008347276714395592
0.05045359305386456
-0.02254164287772259
0.02905945149906173
0.1130161183986765
-0.1286738163906988
0.06739380433287445
-0.01413244639138662
-0.08238913651255908
0.07241302744949057
-0.01811731899476757
0.00227855805608443
0.05013084418513772
0.04282096144394699
-0.0170481787172389
0.1125414277476575
0.0294102496497128
0.007465547800809776
-0.04302827887407354
0.07735235826890678
0.04598098025591089
-0.05400280763303061
0.09516718019145307
0.03078564513983084
0.06174498916738174
0.03463582761034921
0.01334849004399645
-0.009027720487132511
0.002843847254680204
-4.895604611923621e-05
0.06326055677117948
-0.04437822605402745
-0.03705228301302134
-0.01755083236781717
-0.002556035484377536
0.1032665790308108
0.06458977223175166
0.07392174339713806
0.02755070708357004
0.03034623729741646
0.04365786825930419
-0.05007530164273517
-0.07957671263186816
0.01580168985159783
-0.05152197991696245
-0.006909608014618422
0.03250808808290134
0.02549944010486129
-0.0005553223528765808
-0.03881165820798478
-0.07527822293214959
-0.04861965459132597
0.0889004845175546
-0.02506215052721813
-0.07980971603696629
0.006220351505522817
-0.04708205311132926
0.05348488765123652
0.07898266886532526
0.1061048008601392
0.02195915593894852
0.043530302310712
0.05491298869723102
0.001736019248729053
0.04413744206171052
-0.03738488202040853
0.02867956660464741
-0.01898655492009213
-0.008115350945967909
0.04563777317259263
0.0854092733763657
-0.003569009500138557
0.03248477206491932
-0.06515444253320543
0.00178243142435704
-0.02891847950991904
-0.04995240358177587
0.0213645573104722
-0.03261197991056523
0.0856254319659929
0.06609414942537077
0.05025514500161095
0.01620074462171945
0.01790436484613758
0.05108523901213211
-0.001457050998298771
-0.08572546893379014
-0.01732670027065784
0.04887202209328649
0.006883283076022352
0.03557372392777422
-0.05524976031239974
0.1765999706140184
0.1160240866475948
0.09227587540087889
0.05936419143517772
0.0479053119111184
0.08288465127320045
0.1106090105439868
0.09121059963257518
-0.03891527444130104
0.03044371028391823
0.002053349432911362
0.08686409815612417
0.07865084768410494
-0.001860802555337616
-0.1321576671354016
0.01838557201353164
-0.03483614270942711
-0.03622842940616158
-0.05868928298933834
0.06188009568227355
-0.02949782036738395
-0.0808328899875882
-0.06954240017098487
-0.008744973657770612
-0.03913714884294807
0.0007717251576749885
0.05096078948051558
-0.07201902783849223
0.1121665507874939
0.09665688748622157
0.06674233144268241
-0.09728826550343837
-0.03534445826615935
-0.07766648900073025
0.06814744671509113
-0.00575389385433284
-0.03243359506780621
0.09110794311708989
0.0002026886654469401
-0.01487751402975718
-0.06228611945316656
0.0008826736015507264
0.02473632011335764
-0.001231462659309571
-0.02653558900328792
0.06042833119293048
-0.002325164261760632
-0.01576154299606748
-0.03522717048297719
0.02236464200908788
0.04404339917663278
-0.1041804781481184
-0.07612888679151272
-0.001576663910914803
0.007965579046914258
-0.07924026507267801
-0.006086091668132954
0.02388523634370044
-0.0306723675798632
-0.08723994014102775
-0.004397673691233374
0.03276270164909854
0.0114619465072546
-0.004506874344168875
0.06243673952399649
-0.01667756073774202
-0.04303813672207007
-0.06265451678756512
0.0413861693887492
0.005183185648361906
-0.09743134949507598
-0.1137528756629363
0.04417700493680111
0.03629967527603964
-0.001595346134319133
0.01731119351386906
-0.007949354967409818
0.04853142873793993
0.01732319885848602
0.07501909232282472
0.04662184396231468
-0.04287159296164103
0.071977151055809
0.05207110323692107
0.04279706618717174
0.07555691216749075
-0.08548111631659484
-0.0335281542195604
0.07848882265312429
0.02554321355136143
0.01183460616839416
0.06632250050980672
0.02537372713968234
0.07342483174078432
-0.1209509772393273
0.02623859394683162
-0.09497383805625928
-0.06045212473558591
-0.05396412220087721
0.03614903935828992
0.03493862722649499
-0.04792092864084009
0.0404475008635329
-0.108276191242896
0.0458558265000356
0.02624910312457522
0.003093986721313412
-0.002992520164524105
0.000362686106941755
0.1121168230871374
0.03610724308540671
0.02114599465977057
-0.04181740810407666
-0.009044782936625473
0.01343346946803391
0.04082160581821953
0.05395972058265417
-0.02071541460217083
0.07680818898692848
-0.03978081118413976
0.07735378200393508
-0.05551608499717416
0.03034594298203981
-0.1482079654996772
-0.04904064888910194
0.05431890438458085
-0.00137302240600041
0.01889814726371498
-0.08142279072815764
0.01610188519184751
0.05504015403346441
-0.04626834455865511
0.0283002873832202
0.04545308161237925
0.07999499974741342
0.1563679868774684
0.09699220708118587
-0.0566659513218452
-0.06512397658468594
0.1269752248111186
0.009983890770382533
-0.05482434875221977
0.1206770342809257
-0.04322667934554992
-0.07794102760763284
0.0044069199604461
0.07795182736581929
-0.07312730936643787
0.01329071269240423
0.1259946234884269
-0.05911577367844252
0.1094783975771542
-0.02234818283149498
0.0523921282493614
0.0153670978974278
0.01589585492304429
0.001583853242945688
-0.01036135966128662
-0.08106173150524465
-0.08468641048067033
0.09806111281008047
-0.09897315970621978
0.06397408139354842
-0.02582444910496225
-0.01002683734179664
-0.1170420081539133
0.06926178679719004
0.01255098095931608
-0.09665841425594443
-0.04792307532682447
-0.08866010550172518
0.02384926519013401
0.1170048020158132
-0.07206963293415156
0.007570285938698785
-0.1184838342856612
0.1168465013942569
0.02095895428869923
0.09496904091938559
0.00545871978254743
0.01879655027662473
-0.04204453303551361
-0.0891367043423196
0.01182169314317197
-0.07321524553419149
0.06837471653950791
-0.06316326806008682
-0.03279178602477262
-0.116151982066543
0.06151776391320776
-0.143622416639423
-0.07731317919729568
-0.1096034474824706
-0.04903356014225405
0.04591220131656644
-0.07199611990263612
-0.1480906738664185
-0.007320920532734684
-0.09815655130034329
0.01409768370069095
0.05633364761837119
0.03782494152294845
-0.004296774946769943
0.06279352655557643
0.04377039320309559
-0.005127266120504799
-0.07742351469723882
-0.05129446874181064
0.08749818509111877
-0.07977964032726731
-0.09707719574680664
0.1005718331558139
-0.1132779932242913
-0.05883061238463326
0.01745687403860387
0.03116162012789698
-0.0937803563516373
0.004618378877211964
0.02803637897423642
0.04431296490017667
0.07909746338031434
0.04628309647811146
-0.07187320019304808
0.005032065804867304
0.00976650798995591
0.0155417897427032
0.03493593853745713
-0.01265894419133325
0.00717794588497917
0.06450756786095085
-0.04034592406885196
-0.003603482181870336
-0.02972083123383278
-0.009161619032526248
-0.03506670323052485
0.04338030255185207
-0.05810881279934767
0.001032628488109871
0.01778737963478676
0.1626140400209825
-0.04086229125414242
0.01798024663806098
-0.1098641952093999
0.07001299549626906
-0.0465535693873244
0.01414012877496239
-0.05637574051545765
0.02976385746934344
0.06453599625283626
0.02240891631023898
-0.06821049745440444
-0.04296721312653144
0.01150304052945535
-0.03581936521456476
0.02684718315895266
0.1300899013780832
0.02168283415101285
-0.003097684421077537
0.008881662200711005
-0.0249659363409637
-0.03922590705890563
0.0243417531008755
0.06479082806197417
0.09177155459427487
-0.01415749346672775
0.09355429060430107
0.06342991071180029
0.01180792676558543
0.06936264341698692
0.06003197174212561
0.06570792153877493
-0.01701125434130875
0.06869774698062785
-0.001313175232621419
0.04252886928996658
-0.0302318964538589
-0.03919804355433323
-0.05662586646381001
-0.02521041332291109
-0.0267901438145029
-0.1950384550316995
-0.01147361162260404
-0.1528944075806634
0.05065828778718962
-0.01320105895444386
-0.0005145190912511106
0.01569271099146284
0.008126365210347507
-0.01875575857513296
-0.04666336116192343
-0.03609813999151755
0.01301341901725994
-0.008215383215490993
0.02303929874652562
-0.07654934755067436
-0.005254305146280855
-0.101366529932323
0.04219892712859079
0.06911612809317823
-0.01965787599854218
-0.06457349257454194
0.06093321917826293
-0.02798889853388963
0.04992241141775698
-0.05960163354319173
0.07399631714207497
-0.05580058470956428
-0.03024269036384287
0.02142876335413268
-0.03112872783320126
-0.04760216115232759
0.004347678246826598
0.1006845351554326
-0.08309669568526379
0.0006308609644157005
0.09710681106665331
0.1187512278524375
0.01703967253105834
0.01253656949660432
-0.1433960300164367
0.001433855647593022
-0.02648981489199593
0.1222578482799411
-0.05376206944162666
0.009047776481217157
0.01959586314051853
0.01755473181261905
0.04620413118501744
0.01416438794703754
-0.0867071491163573
0.004141508850468455
-0.04005120659179767
-0.000401176787845299
-0.1497917257368774
0.02175519248796275
0.1686414570569482
0.06397137521191924
-0.01741957809737942
-0.02845604587990555
0.1225622423463918
0.01203404759463872
-0.0341409801425775
-0.07007876175901845
0.009671337825369143
0.1177878311735599
-0.04622162872265675
0.03305967420933961
0.03318340884615778
0.03069626002415663
0.1104689023004552
0.004312364090538467
0.06842356696232518
-0.07290606105483488
-0.115565545707772
-0.07158471577720246
-0.0363355403577323
-0.03447678445302274
-0.16471984418879
0.09452591700000851
-0.004650231764982131
-0.07338847657509655
-0.033573920418702
0.05602715997805176
-0.09379155137220702
0.08284161232840744
0.1042228135334182
-0.02188170937806546
-0.008371401075045384
0.1074877004514148
-0.01199460787967148
-0.05868384779093275
0.05339801795991019
0.06318888171101832
-0.03429712284899362
-0.06427509211203174
-0.003431991509473473
-0.02921212751588759
0.02633044273690052
-0.05017842041811373
-0.0572225849415346
0.003273757084046321
-0.1009483202541573
0.01941106512037002
-0.1207460126033613
0.02935740573157409
0.04180345206846352
-0.1108993539275949
0.01818047335352978
-0.01642004334915457
-0.01308743729589848
-0.08468558436654244
0.08289816194058686
0.008549502713821856
-0.06092995289415776
-0.07897893664962824
-0.0461077018323744
0.06954393250149754
-0.01819576070793543
0.006554448259275255
0.06532848420243284
-0.001495280503253198
-0.0278029200865446
0.163608554408753
0.0424953256579997
-0.123837093667966
-0.02596455069708227
0.03411470453383861
-0.06971034512844315
-0.02673804161765714
-0.002587371057059966
-0.07291285079621257
0.005090456666286276
-0.1875427863172507
0.0003126425539446212
-0.06124997274949585
-0.1700432559544849
-0.06593903718279337
0.08013190855294217
0.07549291149367005
-0.02176890315588649
0.06540819011739359
-0.0426529721350502
0.01982765605017105
-0.008063420411167461
-0.03611540355036608
0.04069010363738304
-0.1032316089497389
-0.0005167101715682285
-0.005511984335475607
-0.1074340037049976
-0.02416875299970579
0.03586415061931938
-0.008761508260410916
-0.04226961963533086
-0.01474494317078363
0.03577769499937095
-0.01731046159903916
0.001851734780660912
-0.05877874998774708
-0.0004582383077280719
-0.08950718228696046
-0.1052667914598538
0.02544136831276107
-0.01306223581936101
-0.04386397323277866
-0.04005678042510715
-0.00878065693947646
0.03432574807720623
0.09224372818376347
0.1184136294657243
-0.04602650956277891
-0.05459412269117256
-0.05631534631821822
-0.0911130641369462
-0.02309217176391053
0.02251046329913549
0.08548218702153605
0.1366136887006327
0.04452266862367139
-0.01665460595204062
0.02698533754291331
0.006186979093816797
0.008065036900001434
-0.1319818851267038
0.04493550483574675
0.03601550249378971
0.02983148191312792
-0.02520354456939922
-0.04148964367618031
-0.04640676920937112
0.0689017657780077
-0.0446736474722679
-0.06051005808694762
-0.01819258834689903
0.005928115806265958
-0.05201612016143232
-0.1081475243671534
-0.02123923286330568
0.04940218658741553
-0.02198605833314278
0.05057706997886444
-0.1955249656791468
-0.006883577709724349
-0.03484883526911153
0.1648541609228468
0.05245246345955717
0.003468454195144494
0.0225719244371002
0.03527258899117286
-0.1465178120717784
0.05900187272948461
0.03268567327610731
-0.04169874317561414
-0.03616996077145845
-0.06476802064460763
0.006284750063244674
0.0631042048091697
-0.0267653160173993
-0.06446461527735323
0.0654130370285749
-0.09485792265031168
0.01811659536546238
-0.02713920029285971
0.0002472776688668514
-0.01589682311275137
0.07576925863842378
0.04723542132160573
0.02747713679995829
0.01484082727917005
0.1790412705403294
-0.06230237130073021
-0.08067463687549647
-0.04094883964766291
-0.08773468419510647
-0.03311768407313335
-0.04098059691118781
-0.0005471619329180527
0.03334709656846056
0.07939627941830787
-0.01742325032712617
-0.01012540699842231
0.02991658093852512
-0.04960372625114053
0.08963984294553953
-0.04595119481189469
0.03058907498204046
0.02374673624846221
0.06285911933464655
-0.02182147094141072
0.01392885955542522
0.1274738721610552
0.001359731321855573
0.00601942787252524
0.05771136609499744
-0.04056276751539067
0.05253960405661737
0.03061538250792538
0.09682942419138477
0.03775399860443346
-0.02539222638262675
0.00766633698018479
0.1114258631679486
-0.02036963101978271
-0.04223117160775954
-0.05508868006857478
-0.02219197115683769
-0.04148355457834962
-0.03982959976706742
-0.004277083118164302
-0.09703776849843818
-0.04622935785582523
-0.07743152979890403
-0.02288777065157501
0.1646778304828194
-0.06329634669461225
-0.00030531225947035
-0.01816716269734669
0.001005086135299586
0.08297241408203526
-0.1013298199623167
-0.1100149954368445
-0.08604813201195594
0.06292921380535221
0.06297302201591845
0.04405026649069251
0.0373974108441643
-0.1151786039965213
-0.01346232198066509
0.05678408851578498
0.02947893348122928
0.0259103515471392
-0.06063305274020286
-0.0211452721219131
0.03953047673099438
-0.1056879148620717
-0.04544320425390524
0.09438138656593671
0.04123576885960409
0.07355031004110063
-0.07176070332203452
-0.007463651790180745
0.02698754221814095
0.03598312665270644
-0.114700251849423
0.0367651682923501
0.05180754777077701
-0.02045709213829959
0.03717725861328589
-0.09607390408434616
-0.05012676776689323
-0.06249269077734264
-0.03171665729967633
-0.08812822805413251
0.00810431142654966
-0.03487945032147807
0.0297035237339505
0.005723721605455034
-0.04344434489416987
0.04886339586834808
-0.1154304996677041
0.05994641534622185
0.02486786500802164
-0.02303382644408695
-0.04797308297777696
0.004020791199399888
-0.09025168877819764
-0.07269722778962123
0.01111799878250356
0.02058461406414678
-0.02089329393619768
-0.0275550351457551
-0.02212403043580794
0.02165063697182807
0.1241314504262441
0.0588381055656042
0.0122216558765826
-0.02239887111373362
-0.1350755996972958
-0.01343288494548673
-0.05669249817963252
-0.003412492089618254
0.02964572893784118
-0.03160561436366159
-0.006418068220901199
0.07500433739729712
-0.07533536841760818
-0.001300513261431206
-0.0009185341201913486
-0.0372278468906513
-0.0831043092204188
0.1220005451368529
-0.0347669256284916
0.01940960022022798
-0.1355419486927704
-0.03201904887560508
0.1222176221659621
-0.03650817618448512
-0.01122191275062722
0.07587019518600248
0.05350206462677268
-0.0857668662413639
0.01501871798558123
-0.04087753526014812
-0.03519349375456565
0.08184051139459425
0.009009505423861822
0.005441507075834733
0.03660433754257464
-0.06997156378903582
-0.07199362104417378
0.01825111742423086
0.007791943417822987
0.04379017948037928
0.1074298717958386
0.02917209337637669
0.1311338222093281
0.004447416667404711
0.05925890597899351
-0.03598274670106177
0.01764126598591494
-0.08048150518101187
-0.04104732525014648
-0.0002631533752415222
-0.03222370113542086
0.08236541864527917
-0.05972358858058882
-0.05576706034015209
0.1093994726298199
0.05516444369636223
-0.03563057167080867
0.01106926061494304
-0.07191551881950814
0.02366593421694575
0.08507977121429564
0.02675758653863484
-0.03394247790513717
-0.1768762167392628
-0.02441037628053294
0.07511919723851022
0.02375221776398921
-0.005249995586665553
0.04081180043006832
0.04268656947707434
0.09778230736561221
0.0004673629899662694
-0.02581718864050979
0.05104346016682057
0.01477834291287403
-0.05711807037464414
-0.03369174839412968
0.08743677103488649
-0.02403934057820186
0.02698936874507317
0.150684138229289
-0.05820327016077557
-0.1217345599430004
-0.03912857122160841
0.01170401538931995
-0.071253408284287
0.001890360998145785
0.04189921547660981
0.01874708937340661
0.04541596913748686
0.01351334753671402
0.04139870192941702
-0.01857126397907533
0.01875871362584398
0.1440577508037894
-0.03722074357033691
-0.1187598396105084
-0.01092246155736194
0.1671463282269998
0.07633656400746863
0.02923503146493165
-0.09886621834595224
-0.1436904710846486
-0.02455855581987213
0.04679081163307704
-0.1034559157732868
-0.1123182329436891
0.046149580960088
0.04303215345292295
-0.06088097521585545
0.08185816897073593
0.05057564939258703
0.07513662841100735
-0.007591005002937884
0.06086571156115378
-0.01689120256778229
-0.005059451948998282
-0.07646971078136537
0.01213879902472161
0.1005766709472515
-0.02489108521617922
-0.0568854841673244
0.08030965852189267
0.0409687170157856
0.08924916635543473
-0.05823400729113834
0.001437784857353991
-0.0302187071973255
-0.1026540054273776
-0.04104647460221013
-0.03530669956927288
0.05106487249997933
-0.0248915750329598
0.04706485464413034
0.00335107386901437
-0.08496538768371219
0.0298711463251031
-0.09950954397571782
0.08817549793205584
-0.01172504347237878
0.05339664530434021
0.1097989331193485
0.1554320212270152
-0.06273993551174192
0.00810591768408352
-0.001084573469691597
-0.002720565776440219
0.006282615618656997
0.02135984819485406
-0.07035685888663608
-0.1009797774806887
0.08821768898662249
-0.04354599570899884
-0.1057884948955767
-0.05590969865237044
0.0541444745363092
-0.02655373423546008
-0.1234939212086679
0.05921546601384399
0.02367822616098832
-0.01849904210404827
-0.01325014410389434
0.08102910756919851
-0.1310580609033395
0.09932831119675531
-0.04310388571808107
-0.08411821411568915
-0.08929437881946016
-0.0547284802879205
0.06367282214071948
-0.004329377403389834
0.1046659048320744
-0.08206834374315822
-0.02890011052629902
-0.02135166835545111
-0.0805312065103109
-0.06517572068676494
0.1245814997112922
0.02744840277159923
-0.07320111969924573
0.02663625759121051
-0.09607809377444815
-0.02246797516831628
-0.03322550502551203
0.01205531222273246
-0.07639083279828139
0.02807678540443773
0.06740806608033581
0.03602608303335792
0.06615232998148786
0.04479816335457003
0.03572295596237089
0.1373790465611631
-0.03899029211035696
0.03683778756815263
-0.01369430222653344
0.03542596431309827
0.02828219936283603
-0.08118142440036516
0.07407124258709336
-0.008990174739971567
-0.05191081454092202
-0.08523182392560505
0.03431486974583217
0.02156781535315971
-0.01410716929047453
0.06127546920385435
-0.004893743075036053
-0.06345479907497449
0.09290226508819172
0.07382875236035279
-0.1301386325093366
-0.05211594841818937
0.004038711539635439
-0.01142014651759709
0.05199179651617137
-0.03329385482397368
-0.02063527938340623
0.002301850784738973
0.02450233802468137
0.008635691749609464
0.04335231854073981
0.003039010694406132
-0.03103587459746953
0.002543248372844777
-0.003449841046099349
-0.08628157819226272
0.09234756349138595
-0.005604893626457622
0.01742598943935326
0.06216462138725661
-0.007411117536369007
-0.03180451960807493
0.001433740092879485
-0.002222152519792492
0.008351793513503505
-0.1146162477655633
-0.03925659943190284
0.0008321745093501295
-0.002392996709216846
0.13104004648421
-0.06802513065192453
0.03847674092492653
-0.02254396432550874
0.00217816317094963
-0.09534304864246779
0.02706178334159982
-0.01229413327803282
-0.1308417063751073
-0.04155840918735444
-0.01721820251365149
0.02591161088890034
0.03385545886890384
-0.02206829577689793
-0.07399689107498642
0.03285892615237071
-0.03175526573753887
-0.03673088987657479
-0.0982826234859997
-0.01955299173613542
-0.005488250941861153
0.110037489265468
-0.03091139840577768
0.1360391551988558
0.005127649186600785
0.02703102844648303
0.04357715930759073
0.07320039582073955
0.0875235762259171
-0.02534408418588808
-0.1295892037357547
0.004210825868693542
0.0697272581151258
0.08524017172201062
0.08374737621288725
0.03210798218171064
-0.05581357863820085
-0.1170209486448129
0.0424797255070401
-0.02846484159349164
0.004911188626235635
0.1501470633031423
0.02781048733776258
-0.02844897055464012
-0.01756267635670433
-0.00893481112265139
-0.1002035409288759
0.07994217076984922
-0.07964198722724289
0.09521754810423239
0.06047072364958058
0.08450063840126672
0.1180521170587236
-0.01785686328300073
-0.03559998711921488
0.001772130748640487
-0.01200446497080013
0.04427203469542618
0.004610633459180762
-0.07408598408041278
-0.05224091608631307
0.001286077770810003
-0.1042132824936641
-0.0332323092227809
0.01761389062752015
-0.03276339176852684
0.08243563441929397
-0.04220992665809967
0.02052006026394108
-0.02186013266431895
-0.004593110718162539
-0.07992675646297978
0.07798923756048688
0.0380295909919128
0.07004792930275082
-0.06548579086862961
-0.1651887700843783
0.1159759474371154
0.0499101639614502
0.02734764493620497
-0.0797339676558492
0.07750006883036936
0.02773456880164645
-0.002522115565956728
-0.05405729023938406
-0.09707944279318073
-0.03794619129046972
0.005537424926631701
-0.008617649764119828
0.01091217510576277
-0.08562854070067671
0.05563022857435126
-0.08174402748524794
0.06031989447323299
-0.01988873027734938
0.0509049912711634
0.1334103334037037
0.08264066703283604
0.01725156032586675
-0.04517038921505075
-0.04873034410020346
-0.009979967269648409
-0.01206836142645988
-0.04568930082830155
0.05272210966039563
0.02264383155680024
0.0002317886062993928
-0.02383261826015972
-0.01403439768248638
-0.09238838853119823
-0.108203739850997
-0.12043652563197
0.1101574014455663
0.05727277576581133
0.05438968995417207
0.06412374519930999
-0.03424011964680099
-0.04019900503955957
-0.0234544915839011
0.02933660223446037
0.01175390214794499
-0.09149203963941542
0.0003091393907372775
0.006456842507036386
0.1063757455547393
-0.02700760656720575
-0.05124193378695832
-0.03700847597932151
0.01225477606400065
-0.00503874357090333
-0.02440050788515266
-0.01059970473964154
0.02853509091278995
0.05427655943075518
0.07876214192792942
0.007928090050622727
0.06154687288482213
-0.07738850791973365
0.07187046519259596
-0.1009506969796999
-0.1338269667501707
0.06562664948010768
-0.04592505698347891
-0.04857179768896016
0.007728286856626547
-0.03906089047914138
-0.08614433917491507
0.01459110875184558
0.08303695449962631
0.0873837550797469
-0.005833810396504536
0.05868608279096685
-0.01200891244399076
-0.03521906107330734
-0.03274657910208456
0.03223979987569374
0.02972098571767614
0.0581718855707125
0.04679408432457401
0.04533030652038058
0.01891641984704778
0.03632056479391053
-0.009619912678893408
-0.05453123544291574
-0.02060929323632353
0.07737547185526049
0.05866920368801123
0.01025596857727794
-0.0009247264090537621
-0.006483769412802015
-0.0455642413639806
-0.03320061077325442
0.01458120193685625
-0.003847047686419351
-0.002221093852038298
-0.07555922155849526
-0.07642076847173793
-0.01287149421028248
-0.1160332129937964
-0.04324182318179975
-0.02324072451356479
-0.07296616725611836
-0.03107870257461022
0.06240439319938108
-0.05726687592050945
0.1116031982946904
0.05531595273775269
0.02682805791629039
-0.04690702544948876
0.01230671653026954
0.08059338697369754
-0.02379408950074274
-0.174864932142208
0.0084104776793865
-0.04783957075455517
-0.08659502884736334
0.002848697295399043
0.008703751630224889
0.006556935253453773
-0.06221404140944478
-0.07261023103156078
-0.00381236023241488
0.003844727489856252
-0.07071962655392018
0.006375398006015814
-0.003821743941597622
0.00879819087323426
-0.08088965876790116
-0.0235846017391507
0.01980197397487358
0.007206508011263605
-0.02688705259414412
0.04450292834987517
-0.07891381241812449
0.109172495974044
-0.05162519686109168
-0.04960182311952782
0.09045364147200238
-0.1092319821903439
-0.05513482164219432
0.08447240320127142
-0.01719007524631673
-0.04177764051046673
0.03541210814222857
-0.03577280844919312
0.1152613852183314
0.02053274864254444
-0.02588824258069941
0.04437749237084961
0.02628996873690752
0.01282433845966381
0.05089181891076223
0.04505363353575541
0.08181757367951653
0.003450001136543853
0.07419508584100773
-0.02135017759697863
-0.1172388078544865
0.03629361038479239
0.04109852868249908
0.01754419421154872
-0.06970482154272235
-0.08193651036602985
-0.03302609344152579
0.01639583464804115
0.07462638380432229
-0.1581174839441017
0.06870116309067267
0.004920001514174616
0.05634668338727328
-0.06474886730435191
-0.00687493778947439
-0.07415597482244249
0.136294410949443
-0.07599394171735345
0.01521790132308962
0.05944606681416135
0.0356079392525462
-0.003784049851081356
-0.08684962423512486
-0.006397322902580327
0.004653095422482384
0.02095436025702245
0.07059545722355964
-0.01937840849974528
-0.07311680940456612
0.06281737442208951
-0.04512375933886621
0.0751695036654422
-0.03666076604016182
-0.02923887046144817
-0.1311518182107635
0.002934820031603932
0.07448687378609463
-0.01007010768156109
0.02863734276441422
0.0420553707736309
-0.002880777037807102
0.02046021598362478
0.0196540295893864
0.02821094033174024
0.05940379225842583
0.01653951252691251
-0.05568416867715342
-0.1119780670375989
0.0388969062344766
0.01431006727160755
0.02284333564321433
-0.02851761071949081
-0.04191740419992207
0.05051137889108594
0.03439649336144372
-0.02687347079412636
-0.08794083119479398
-0.004696759250967006
0.009419651879847477
-0.06071501023756772
-0.01292835302090732
-0.1069872856771394
-0.0745237083683612
0.01861450723824788
-0.1277622112680917
0.1226325474095714
-0.08874284418546033
0.1393950799450159
-0.0587192882623306
-0.02971667532807314
-0.07450398012607187
-0.07974857318096723
0.02522826161193954
0.01365387706628126
0.006191336340669901
-0.01992811402056692
-0.07258481041451506
-0.04389531265030682
0.08664469209884471
-0.02160066258939802
0.03949244594475521
0.009631715062747829
0.03540917096216664
0.07991473429660979
-0.02850212284125871
0.04256031858349256
0.03488571742153308
-0.190161287140113
0.09142462940027307
-0.1291833874299208
0.1581560728487822
-0.03115992508291989
0.1075663351513139
0.1091362852263549
-0.0456147104511111
-0.02583903935450212
0.03885980116077515
0.04430031154818423
0.04680733726110062
-0.1209370687902634
0.09999708322037973
-0.003849171587650088
0.04461635851122568
-0.0500676362464126
0.02606086890273491
-0.09472187744806318
-0.0136936151747305
-0.005716643564781276
0.005669279624362696
-0.0884020019117284
0.1439679029437163
-0.05951390695928378
-0.06986893087808593
-0.04881761566118268
-0.003354273855328604
-0.04305433571577775
-0.1067652854237141
0.01591941547219068
-0.09755682433416178
0.1258164220594312
0.02613841517664028
-0.08923075591002275
0.1323474806625755
-0.0450866081876129
0.01226172413975244
-0.08619660141732086
0.007766698746266662
-0.01314743300242575
0.007647620340506362
0.005564422009719674
0.07863200803566656
-0.05911366256901616
0.09842301477695392
0.06383766607653696
0.04839306862922949
0.1520130490200449
-0.04946952073836474
0.01081907394174057
-0.1263316164843541
0.02045454526091142
0.02554511885553731
0.003549840402576811
-0.08330511187460901
0.03008008965682314
-0.07298714090946415
-0.1129550540988888
0.1149605024635971
-0.04058830721341585
-0.04232271040879927
0.05348240857810228
0.04499315634846564
-0.02576275234749017
0.1270479542745369
-0.0259712730861834
-0.126485925787149
0.01430467137577474
0.05131695193692901
0.05545322464621234
0.02937343463854737
0.02417623997863354
0.1197838880033527
0.04950116695504116
-0.04841476846382332
-0.03004732720117986
0.03175148482513421
-0.1277777123828791
0.06922143501872573
0.1630335869925617
-0.00623070352053267
-0.04935581253105125
-0.07300785693217229
-0.02278507069577995
0.1365471534675323
-0.04942327531686026
0.1437514537774683
0.07721172504807419
-0.06715887303330512
0.04921364864386435
-0.008649443895263493
-0.0498415394886477
-0.05742927239220167
0.06106450154975387
0.02688632146138024
-0.009910643195954296
-0.1003845057778824
0.08262059685108718
-0.08966404197335037
-0.06553841265758437
0.006816862581894172
-0.02140529465349049
0.02898243217406697
0.08839201303542212
-0.08581033533971529
0.001626525138776244
0.09865094142513264
0.05729129024314767
0.05902010439661708
0.07922729241711807
0.0538266819908273
-0.1085402267469572
0.01833618339701157
-0.03737177487790932
0.08218123019655345
-0.001715035140290672
0.00196882661776315
0.02287434396511859
0.1162096515676855
-0.05243484112612902
-0.05921278110796383
0.05701251122856474
-0.02732704567347376
0.05354015601483731
-0.06587044430300915
0.003772267393722252
0.004610280569822649
0.02339745842182285
-0.07510907383099902
0.06871570890519897
-0.02489099238234063
-0.03355083879796422
-0.02388160197152107
-0.07514461758718921
0.06338386428346085
0.02284153261629965
0.04765827025096842
-0.02081477864254309
0.04434351086110887
-0.02823797200466364
-0.09140439315650421
-0.08214858545736224
-0.03243041773629979
-0.02191593509761191
-0.1907760982227297
-0.0900837393898038
0.009829427727038941
0.07044262649603963
0.105721632303182
0.09642288522374279
0.0262803891416318
-0.08592426583066752
0.03934076344244357
-0.1041344861273837
-0.09785463422391522
-0.1265734912256799
-0.004149231694204671
0.03503293863013629
-0.04956755942383395
0.0500723967364248
0.03438878463330335
0.04137004710132178
0.08603725298435656
-0.08036523828080333
-0.07112397932758442
0.04715961054008552
-0.01457869621150406
-0.1250849555656233
0.0928261500956373
-0.03803735284528431
0.037586611169954
0.02284878908685049
0.005745078704823832
-0.03037750017442119
-0.03139780548525805
0.01791485204149981
-0.01714687902719006
0.07002075845400865
-0.07065417524065729
-0.08533350513218513
0.1351003101513493
0.1287755868463165
-0.08147751860790015
0.1220529922061276
-0.1321096688199744
0.009365382540436718
-0.03867710694239511
-0.04417140738678434
-0.01451758456317878
0.1224174179746013
-0.0961467963727405
0.0443938026996704
0.04152774511794448
-0.06677799452301603
0.04714338392205809
-0.02832223694345863
0.006414082076900241
0.04108425649725719
0.02583348151583875
-0.0443645427958065
0.04093373702246002
-0.05458674890939832
0.03519648786433072
0.006746786496593594
0.002075364822282168
-0.06454666097703562
0.07349465169340672
0.01106493950672848
0.160519528728941
0.1037483027631296
0.07507099116398225
-0.05404594816591415
0.1927978156581142
0.02934872580111766
-0.0174579219145588
0.0226062436373519
-0.02851927399267198
0.01853454628388025
-0.006207969549927285
0.0323030655488425
0.1246258440715049
0.05532973249103533
0.04402257631301316
-0.04359245036737696
0.06637834762444603
-0.04600839401850152
0.03970892400671245
0.001394938677390399
-0.05856584206602753
-0.07820121926683408
0.02913805298577827
0.002859209789304503
-0.01933789612343707
-0.03119612979458351
0.08705961929141387
-0.093032941148118
0.1441689682469836
-0.01598300050807418
-0.08795136607637088
0.03944277457692036
0.07966751707651964
0.0501355571236544
-0.01551723119986624
0.02287142026851739
-0.07522272545462547
-0.01855078658327658
0.03200264175609067
0.08365448230830799
0.01032003485436428
0.003867332140737603
0.02286138856812947
-0.04828027421081844
0.07848315408487003
0.1525916722845213
0.03237249882904206
-0.0142661407482207
-0.03313645138824798
0.1235442700003805
0.01159130569027301
0.001665691535383532
-0.03565107556476535
0.05159920734223904
0.05307706416359787
0.07063408072989061
-0.112968956381093
-0.08861105425713917
0.03454994474463405
-0.05697977010500074
-0.005718840118789967
-0.0493010281846074
-0.05872948360145175
0.07740785026303516
0.08057322972792121
0.06525231042244459
0.06215050846042516
0.05864946040562603
0.01991285666631491
-0.07537126899793507
0.009706326972383701
-0.04108931068551539
-0.009708368948343827
0.006867572872642679
0.00635932017906061
-0.07694701829917866
0.01265377411462708
-0.01937092238029638
0.0548231964570932
0.08459154391263955
-0.06747881440748502
-0.008181926572709275
-0.04781319246620352
-0.005573624688297418
-0.04913098619603063
-0.03865200389625362
0.1017324421888088
0.06434727168667809
-0.03660867089070317
-0.05256637390519309
0.02809580015032988
-0.01534698742316107
0.01061593500665722
0.06971672158153597
-0.1278081721292642
-0.05035283762933747
0.09399778111050867
-0.05924161371921963
0.0218539563435102
0.01499223225926463
-0.006217442008981954
-0.0884412331768939
-0.06181314716060874
-0.006686837897134638
-0.001698317830119995
0.04085183759332774
0.07836612943219029
0.05872252799261633
-0.04682552868680859
0.06560495256642648
-0.05040091686668656
-0.06493016821623267
0.02738545261562526
0.0367517143237338
0.04258518420319492
-0.07639947581555059
-0.03224461403490314
-0.02870737323029353
0.005853647952097113
0.04440909431223888
-0.0756894227974276
0.02113319126947595
-0.02551686663293489
0.02930177965199038
-0.02434473423704198
-0.009615766488152939
-0.04950746667901244
0.01515546666595522
0.06595422262474972
0.03347760169371236
-0.02959759930914242
-0.05348932040137681
0.003477672795232487
-0.07742222254755213
0.1193928336982301
-0.007078673064641636
0.1078131729384104
-0.02087969198329395
0.08650617867838341
-0.04229699955083417
0.0530531593007476
-0.04002683747776537
0.01267151728786363
-0.08463186363851585
-0.04889291990287155
0.08560838899762033
-0.08080659170619162
-0.06309394654658698
-0.02480825747008315
-0.04417034728013119
0.08486688183723348
0.02242197357027045
-0.05555825258844285
0.02860346342624494
0.02080939778221652
0.06036649866120686
0.01348983254527581
0.0971657279985592
-0.01438424654557648
0.06280547393600801
0.08450394499316959
-0.07088008651972069
0.05494248608911702
0.09400701204026074
-0.05179462711375556
0.00904307096819398
-0.001743875098124979
-0.01058202327240406
0.01560706467303883
0.07132623340920166
-0.07157189215666067
-0.07483490318980204
0.08649653836304172
0.03897922585787908
0.04215009097303015
0.01077928852218955
-0.02307967427292892
-0.0547290929886636
-0.1653366877108209
-0.1080170452297625
0.03995188851578804
0.01542486344950793
-0.07639414599091468
-0.09722240149990889
0.01646662824832357
-0.03531634836485884
-0.07582637547352623
0.0213494903281331
-0.0769155330087896
0.1801327706644868
-0.03824762952886179
-0.03503128804889471
0.01381035136644376
-0.006715419780522886
0.01425481994865871
-0.02747769556120346
-0.05022264658803938
-0.09589881894145247
-0.09378170557287492
-0.04740085468750665
-0.03039642127605967
-0.07201492585711268
-0.04651925510281091
-0.1189836428339902
0.112784856890592
-0.07724640364135574
0.05622967116809351
-0.04241954555236969
-0.0008758706012633177
-0.03555895530520249
-0.0600068046289309
-0.1168200692366404
-0.009216640031845925
-0.02524848710094629
-0.02030958273139793
-0.001355291655185456
0.06606676835347569
0.02993529126119011
-0.0350641634135142
-0.01065542081971374
-0.01867045297899474
-0.06313309363559973
-0.007484045378582591
-0.009062132328210841
-0.06409447098947532
-0.06530347843048115
0.06266453559894311
-0.04565517318935895
0.02822796927658932
-0.1056565170909264
0.002544531315225952
0.0471999308641162
-0.05380583687455537
-0.00054801786102022
-0.08070737419557128
-0.007602411750847349
-0.06731546457757329
0.09556602539282108
0.02506587556057987
0.009360417089767592
-0.0355728829707577
-0.06668481535057649
-0.001042485085142916
-0.05435025601210793
-0.009081556474462231
-0.07932673357021205
0.01820806364066431
0.1441581360646821
0.01943329306493638
0.08923060148714747
0.1688544579563878
-0.09504260188770189
-0.008842614457510663
-0.04507545064933756
0.01726221461795584
0.008555568882140784
0.004024356203729162
0.04251600384222089
0.04405735268286302
-0.02477387052484586
0.03860810822201363
0.01644761279436388
0.06498421054279976
0.06756292028084156
-0.0153859278878008
-0.04204910043974599
-0.03762245143771784
-0.03972240085957283
0.03990074257731459
0.03136854689875582
0.02368560045468581
0.02363656031782164
0.03991409456792936
0.05577044013037476
-0.07933819056341
0.002859681426133222
0.04225906909554925
-0.07762218900459196
-0.002914264394466633
-0.02547941926563887
0.01059091790754299
-0.04436576530999763
0.05179235248346699
-0.09622715883179304
0.08507766230839971
-0.01098658358167563
-0.05864855652792516
0.001540783793074227
-0.03366447842812934
-0.09730693524762635
0.03394986033041861
-0.02292859751598154
0.1792489953501937
-0.09200210790010724
-0.0656450574531528
0.1121134855871485
-0.08245114306005022
0.05488054063258975
-0.09884417270091085
-0.01404503923179877
-0.1415292420533763
0.06563617396795524
0.05680440989957504
0.01945983733681926
-0.01927796064387843
0.05905609853001465
-0.03730341807725938
-0.04892432029184902
0.05391058329084197
0.02349387499085575
-0.1256583877394055
0.0582515896277494
-0.03097871476534077
-0.005374033851482746
0.01505637274880997
0.02031132549770273
-0.06022180581494111
-0.02476432858455127
0.09578332522526033
-0.07879195646522066
-0.05641083101015476
0.05751412666838514
0.09044992376022312
0.03780958779529452
0.04439451763697744
0.1132528103417021
0.05819118506934022
0.06210503251540091
0.03721757820407511
0.03938899111091546
-0.01198327672213341
0.03355720352813621
-0.02394620893273696
-0.01152189978725777
-0.05416541403871854
-0.05563286330599838
-0.01483260622548815
-0.0452477727075681
0.03909367093304179
0.04287594259338698
0.004349828385737935
-0.05790920968549753
0.03846824174214548
-0.07882415684250181
0.1502943290827101
0.003115873732941124
0.03385582222934953
0.02533906287280621
-0.02304678869461428
-0.06959797911025149
-0.04552157125267582
-0.001714720970602809
0.01684496257712169
-0.02352151543817847
0.02212527743429485
-0.01862107446762625
0.03707592251210763
0.01923871152324268
-0.01834184379543743
0.01322626859033098
-0.07346064347005882
-0.001892737813872969
0.1214882684038988
-0.04981442355768298
-0.006115189258702681
0.03230125569986885
0.0004466357755357649
-0.005740190602147352
0.05905191760357534
0.06772042739876563
0.02680386194841692
-0.03916954776624725
0.1141252975766429
0.06586356341915039
0.005705106868187863
0.06948950095080164
0.01242806705964568
0.03524522595181945
-0.0008454279561751713
-0.03228089624581135
-0.05149842494313346
-0.0691873916498027
0.09316500371094114
0.04027627302058863
0.03184825194152849
-0.0260353251621269
0.0843927768742837
-0.1370260667210818
-0.08675771838727635
0.2107268500574199
-0.05363956099588857
-0.05789646531125711
-0.1074085590797658
0.1011040367729194
0.04186174311326624
0.06783283249246363
-0.06156711453053505
-0.01245740196312517
0.07177098473972772
0.09600849322480748
-0.03222688100367226
0.02223510966915263
0.05040071021853375
-0.004410675065068384
-0.1204373947689427
0.03776438397396023
-0.08163067212203917
0.02120822057500647
-0.09342781955761476
0.1370715952543161
0.0195891712655015
0.01586864236490566
0.001410631587063768
0.1176093304176391
-0.06532142298093919
0.04564189247879981
0.03392821154601167
-0.102412336313071
-0.03085205551377342
-0.02593888037339408
-0.0009821008440604809
0.00584225994220982
-0.03372129804530894
-0.05938313931191955
0.01121816128061811
-0.09711001478659849
-0.03908505766026532
-0.08617413615549563
-0.08128827821774856
-0.1041985499430762
0.01667510874188073
0.0522760996320777
-0.09208307125231538
0.03529779642147191
0.1178833118538155
-0.07274071455833857
-0.06263645829421169
-0.002635646924749185
0.09748079958132325
0.07925772706575866
-0.02456618959781132
0.03596220359537231
0.1223675542111508
0.01316664618828627
0.09025192143570093
-0.1126170084517902
-0.06067287940142164
0.111854079181515
0.01484131804583727
0.06702900055549822
-0.0405670224211792
-0.08838542547308016
0.1179498585402936
-0.02015108880918056
0.07958684757456502
-0.0361964841537107
-0.07879170329749106
0.00429135936738584
-0.01988080414601959
-0.05267347796219315
0.03193610973969349
-0.01192970010575609
-0.00740626201219338
-0.03005517336774903
0.01952225861975779
0.02033913418180459
0.0235226289692701
-0.00977930308691601
-0.0560390078445297
-0.004572664453794843
0.07452887103568517
-0.07715736212587883
0.02355351013085197
0.02356503766056937
-0.2022449268333817
0.01400583695016268
-0.02520090658844065
0.01527731711886426
0.03485068083428528
-0.1126889122553892
-0.04742787002407568
-0.08373314878440505
-0.01931165391675002
-0.1260187296711395
-0.08398106476395467
-0.01616422920943512
0.009632866729367334
-0.1143264518922274
-0.08412992212696693
0.04354651986470515
-0.02497784210298717
-0.1041050053906705
0.03240817873353864
-0.06593228456457005
0.01135181100387572
-0.03180418384193555
-0.04591760055689936
0.02225309416990581
-0.0427236896640812
0.08632452043541802
-0.06186124161477825
0.03691000744450004
-0.02557850011513748
0.05321031206405831
0.08745646574371754
-0.002348091340756656
0.0006747113551661289
-0.04928561025364911
0.01187530928855337
0.05385871549647139
-0.02803515250471418
-0.09352733540576952
0.03612732419748514
0.05265618781560051
-0.04417708412801021
0.02023538076257703
0.08465090683193752
-0.0007007619775078189
0.06567747028858326
0.1111426566195666
-0.07031435246963631
-0.02050921728046975
0.05912290649375088
-0.05262574702043391
0.1132402919741079
0.06954129341189856
0.05657298490907743
0.07813701097669501
0.06802305893052796
-0.0004053070780064595
-0.0384291083579457
0.02139497800616424
0.07419018480810231
-0.1177820959844096
0.004608555081561768
0.003470636676494561
-0.006592837427395349
0.04289490324684408
-0.05858921257399269
0.1114970254055057
-0.02839924598376296
0.1839164653146565
-0.05880559829151858
-0.05323857527096527
0.02648742796431595
0.02010053574519726
0.03312004991727832
-0.04466341931432742
-0.0380117525123248
0.006831462123733711
-0.01174539560505978
0.01040425768797308
-0.05644610622671173
0.04802566677422421
-0.1006789449293991
0.06060065442242728
-0.0115270201641377
0.1275217786105545
0.01120128139248957
0.1214658493077533
-0.004342838556992761
-0.05736911758992362
0.04777709778490927
0.02781049897877227
0.07403106560620695
-0.0769583501359398
-0.0861429142984774
0.003592438294283871
0.000271375598424637
0.009861183678388912
0.04623420832296321
0.1259542830940695
0.05349858308029965
0.02818719510676103
-0.0367289931723465
0.08520150657460085
-0.0131949160423756
0.01803487017409432
-0.04320644065621793
0.01627840630123387
-0.07655695998622054
-0.06024771272700601
0.04616841729501255
-0.06957704901424773
-0.05157870920634919
0.02669171596880803
-0.1086042766746544
0.005238096432577201
0.03252773930201368
-0.07654877639421738
0.0220575985821245
-0.01218743607059194
0.1171700629483324
0.02699725953932577
0.08030939441200198
0.05604534074779612
-0.06046685077525543
-0.1086223907802146
-0.1036202550169457
0.009125132607243895
-0.0460784487060678
-0.1219846209091441
0.09040781085250146
0.07953132319270066
-0.01770071326385141
0.01488211473732215
-0.03758298254929782
0.08740579027440384
0.1268236883390464
0.01691389349952678
0.01897204689166213
-0.09869237673588181
0.02355066110884425
-0.05313892844739207
0.03457371282029489
-0.02123056077712339
-0.02271452867911839
-0.02743984878577796
0.09114359799764432
0.03635937572810113
0.03890142748825776
-0.08392644170641884
0.06860624312139534
0.06443973731170613
0.02217806530448772
0.003325611236698875
-0.06238534990840726
-0.01087422273237662
0.01869095615145473
-0.08948480940832772
0.01832348324314249
-0.08934851873465671
-0.02686291955878895
0.06179788110955479
-0.005844312675671923
0.03132347019943239
-0.02058549081936171
0.03468404400798111
-0.02443607526853665
-0.00983910177101466
-0.04860681593320971
0.05728916153464989
0.1022218964274893
0.005705536142960529
0.006275447898305378
-0.02786939408766616
-0.090664392873833
-0.09632342009314548
0.03630103036154735
0.007233021238285661
0.06781515278751141
0.09399206328374941
0.06905921486247764
-0.1022632029229636
-0.06394069672237086
-0.09565935341800191
-0.09773379105072318
0.07208191301236069
-0.06279128068519688
-0.1064432706150901
0.02209581989163667
0.01833655876501573
0.05651692730599296
-0.05440003244497092
-0.006639386585356687
0.02622346532160552
0.0692280197629406
0.01993348959835393
-0.05764144747410761
0.04238828149855611
-0.09233691213768186
0.1663763456616061
-0.06500094670275675
-0.007029802483343693
-0.02795963742395347
-0.09885845661946686
-0.108208506367818
0.0112897602081725
0.05710559209910623
0.009248303781036832
-0.06493422570842054
0.1441363968601388
-0.03775951192806454
-0.03217833033071891
-0.02931753587309311
-0.02135103588475226
-0.01067660577050064
0.02744952102893199
-0.03183211788661994
0.07420040521657441
0.125867684145222
-0.00313738736356256
-0.09527014762416125
-0.05035369696868358
0.05645625093122433
-0.02411283021983531
0.02670650673461669
-0.02001694266338811
0.01202253394481651
0.02740272750535648
0.01099243805318346
-0.02783167176907326
0.07197078648118226
-0.01435807080875114
0.04297405460330214
0.0820180524229422
0.01750165429835106
0.00693108733852525
0.04648127339998405
-0.06186910860720714
0.15061031119946
-0.05159578844693057
0.00734160013709112
-0.01413631236008839
-0.03891190596233324
-0.07855302755494425
-0.005620347685009998
-0.06757745518565438
-0.08617985618287625
0.02463157178998266
-0.0268137425972828
0.02802168380130288
0.05538241427950265
0.1161864499652512
0.0259422965102448
-0.05481424669526218
0.0783184616792037
0.01355409568528393
0.1178012275919863
-0.04045801515938272
-0.0996520915037245
-0.1187984479758526
0.04050989962671138
0.04270717801057092
0.09674051423765118
0.04824296141285653
-0.08589790906849122
-0.09496261736547498
-0.02827226066809572
-0.006660514513664013
0.01038727937128915
-0.06122812822581376
0.02186813809715746
0.006545499026067939
-0.02616262288583889
0.04736697305544077
0.05962296606360699
0.07704327654136378
0.02964003051915683
0.07025010280709028
-0.03472671826808852
0.1138279350745806
-0.03795524924747724
0.0006181225381254318
0.005855499633290878
-0.01663643580797626
-0.02230744654693389
0.05443959645219457
0.07108098549155759
-0.07691312305639418
0.09689782525564347
-0.07882269599411827
0.02836524782261036
0.03353565997160199
0.01018502026684818
0.08275874294860362
-0.03739540034057891
-0.07490566312933915
-0.1133288855361485
-0.0589083395553309
0.07255391751488216
-0.03082398769566565
-0.03807024713058038
0.05183786725456381
-0.04806690400032949
0.133527855945636
0.0892110894920241
0.02986951436009129
0.02804588615372396
0.01317941113043788
0.03611615548996303
-0.03637612965934599
0.06663552479323971
0.04190219177675271
0.06925285097163611
-0.08442202633244732
0.04213849035105373
0.1072726794066624
-0.009900695964549233
0.006841336592540381
-0.1022580525499936
-0.007903072151385852
0.03296476285240627
-0.03023194499919366
0.03123108764526155
0.007958533603799646
0.06063022849065171
-0.01182541350938492
0.01700681253935656
-0.1087990845381091
-0.05031895714348304
0.04559952462955588
0.06297333024770034
-0.01119937009657556
0.09653431473910376
-0.05017430355287496
-0.003102122095852547
0.04952318162444036
0.04841712139183522
-0.09205411408170147
-0.06311821488001827
-0.01651746280265058
-0.05844689016624698
0.040770038599193
-0.09078773932714927
-0.05569394351524416
-0.03071716606989552
-0.08056234705759104
0.004356662406562357
0.03103731128522828
0.1507092371596746
0.02932658525920995
-0.1513390691810919
-0.01194598511019114
-0.06762181922017106
0.1040668101100239
0.1390660349354733
0.02649923246729824
0.1577469654149415
0.0431816719303427
0.05076120576496168
0.000157311200277524
0.06713480999290938
-0.01178217084541607
-0.05430765195085667
0.01713174771746878
0.06489704398918913
0.02686269722643994
0.0005342803366156397
0.03708142564604082
-0.02241994394455729
0.1069787316063353
-0.05943526797310185
0.0007270593532777078
0.02736961025367671
-0.01352748149255236
-0.04016900158500966
-0.0375682435819579
-0.08251930025403277
0.04003321665026397
0.07485996568667268
0.1261035717775208
0.06270966161348213
0.1406643420797017
0.06851899510691835
0.06767222857832567
-0.06425813537023914
-0.08336162999281747
-0.0554588725202116
0.04394515497804188
0.1016017066303302
-0.09798578251710154
0.01857401263195686
0.05328711112680885
-0.02769889108055248
0.04993067218909006
-0.008423707415188039
0.09119826770015926
0.09136844610467956
0.04546124433134373
-0.01357664379661821
-0.04783975552192381
0.06797107798144579
-0.01983615027712034
-0.03439751255834038
0.05124078257904503
0.086251539601303
0.08238490053732703
-0.02865714923152562
-0.0001992928893123636
-0.02895366606558665
0.08616153008720251
-0.01523849013972948
-0.01453165897721831
-0.04318954246928555
0.04620147788282367
-0.07019461630613417
-0.1028645754473958
0.1320955013812011
-0.0391226335536359
0.09850765167411056
0.1175742294502673
0.09602408182905409
0.005258308213866761
-0.008242855959081984
-0.07730866493202353
-0.02781046948747282
0.05950069994918794
-0.1639109686359583
-0.04537275884362003
-0.0175502270904078
-0.01940739508550602
0.01411431083955407
0.03471772692631574
-0.05910553451770665
-0.003435623750463305
0.05911227739173117
-0.01036121345074415
0.06442536936121328
-0.01353047445987369
-0.05840610343945452
0.009374417066605576
0.1120153833770138
0.09717980726649514
-0.0357350110903174
0.03046133203591129
-0.05277321207368836
-0.08856695911219317
-0.03337404609828689
-0.08704628320470165
0.01706337767087904
0.000630125853313868
-0.02518441708521774
0.0131802149505269
-0.0203049367310414
0.02553253020626211
-0.07410861672431489
-0.03313596086151522
0.01641388429786549
0.006434012391805939
-0.06617547132155821
-0.03806789245320784
-0.1107293111858634
0.009654549631886181
0.01277655774391065
0.03397604094132815
-0.05368033557947714
-0.1057790481452586
-0.03936409731640297
0.03233756442311214
0.0695273760231897
-0.2077637468951818
-0.03752071934101391
0.1247321015680583
-0.03838989786016747
0.1320077509635032
-0.03175916219500999
-0.02485188613480975
-0.04102825270552454
-0.1465792082719363
0.07929238346513579
0.003610724785089683
-0.0603559415269993
0.04024784327280851
-0.08209658842571088
-0.02628290259484865
-0.08597725418152087
-0.03138451125494217
-0.01265192901602548
-0.1261829425340772
0.009239571079483901
-0.004518090176552303
0.05394193463471368
0.03621815094021028
0.06859830794426969
-0.006395375590224489
-0.03610161841025702
-0.01805201567413055
-0.05356692707607234
0.1064512555385127
-0.02004634131999831
-0.1076498049906674
-0.1082492221364789
-0.07312886836331564
0.02820998634116151
0.07235964922812707
0.07878314785361031
0.02178404341664688
0.09983979079655404
-0.08160058284992486
-0.008104555096672079
0.02288065440112518
0.1487282907027971
0.0816603116396962
-0.01009307700095642
-0.07773977895196885
0.07750456996313453
-0.100489860940122
0.06067459058327435
-0.03677837204412966
-0.02657896440557923
-0.08757127058278202
0.01244177646691331
-0.03453410861432716
0.0525669175843007
0.1391391521106836
0.02235807504415095
-0.008982927371772514
-0.01925115795143578
0.156328333827383
-0.05881442851698584
-0.01312766025866909
0.05468013555587334
-0.007007745424131781
-0.08271284612926652
0.02391485828371711
0.05499579874482479
0.1310102527530849
0.01106589779243758
0.05713715443715124
-0.0601468378049843
0.03958670601154896
0.02981381696441546
0.08601782947407337
0.04077091063211834
0.0217412566085512
-0.1020875960713248
0.005245300060918862
-0.04457372165298798
-0.02859445843043716
-0.002404601245536341
-0.07265713444840544
0.02854178951595282
-0.01065827345304704
0.03559803243904681
0.00573594404878499
-0.02757822720582222
-0.03914773086338037
0.02407234664085871
0.001704128580218518
0.02669646638018811
0.06508803484470792
0.02891753359093216
-0.007244228297616288
0.1027754780298405
0.04913320625264665
-0.05495425241228805
-0.05652506159770588
0.02331250545459183
0.06336789293306119
-0.09097691888310407
-0.01067363867626583
0.07113905134657689
-0.01744922820752331
0.0459701624878289
-0.06928580236928591
-0.01927236543900308
-0.0834964230310042
0.003568801205890643
0.08679593119097861
-0.05091783108274618
0.06591716823997477
0.08333176784989194
-0.04987204006136309
0.03976740019453281
0.08467822788985581
0.003365103439678652
-0.1721192246473546
0.09860708622634372
0.1523232565070821
-0.08981462007121289
-0.07467226035667077
0.02611217216274902
-0.03048234165165045
0.1065950305227159
-0.05269867708647419
0.08323800030242645
-0.04821686781687479
0.1006095894103146
-0.05825099230381458
0.01450539247269932
0.002841638639955794
-9.11178786339728e-05
0.01226761975904695
0.02605818604714649
0.04061103804449366
0.02565480016468529
-0.05785958207543884
0.03134136235066569
-0.005096957669190001
0.05259581733181787
-0.03990730696526638
-0.0429366687557781
-0.08618472929968503
0.003109442815002417
-0.04954460809541535
-0.0536647084696242
0.1266984311600788
0.01370619915285974
-0.004859434791467193
-0.04115079665925678
-0.03672192698387586
-0.02413458422597674
-0.06547091050430119
0.04537759272986892
-0.05048305312511436
0.04021757730944865
-0.006179572432185766
-0.004570567206485788
0.003569192438046077
-0.04445311769876137
0.04656080005811311
0.01299072999350438
-0.02703833321117036
0.1336024060499144
0.05736268094082284
0.004484762604823667
-0.03510566206476104
0.09764085051066337
-0.06751365411615849
-0.04122826212423197
0.01999023277350829
-0.0002383774312362738
-0.05283395514933075
0.01434045927190204
-0.07412752680825598
-0.09264048584291085
-0.1313805306387087
0.06037666168973747
-0.02746594095467741
-0.00481775706275489
-0.006307503389027965
0.009575498082891092
0.06439057319470656
-0.03203742541550512
0.05010159964988065
0.02867115483563586
-0.001058593538495391
0.02595313213748695
0.02257277467745853
-0.0182276613760623
0.0155187252804559
-0.03035946779003526
-0.001782928592382875
-0.06469233244355696
-0.05455569653732292
-0.003895239600515096
0.03649511674323042
0.0547186803442859
-0.02390923516965279
-0.03891689719503476
0.0207822075958619
-0.1244090445055141
0.04680840962360758
-0.04441805529619376
0.006161900424328515
-0.02983356250406
-0.03147506818488224
0.09499034925694766
-0.02132741190335356
0.08342964768705802
-0.03885955904723944
0.03854721268162001
0.06490519761203994
-0.03995954910123857
-0.120590826630176
0.1011536609628858
-0.008079809904111467
0.0403999480625148
0.03438854385472897
-0.005940927427308649
-0.05130092951364816
0.01437696146823483
-0.00851720447924089
-0.04569221878874161
-0.08078345789177602
0.1169100870051544
-0.001767868083883139
0.008015820989741856
0.03464515501688265
-0.06505844764531349
-0.03240752759629076
-0.1087688876451625
-0.08608177604772338
-0.0461308699838891
-0.01113944228341937
0.09408630190347664
-0.04747239457254185
-0.05346789789672032
-0.003684709342251038
0.03045459639295069
0.05122022179432655
0.1426128553508784
-0.1016579481398907
-0.08835213797445082
-0.02986054118912936
0.05675487848626327
0.04225723885444208
0.02626339251888127
0.03941528243653104
0.07309812049646144
-0.03567326918714216
-0.03739347250138574
-0.0548925872441053
-0.03295611347868453
0.09668770515313384
0.01712127015822777
-0.100455532020683
-0.07380092404387775
-0.09309464239286566
0.05383653418358919
-0.1233003201242749
-0.0607659863788883
0.1421935941476321
0.07193857850740086
-0.1540788569430309
0.04417387772263813
0.05372824101020431
-0.03655154473675228
0.1261615460099004
0.05027519196769285
0.007561411243192175
0.03484998070691029
0.1264482932210677
-0.0370863006622527
-0.02763681263784716
-0.02050503634984449
0.06624043450918637
-0.002889767509464958
-0.004967415097188392
-0.01414949182584087
-0.06115226638856298
-0.06776621212582577
0.0651103126329369
0.02136384592864929
0.0167806787016018
-0.00601673095134872
0.03970259851357244
0.02169900237420826
-0.05269388903342572
-0.08805197488874911
0.003549442883057308
0.04400711977334121
0.1208816878304673
-0.01082578558998922
-0.03180372784552921
-0.07640573467385661
0.1035705768041187
-0.1155987479402696
-0.0007585901923004776
-0.09009067863453531
0.04151015891273149
0.05825169304946679
-0.03421451178733299
-0.06718182005272787
-0.03105402672661624
-0.04970755800272756
0.06599940779575043
-0.09662243363695755
-0.009144171482034669
-0.02033837107493916
-0.05105279237605161
-0.04349718981818064
-0.07475321789973344
0.0517494116898181
0.0005656978164981473
0.07549901226749452
-0.01709549327653276
0.001896598343372458
0.03894599291357236
0.02192932481027203
-0.07105886916544069
0.03854916411136378
-0.09994306718237361
0.007790697369061597
-0.07021161268469472
-0.0428711573679814
-0.1264745641441279
-0.03821357276261093
-0.09357847423056341
-0.08078936834569922
-0.006804175167430232
-0.023919495931861
0.03477092133101008
0.02137667468184192
-0.03105651719843682
-0.007173383299310011
0.01492098450079424
0.06072776412560214
0.02518166780462427
0.01697978697387932
0.04445198210445821
0.005571924364228799
0.08027935239440749
0.05219919357959521
-0.0801972308685452
-0.04402610166003665
0.00240104229494254
0.05885413830172273
-0.08044396309319918
-0.07727402586306739
-0.05372339737684785
0.05462688654768746
0.1576190362115694
0.07595332525238051
0.07842440962046954
0.1195146178136025
0.03710548821761693
-0.05159110266042464
-0.01819498251447359
-0.05805795689342984
0.05102187429140501
0.05109098747639242
-0.01143998525230566
0.04867304741987846
-0.06272766725616305
-0.07558337861947842
-0.06693617515847654
-0.03455172062113438
-0.00929932717756583
-0.04273798296457281
0.08728503105324435
0.05327057683644548
0.06431434211767392
0.03171569617323541
-0.1079721067062377
-0.0002451934898361095
0.06497287662726986
-0.04312193197922776
0.03572048689935919
0.05557095653864349
-0.08341173497084049
-0.06212074214951184
-0.005513332223849124
-0.01400504168843294
-0.02429649898434331
-0.03806765831509269
0.118530920322902
0.07580593354471213
-0.07455107281734168
-0.1367675200560753
0.0492693229214787
0.01923711336450963
0.09754379676126367
0.01498585445063911
0.01514758548472843
0.0601124878343838
0.05428700481214332
-0.07911111599773371
0.05020103668612569
-0.02669302783497054
-0.05852264670439839
-0.01540738563587517
0.1359718023083432
-0.02159527870525284
0.03886014599457166
-0.05240216282562325
-0.1549144461477578
0.06833125108052641
0.07559379570465874
0.02485020479612829
-0.05954726715194709
0.02489708091106905
-0.002034759803348985
-0.1083574834589205
0.02858103890024957
-0.07906392022500106
-0.006789988382221876
-0.04930234125464426
-0.03093764692774777
0.02709302090847025
0.0002333800809917238
-0.1039226890007387
0.01201036639714262
-0.03832452471560876
-0.06183847745315577
0.05941612632804462
-0.2496989547471609
-0.08641200422550858
-0.06031836441051323
0.05765385113246504
-0.04482076138917108
0.03210671500613692
-0.03274153248089651
-0.07991288562029822
-0.05297929302760722
0.07190654133762336
-0.06241115631833627
-0.003731765462585378
0.04592885740989057
0.1199578715002654
-0.06089065395520357
0.07214036095667126
0.06478054090211777
0.02618349488930963
-0.1756360692575618
-0.1678329884432108
0.023404465981669
0.09312323874915303
0.03305805676607636
0.03585645216830766
0.02845325714751119
-0.1179708291889735
0.02038207912753354
0.03920218902177447
0.01310609244346106
-0.06715954233839305
0.0003533041750068237
-0.02660997555111163
0.0824637214549363
-0.001404140105597775
0.05196003906363113
-0.1168079889513465
-0.06844015870521837
0.007233819617852535
-0.02179137987800012
-0.09582115325926116
0.08028876086023598
-0.08915361002963193
-0.02670591175213154
0.006914908201383366
0.1237965630455366
-0.04916407182188902
-0.03181532029953076
0.01304594804586013
-0.08115823806810775
-0.1219864831108362
-0.06499381567596763
-0.07465952092317098
0.09387240017341537
0.005255410071511258
-0.04488642680660897
0.04617580002376916
-0.04100822258731833
-0.07612626561175921
0.02811202999950582
0.08203104417174018
0.08582948521821206
-0.05655033544475602
-0.01684675434931932
-0.02683298933832787
-0.05326972632660065
0.01253312654756503
0.005936991203638151
0.01005392825419479
-0.1129280439925111
0.01869093234164068
0.04976505751265961
-0.0568025417387329
0.007483416295601467
0.121008085369349
-0.0288122147983236
0.04729097365377846
0.02092077791220279
0.08758998448090309
-0.006438669716690914
-0.05732951176964916
0.07519367443734522
-0.1093019483003525
0.07795775360631327
-0.009880789973682485
-0.2099719677621255
0.04773579658899632
-0.01745646008356754
0.06556352177198391
0.0397795178177557
0.06393546388512286
-0.1120194431198646
0.01774374216397845
-0.009327489935644848
0.1042139062475886
-0.05433031356939153
0.01764271204123097
0.1050272096172371
0.00349349579234505
0.009517086353375566
-0.02160933378363259
-0.07373465781573993
0.09987525282479397
-0.01401724413082976
0.06438936191335776
-0.1693213810510999
-0.006255467120002779
-0.1124790768191634
-0.03813327956408689
-0.06555194961468663
0.06291327590874357
0.01138109917966984
0.06908810487022442
0.1165592707570856
0.04281805527970963
-0.01832976357665967
0.02392769641699804
0.0320129919907601
-0.04999254477169823
-0.05071998904521002
-0.03254287838388674
0.1216463698079202
-0.0468563024115433
0.0604456447582953
-0.05586171570511978
0.06562755755728619
-0.0370718050466666
-0.0548178933208579
0.02568697925749668
0.02755118578953562
0.02194329728736068
-0.09450469564845129
0.002037279398503997
-0.04730737330711535
-0.05345684607012238
0.008949123332600444
-0.1612528410293825
-0.07608578868503683
0.002727372733183218
0.06561351951676436
-0.009591409227310941
-0.1363455054522966
-0.1032093548935824
-0.08362419601054219
0.02349329662715616
0.1722728256195234
-0.07182165040084165
0.07237401342128161
0.05826951859463936
-0.02706696288842195
0.1053705792217117
-0.01364724053774742
0.02132052414743031
0.06809901960899503
-0.04383805332175715
-0.03526119095880977
0.02873307158424191
0.004853584551569746
-0.02177486476603907
-0.05400126621323142
0.08249583156919292
0.142855018114669
0.01903077874526372
-0.038729982841891
0.003263125439093649
0.0966036560611835
0.02717264559563339
0.04327112695561172
-0.09113041342747553
0.1055600993908249
-0.01626894927971463
-0.05735693301367153
0.03738291086162558
0.1840293697178677
-0.1328884759572211
0.008600397154279852
-0.05827342677251806
0.03184992601434174
-0.01237358757274886
-0.08978498318231484
-0.01549277410647312
-0.05997675139239905
-0.05018339552288492
0.07951413011202389
0.09732151240436818
-0.111971447174924
-0.001591769820802998
-0.008282333367033441
0.03280494800219672
0.03468828064331821
-0.005106922995953691
0.03362095095837182
-0.08789979005144277
0.0858773933684831
-0.05768440856371277
0.08778861127671037
-0.1175597328265177
-0.0559818948330412
0.007919100262941962
0.01764056381167897
-0.04018385551955132
-0.03105920731811161
-0.04243356386968193
0.0003397792231668063
0.06936762590660112
-0.1318013481853415
-0.0008994392091522451
0.0385789619545083
-0.08875149546382823
-0.0006368599970621169
-0.03258662231870058
-0.04179445748808182
-0.02853648453687596
-0.02478867087995277
0.07632502283514414
-0.10551125808526
-0.003089572221240885
-0.05541633668561228
-0.05211225505643051
0.1174045000905904
-0.01217587335656811
0.06109097615399683
-0.04919749579614609
-0.03724008001662513
0.01975053774536719
-0.04103652558078119
-0.08366084347120137
-0.09786255581327781
0.05101571501306382
0.1217739222687877
0.08838298522596959
0.02112093666529437
0.04118607108616441
-0.1424966284309935
0.02735011190420059
-0.0992671632666475
0.0006010982251877448
-0.05586879265866659
-0.02009997254861907
0.02556037140048276
-0.0262262502543723
-0.03025317375992635
-0.02052720748306842
0.04106148298748999
0.03635226211278221
-0.07266894817376753
-0.00876108582216311
-0.02138624926301455
0.1261681344844282
0.002346371663950438
-0.07389218457734062
0.008514178662990722
-0.05785413884079926
-0.06022894521933421
0.001279078000156364
-0.06076383712522757
0.04916481131544789
0.06242777166459273
0.04870500536147434
-0.003907379601438471
-0.0741618105052179
0.01909686610294142
-0.02127794072699223
-0.006376672567356387
0.007357378802522442
-0.0695496061892905
-0.1020822521557488
-0.06553125243633426
0.04464028722517129
-0.04681885627596125
0.03445120829817136
0.05462144048786641
0.009860020847004408
0.01400531518084655
-0.01734727286309112
-0.06947664653798401
0.04830876794361656
0.06675449152806667
0.02957376378433756
-0.01872024387901618
0.008332069379431057
-0.150512476176091
-0.04733141867472979
-0.02158564489508536
-0.003709754324350292
-0.02407280652142142
0.09334523226681622
0.06717487923647728
0.07938004432866558
0.03054895965368264
-0.0409114752661956
-0.03906372189867881
0.1017294891934017
-0.005306262275991075
0.001161608789871052
-0.03349009162562214
-0.004451745187877987
-0.03998406289715041
-0.02633256286181123
0.1357518104782249
0.04991226024347182
0.01518448014438569
-0.01108654756778399
0.001713458099531107
-0.02410118751094634
-0.01637086523722139
0.01436416184739671
-0.1234706313092565
0.1543434691727308
0.0008378420003500725
0.04528064492526354
-0.07006306927880937
0.02575615806164602
0.04830262856852954
-0.06663819239818032
-0.05067950599248178
-0.0242104220833482
-0.05773931060484675
-0.00529203495057844
0.04706502554084618
-0.05201148633365117
0.017934348461331
-0.08635868876366759
-0.1327642954785564
0.04370173462253309
-0.05911649677946218
-0.09135716057107926
-0.04576868133016317
-0.06657893728176396
-0.1175742354920288
-0.06343116991876266
0.02327405550842759
-0.0560346096400485
-0.02858546937196062
-0.03801593648455438
-0.02533595363507048
0.04833943631855533
-0.009566686162320689
0.00516522451918764
-0.00104038316826309
-0.03152420740684551
0.05535729577532416
0.1162137396310041
-0.02444417696520839
-0.02603403207782346
-0.01132652870700224
-0.009172441343287744
0.08145267025862435
-0.007711062550125353
0.01529105157673373
-0.001161977011937987
0.02797305504349905
0.002268764565087523
0.02814102147116733
0.009173267614942065
-0.05913683560057393
-0.03006523974683594
-0.03496698178817999
0.05474851059265427
-0.07992539032857368
-0.01480441679767233
-0.03431814630780665
-0.05358024630232105
-0.0323059133084512
-0.07318748504928464
0.01498515441012625
-0.02096568233715625
-0.002683862535178466
-0.07420949456662272
-0.04071630114428037
0.04846640511069264
0.04904443233635879
-0.02556101702457694
-0.04293920032932884
0.01359201718578117
-0.02931027782250206
0.000794723157102193
-0.09281180737120406
-0.03434191019442018
0.03357987146972696
-0.02943260579540237
0.08138788259029239
-0.0439612963548011
-0.07329833271759789
0.01583096009779309
-0.1292346926796296
0.01458634695446841
-0.05305628726812497
0.01286613830814383
0.0137380370257623
-0.05931000984004955
0.04885217217802543
0.007939051625901701
0.09851879261940119
0.03497541294043913
0.001180626967301923
-0.002018306593726005
-0.03598098950206211
-0.02669427360696449
-0.06201095176807251
-0.002909972003428865
-0.02917948720527058
-0.002145990414825286
0.06284950079202753
-0.01854728993733125
0.03883441177469779
0.04907466502851779
-0.01847387183259076
0.09262185092073333
0.01930833275246553
0.01372921168078696
0.01544238660055652
-0.109600419075661
-0.08651370441500514
-0.0169223819022996
0.02907427682619822
-0.008888876911665483
0.1249652609106423
0.03488687796724489
0.0009092542229684475
0.04890589633719937
-0.1156566239549553
0.008701764155878991
-0.03709378142286211
0.01977398825090444
0.01824826413250865
0.0105364029523419
-0.03091387894294321
0.05054350406730561
0.03167631608360637
0.007906293026195527
0.02395215605395769
-0.01136531493022593
0.06319864160754017
-0.1285099479526602
-0.01558772617926055
-0.01439744103431643
-0.05567792190710045
0.05162368243544357
0.007563736296356847
0.001648647469899768
-0.008066320458710509
-0.04264421429804793
-0.01149941885131429
-0.04718113238605311
0.02351269632536099
-0.02773880749842905
-0.06599987629859512
-0.07126359044719008
-0.06722000509893465
-0.1310945234793875
-0.03979556469469238
0.01531012461437636
0.1170567566565696
0.002145076168683487
-0.01526114136008687
-0.01060992606990471
-0.04969335759229389
0.02519173691763351
0.03526837450556963
-0.01498957180115226
0.002704611481183332
-0.0387357552447708
-0.1142195312853073
-0.03155499983858616
0.1031178648440829
-0.1017151885760085
0.06153843100467297
-0.0401865224516441
0.08585611085501989
0.07073675034836351
0.147614823404205
0.04869269050241495
0.02031596946475912
-0.09635537809178801
-0.06100821913721003
-0.05466798106217235
-0.03972796877403829
0.08453607137745012
0.09492871930372836
0.03904145034991252
0.01036675664174123
-0.1351005952182108
0.006433925722317387
0.02079626351924296
-0.03838475446057373
-0.004189931606811567
0.09924682124367955
-0.04910907606886575
-0.013628835473201
0.05849918052186734
-0.06723629726855021
0.000903861679664459
-0.001723580824053682
0.1489267463648495
-0.0373239416809977
0.004473231048043966
-0.004316995672799098
-0.07888622640886302
0.005658398174702118
0.02161777826836832
0.003554471538905203
0.08634049754534948
-0.003056353450010331
-0.1083767023695369
0.0327182634038714
0.08532252116318392
0.05414929900178592
0.0487246682995076
-0.06990248398771785
0.01103657633995275
-0.08146161521453098
-0.03731678538769919
0.02850454040800107
0.02020146112241347
-0.1905525078417982
0.08029370694640781
-0.1069796450046671
0.05009272366104828
-0.01581850721904824
-0.01774634228172322
-0.06634665941561482
0.04595158363535903
-0.003760416200213085
0.0357705548462327
-0.05853573972149341
-0.1199599409163779
0.04384478036526858
0.006830237663285244
0.07458306749145838
-0.04047619184194937
0.06255546006092923
-0.09561441799864286
0.0387634568409928
-0.06124317415029085
-0.1114243125241107
0.04606707367661263
0.00133382759408375
-0.0381943845235978
0.02642014749753153
0.02551997886122805
-0.1257559542488029
-0.04309783867106554
0.01500480141398703
0.005829040465315663
0.02973287180469288
-0.06562886640208082
0.02568733287702345
0.04702065288691343
-0.002852223229019315
-0.04433631457901453
-0.01551344714745331
-0.09765256281690382
0.1272199795747852
0.05281318625180793
0.04538048140391404
0.04451068033820958
0.0295418805759449
-0.02301863256995051
-0.04523489336731566
0.04314200638695345
-0.1071711840623211
0.01329349838613489
-0.01519023273126099
0.0396711559515005
0.03332702657894671
-0.05282668203146595
-0.003000439235112409
0.008638584621014345
0.09619800813227405
-0.005616971830187917
-0.02133966956134269
-0.008451891064449334
0.06146191466505496
0.05831367350241899
-0.05235153321636077
0.04912609449618513
-0.03029327725075704
-0.02085990373157203
-0.02074483225237406
-0.03788244416093971
0.02370803375299551
-0.009750991069393453
0.04742619761539141
-0.07922772633914531
-0.04176893789388066
0.1265419172393846
-0.02163850290803158
0.01281231405874411
-0.02998580300527523
-0.08287017648819672
0.1310702306275773
0.1540806798518567
0.08582409475122191
0.01462187984704436
0.005486637884297881
0.03955456369933959
-0.0180240767858579
-0.04639720811890339
-0.114653638640643
-0.0253593320289935
-0.01951313326924129
-0.003304562622497346
-0.08812341519712735
-0.04719323121616195
-0.01004188091691596
0.05570420431118234
-0.0642919412266196
-0.01051041956039798
0.08756495126104158
0.02909491474229217
0.1051572311930306
0.03804030411020215
-0.0143225166926434
-0.01237650613549513
0.1227227019899237
0.0268424102263326
-0.09687036118156692
0.0116699831705545
-0.0003134282883184153
0.09762802503411094
0.03113533252533189
-0.1306103753289883
-0.06291487266859182
0.05216151628851348
-0.01047549259345295
-0.0875117931305118
0.01237660604361296
-0.05359606954919466
-0.0236451499808077
-0.01405836117040216
0.02509394579627129
0.001619427503495335
-0.04158246481782561
-0.01234557428476057
0.04494758091302374
-0.09192556483769197
0.05061594204513923
-0.09406802879974341
0.06405084284571448
0.09418048546994051
0.04649572526710264
-0.08008471220047213
0.06615680999703138
-0.0214285692046461
0.03770279947629034
-0.02761899952330726
-0.0523375481124561
-0.08546312124833329
-0.0811731845218826
0.06407189138238709
0.0412498510947679
-0.1307754500099099
-0.06554994029530774
0.09498483247382716
-0.04588653829957388
0.05896467867137259
0.06929806701913983
0.1541368195502902
-0.0652613950728067
-0.1126871954604482
-0.007201788730764548
-0.001652804035598119
-0.05937954980748575
0.01478392154143564
-0.007398734149890939
-0.009825859435015696
-0.01638139991120426
-0.0323495453975066
-0.00523640844758125
0.0307987120492884
0.01372083298516359
0.07378424513123319
0.002650828075405273
-0.02068149722058331
0.05127956893670105
-0.101214678444501
0.07556216058713522
-0.01930367674821465
0.01716247889262876
0.01536474718968043
0.07917889614751029
-0.1514019304300184
-0.019663152985258
-0.006360788512583197
0.08989785912339017
-0.05301260192202338
-0.1256085253029832
0.03112850669263542
-0.04836714856286499
0.1311653310820402
0.09188645582018176
-0.04866964283735697
-0.04841546595568789
-0.01870418478147323
-0.07906563205483748
-0.04626064742612414
-0.06164790839734148
0.04177319209079564
0.03080027258020946
0.05440561013131096
0.09436203674821481
0.04876763270762564
-0.02657203191015267
-0.1433402726717352
0.01162071886170414
-0.03935734169820895
0.05782298552477855
-0.101635602226982
-0.07409432432442782
0.07236688616037305
-0.05418271569699287
-0.12471721822107
-0.04930487090990528
0.05730537866049539
-0.07334701494477375
0.0238526098795374
0.05005037604779905
0.04989150764555085
-0.08722546217203708
-0.04271723951849605
-0.01797073132405545
0.1292772570228865
-0.07894745538830604
-0.08313237308928016
-0.04026705142694859
-0.1031519571425431
-0.02079752262341035
0.04641895978611618
-0.01540998785126083
0.07609036270335348
-0.01743364777597601
-0.05639421541239148
0.01920497062548405
0.02967235965312152
0.04495806368967582
0.03782811738843887
-0.007194804900416935
-0.07672339981701662
0.02130641770883042
0.01549584640127877
-0.01261150516440288
-0.03458327816662711
-0.08570133900052607
0.09101426760079875
-0.0007318339791823267
0.1018086682776315
0.01158947306047087
-0.02463441128478837
0.004812146109387357
-0.05302378099966287
0.03797359802382472
0.1082608618496683
0.005273374531357816
0.02622780318900348
0.06426536713347217
0.13345644020937
0.05597021862397589
-0.05590895272866855
-0.02545716408590564
0.04289777140083109
-0.04092799630807445
0.1283310093100467
0.01489893026061456
-0.02648251330256058
-0.137150477494951
0.00375372143724512
0.0225946072360276
-0.07220361584996232
-0.02585654091064703
0.03779230577622587
-0.04122420287012665
0.01366761946758126
-0.006332068717137054
-0.1327697107032362
-0.1361789888064957
0.0202547233406856
-0.05199890749571457
-0.07280595180426536
0.003806034709650626
-0.04721336400593924
-0.07373714640297474
0.04422334250393774
0.01320997834750558
0.02946789702438424
0.07108952595448953
0.04269753381811072
-0.1180138685923008
-0.02545215939815617
0.019683029656043
0.04859266724199033
0.06747386394321317
0.03347216804010501
0.09497908104551789
-0.04269838905076043
0.03317218323031204
-0.1292389737119091
0.08451014014134586
0.01472802307653649
0.04671408091861136
0.05963929661718571
-0.09409994319745243
0.04643468318734806
-0.05460328682435077
-0.07109928247959507
0.07369763945132578
-0.06337651820834192
-0.01971768977239074
0.01992272482306018
0.1292624004444519
0.1045104579243429
-0.06703000753781166
-0.003978834301896526
-0.06326783470821695
0.05394773673643517
-0.08507586466141873
0.1199059431315697
0.1317419434249902
0.04259067055801589
-0.04546091752972035
0.02678000237239706
-0.003184286678042981
-0.05312254332692121
-0.01340910356853444
-0.03898785997549821
0.01301424799809231
0.01198675137547592
-0.0002914322056983484
-0.04402031588093382
-0.03168487085985187
0.07799133524750335
0.04026655085290087
-0.01917997510161557
0.01717369204373343
0.09200154982110198
0.004586127042288269
-0.1078611360604255
-0.009092217483646553
-0.01602677715787778
0.0823424871977266
-0.06852999761448131
-0.04559497172942827
-0.0171897411593449
0.05516308745915917
0.05257424589404691
0.01779766564513069
-0.1335470248705569
-0.004443570126077455
-0.05284057161547562
0.1487032905558647
0.04506700937537804
-0.01996630015576407
-0.030071898639528
0.07127448001937832
-0.05068748059975601
0.05924761133584205
-0.08685053114582345
-0.0797309062718973
0.02164847018280976
-0.0533240278497558
0.04841987763071134
0.03426762556885107
0.01833100045342209
0.02152918035970793
0.0216376004711626
-0.08287846621592819
0.03745687974946123
0.06148424284748202
-0.01508810823586408
-0.02921374640258289
-0.04583937499370455
-0.08806451621134334
0.1130796578706159
-0.01089226664397443
0.08415301743100147
0.04028786965818763
0.05879330759949396
-0.04290449558779971
0.01900381021375274
-0.06191482442143147
0.05295228335477201
0.0002836821334078407
-0.01050303277839973
0.0514617397043842
-0.0451862198197874
-0.03141884635738761
-0.08567494909523207
0.08689465302707179
-0.006541440249465548
0.08609041536979432
-0.06444005053335239
-0.1927359447353952
-0.06221442927093199
-0.09364926157154541
0.08990041206485448
-0.09720318004159012
-0.04268814463742266
0.01997004592001405
0.04659558687488483
0.005055682134066361
-0.03867325190459513
0.05390585283757478
0.002210824287739263
0.02012383204964744
0.05650508952016173
0.08601699235784942
-0.02531897683350389
0.08814205966867017
0.03167273352010522
0.09279357229930289
-0.04597178630902542
-0.0870313896391602
-0.05572851650448181
-0.05467005629159015
-0.125077058077072
0.05404973057695907
0.01265303032054493
0.05906565087379646
0.05590209823749011
-0.107624597140086
-0.1072844167507328
0.02125233912973862
0.02759820647424436
-0.0769793162343501
0.07345622345489014
0.03480690605003271
-0.0209025381263554
0.07433004830982716
0.07284780125242979
-0.08999825486155076
-0.1101653488808274
-0.07708930321078922
0.1073882906332668
0.0150668003086406
0.08067332291766507
-0.03595018058368853
-0.1348971388382987
-0.08422397477069646
-0.03751679894981737
0.03401820104648309
-0.0323406444621419
-0.00853852647800064
0.002065983804339469
0.005830342549086882
-0.03912950595349154
-0.08865655646524584
-0.1531200502734877
-0.07226829120281542
0.1202541700732424
0.1037850112523749
-0.06396524552230683
-0.007043255514856465
-0.09463756957198455
-0.03003916420638282
0.05319155800137434
0.06124870656857973
-0.1204137121712549
0.04483051842144001
-0.02597291150513407
0.09295577070671455
-0.04498167964295386
-0.04989815375907437
0.1372646435195895
0.111984155289462
-0.04726491118218366
0.04824165528043805
-0.06889557892289895
-0.08007978660722707
0.1730740645165142
-0.04536325749682488
-0.1162300616849339
0.05097753172671569
-0.0172366651460342
-0.06053297614619384
0.1165010324634964
0.004880665802379391
-0.008703933812469918
-0.04725953605870711
0.04076950923862245
-0.1704627244086612
-0.00517015054515587
-0.002772955774443888
0.08198899234553705
0.05156668794325354
-0.02270155881046011
0.009180696005357262
0.04808423459516231
0.07477601774020971
0.05127751676643456
-0.01414345188150308
-0.05424952176230873
0.01082057225279585
0.02879149369169644
-0.05324762067853012
0.0704633269155345
-0.06073611423003338
0.02927110031625216
0.1200944486167166
-0.0865199615109931
0.05263841397636972
-0.04115779900259914
-0.02366504516157057
0.0371855735494627
0.03770600663251385
0.01923665875080022
0.02886017477201874
0.03034988327330055
-0.08689334268759613
-0.1015504016372985
-0.05471980845070228
-0.03344666866692589
-0.06170818426087228
0.07313381336962077
0.04451066208337442
0.004056386109148657
-0.1038884300661128
0.1005507177272965
0.04892972003364893
0.05042563120416733
0.043935074391552
0.005054494354976797
-0.01040124373342386
-0.1296119182056925
-0.0456134184668652
0.1156702852281161
-0.08804551156412577
-0.03649284134085323
0.1510954156189307
-0.09756894845865392
0.06149988222352851
-0.06910364153031345
-0.04359884120288716
-0.1175731235093682
-0.01984508931506563
-0.009872086690596638
0.08904786657475071
-0.02486750552586851
-0.06710874095540045
-0.02732905598446493
-0.004344020306523144
-0.02704224756538866
0.02831921409311124
0.01607862995832231
-0.07418664688972877
0.00275247467718855
0.06075450472063999
-0.056622907247009
-0.06081127929026212
0.01394997669912984
-0.1243640540131526
-0.01242742329724114
0.04404312304457483
0.01567892658237106
0.09791021066766245
-0.04062298630980075
-0.04672191997198386
-0.1215424947190434
0.001855190749759816
0.009503717710228253
-0.01475516811117881
0.06752958746238912
-0.04256010690174131
-0.09637288782426004
-0.1001252431320572
0.02558792566349625
0.01995915699408957
-0.0441397561037371
-0.01552649515367368
0.06023479121321212
-0.05074602053981847
-0.02079652632094362
-0.006497520301303425
-0.06694024374065323
-0.02460137574101484
0.03312416263096872
-0.02379172862541044
-0.1231894153175023
-0.05974863042827556
-0.04290429776343267
-2.166470747172466e-05
0.05138748938793787
-0.06944895773045834
0.0347776482233013
-0.0570552493609917
0.002056492644146746
0.07085309611004097
0.02819285474162328
0.02121352964978229
-0.04492887288374398
0.105257509819194
-0.01812940180461076
0.01623332422403171
-0.02424656992891173
-0.03983670113313503
-0.04990807864187395
-0.08486097916480299
0.01091937161347216
-0.03340200873545858
-0.02944747301425656
0.03121077257532266
0.0003721310555440983
0.04635500036965204
0.1046673007476031
0.1055033578087332
-0.001141593150902582
0.1010261716485926
-0.03763319536275618
-0.002824537907636284
-0.005286979644280078
-0.0339447754933028
0.03146949184172877
-0.0408021764814959
-0.08094691202099098
0.01500730836223608
-0.06974802081230809
-0.009865579430349707
-0.02815351020481066
0.0941077167663557
0.01251989815455314
0.1226581803070965
0.03984668691032037
0.05136956204055654
-0.07680482245745926
-0.008453966565129149
0.005497959131579123
0.1779749454476657
-0.01571395181233043
0.02447484782111828
-0.08575981995297371
0.04038080506087784
-0.07605283185742617
0.05003615976019168
0.03239566140108814
-0.09796372390795895
-0.1613557238265833
-0.04228034183949533
-0.01403108401037385
0.00572016272359448
-0.05999987983292478
-0.01231809486333534
0.00688155890679687
0.06787474832843904
0.05130938773994898
-0.05637837799117373
-0.03689592885498868
-0.09380167610827456
-0.0345053312446076
-0.03364658725920804
0.03241221136958581
-0.02356741291062572
0.06185642375687173
-0.03009683004056171
-0.03482006368274727
0.09245416131004028
0.04403617215028558
-0.06366886610235253
0.02448828580556848
-0.1025817695754338
0.02815629794225034
0.1246531512023008
0.07874019517989246
0.02095776567812244
-0.02597202756422853
0.06918057180782904
0.05985797710921709
0.03978733775907011
-0.01019733037043258
-0.01988429829071937
0.04640604405586708
-0.07014067697918915
7.537387923439373e-05
-0.03898509701835109
-0.003836959008163394
0.03267936028956825
-0.06257699324074724
-0.03382013479156115
-0.009614881079120809
-0.06927711410823065
-0.1005936153856075
0.1314256108165716
0.1116477965010411
0.07484872828244266
0.01367159943526284
-0.0745521844466
0.04376869803451756
0.03502877900574473
0.03453998477894778
-0.04190923827523492
-0.01709251379731087
-0.06016296472121352
-0.006673928605389096
0.05268498640696874
0.006493687090514622
0.04161588935411085
-0.01894161170539756
0.08096230287974715
-0.02069454575893437
-0.02343982296725472
-0.02018891183302449
-0.02919780647082126
0.09470373913256518
-0.02067003888169856
0.04829104498854801
-0.08102170145135254
-0.1352334200159435
0.07549873716528969
-0.01641153155035873
0.01266962323279462
-0.06573516131454113
-0.1783783031711583
-0.005107656139581928
0.06721751527975345
-0.04382204526808911
-0.01810059613349367
-0.06674601855832743
0.02536681642442228
0.02528276877545349
-0.04438139416818807
-0.004162223736017833
-0.02805486413098398
0.008872449599427273
0.01491957277256739
-0.009518899384816825
-0.05011193932028377
0.0204263325238259
0.04900187151779087
-0.02340517539284581
-0.05521678450412544
-0.01067098341793167
-0.09325199080268998
-0.08172123655088046
0.03829522839589131
-0.03348949441616771
-0.0122044076173024
-0.05185628570973103
-0.02207312170226771
-0.0004425118210085073
0.01886886065149677
0.0253000018327878
0.04753620477605332
-0.1022420492024851
0.1340179043069613
-0.01353786655085384
0.1308302527397706
-0.112741834918667
0.007203537931660165
-0.07803890821447573
-0.01858947635002944
-0.01291253969346318
-0.06943979481649015
0.05800222233784538
-0.07782488393199646
0.0264041524588513
-0.05328344697656971
0.07201009104433702
0.02429112089343029
-0.03155565079847789
-0.02347220775698999
-0.01589852170144539
-0.09012192346955955
0.03067874545568705
-0.04174209892147047
-0.06026689782503643
0.08208560042408494
-0.02170458733295485
0.05727073539609533
0.01717104038932675
-0.04752084670833324
0.05753536714938675
-0.02475390825900187
-0.1237503946620721
0.0174813991029296
-0.02008103418593078
0.06721920202147483
-0.08538105357818809
0.01102233395691125
-0.08616951432141406
0.03582754490536042
-0.03873094005747933
-0.02321658191191672
-0.1290009559367876
0.01298403113295455
-0.03969612611140334
0.1164148929181147
-0.1111483631302771
-0.009354092950176997
-0.1402819936238303
0.02896503540183095
-0.06641459949209685
0.1120564001113606
-0.02475730317950432
-0.006937407363107755
-0.06508977803488193
0.01058370799965502
0.002600232232484687
-0.03504846886787022
-0.1562720484550873
-0.01856320375893345
0.073718368093523
0.04265115473233086
-0.01025283818166394
0.00835620229826569
0.03466999359565991
-0.03077331575835481
-0.05445098949553547
0.03685795135742072
0.02410369247183147
0.03866149028991221
-0.035187670060025
-0.07896639018987922
0.02282032963056415
0.04211298300967962
-0.02147443495397457
-0.06446192072752475
0.06137890601176772
-0.1128098744332927
-0.1302834835891574
0.09824170760841563
-0.03687618711278094
0.08259473801165236
-0.018246892985292
-0.06204899781460545
-0.07019599927808508
0.08261333846200693
-0.01241947566589433
0.04301146217637408
0.02804776976696026
-0.0005393609371023601
-0.004189993179555776
-0.007032376398068974
0.04049967548648908
-0.0520024449390976
0.08433870173617891
0.05580602036199958
0.0004069719548663933
-0.07878452838968772
0.06473512229824172
0.001812364572941632
-0.08931534909666342
0.0804214373323219
0.03404479152086892
0.02745532953862798
-0.03942158324752871
-0.1080429342862215
0.0589247334461471
0.02441682107398633
0.03045726388066752
-0.06336013717709438
0.006874252667410291
-0.01001873573718526
-0.0443155223055767
-0.04617220361692907
-0.03508683336672631
-0.008903353874567012
-0.0121963580565211
-0.05407235199116832
0.08695384764560439
-0.112417156511706
0.004371667610483576
0.02285994190523355
0.05334759367435365
-0.1300119561678758
-0.04128033945550343
0.09221833504158039
-0.04367966616433015
-0.05418582954690201
-0.00144112693985814
-0.06385254795085643
0.02350878174392225
-0.00481177745012534
-0.02840554982848541
-0.03119933088655599
0.08667665525964841
0.05059504137174242
-0.01510762525176124
0.0002010881034890249
0.03700913032960686
0.05426114936771699
0.05071328030747396
-0.009498732480712382
0.03075102566166015
0.05970770686843267
-0.03807157064328064
-0.0529020459354581
-0.03714628319800879
-0.03959169245855308
-0.03014796231401152
0.09586969136485188
-0.01805214342796165
-0.007524189040954379
-0.0493416090401235
-0.04880540218030101
-0.01907082951483272
0.05221257863339326
-0.1196014381685437
-0.06681542588751721
0.03945229803282799
0.07992523872428897
0.04416666514657976
0.03089642945709113
0.007410367982513395
-0.03248492994711954
-0.07176553331076575
-0.03742155981927478
-0.1530947679550125
0.036427816930666
-0.03765735033390637
0.05116443411820414
0.06420789250658154
0.1116766043881535
-0.08526435124769059
0.04045226089905354
0.03937307247232626
0.04436169545107618
-0.04018731234831886
-0.2147862366365332
0.1039643409771826
0.0413442375922967
0.01432165424512192
-0.07222716905851911
-0.126644501088345
0.01020895781188496
-0.06635735525086435
0.09244158629905699
-0.007247004641832311
-0.01111482048066832
0.06139403520195811
-0.003304363967388785
0.0003936312343672003
0.000119949874422761
-0.08128175571855102
-0.001406466433422633
-0.04329126003601239
0.1568225735339215
-0.03879210714116788
-0.02898289354055999
0.04281194366995944
0.05735742117269141
-0.0515323184570242
0.06161527189677082
-0.1866875587960102
0.004538265127825729
-0.009678132044178514
0.06651498670401736
-0.06776765845822545
-0.02654645970655849
0.1012926027632394
-0.009366269780348893
-0.0433919912851783
-0.05988564633777659
-0.1435441302956068
-0.04869936270955601
-0.03102422715527557
-0.03275274049166156
-0.09588596038546646
0.03629468882803238
0.02717908703518316
-0.05610425378436761
-0.07612104828595023
-0.04662828426558145
0.1173449400651309
0.06280323382504681
-0.009311698873565206
-0.03685483725379061
-0.002346966482972779
-0.0004475589158626433
-0.07366308806857277
0.09352515399256814
-0.0325652827757596
-0.0007993770741005074
-0.005739286304335324
0.06372309075744208
-0.06222123099088962
0.1290401428068468
0.009925126512984994
0.125251130290633
-0.05941938351149433
0.05663874174332528
-0.08042702230304162
0.09506382028500002
-0.08230694388310156
0.03979537410965141
0.0324823497230096
0.01267631044614565
-0.01805235240454733
-0.143092056972853
0.01266099851303931
-0.0482004709735448
-0.07102089660459479
-0.03601740993506349
0.1043751049251086
-0.01124280315336087
-0.002042647989250711
-0.07066177026231678
0.02841198903623287
0.01381234234613401
-0.1426100062937448
0.1300367618556946
-0.1293035280511434
-0.0876147436758834
0.03696517920306669
0.00825250463815963
0.01488780041871609
0.04373749587881409
0.06719991594955439
-0.0416460980386999
-0.112355700079899
-0.09720171153435458
0.0714396467645172
-0.05473497930586855
-0.05288956447340146
-0.03624993640281106
-0.01304872071842537
-0.0528006568789308
-0.007117271758365601
-0.02257241245593501
-0.04744947357946724
0.002849606649762061
0.01178755392206221
-0.04767201438304344
0.02192061390467484
-0.1591835789474302
-0.01152026524939979
0.03783994960512573
-0.008428974963536007
-0.01523211419340112
-0.02502410281162642
0.06021078576599809
-0.07886176237981089
0.05356154397691085
-0.02927911493318783
-0.001764624183945712
-0.09193295871035342
-0.1371420054794155
-0.1405096402949083
0.04537219728444224
-0.01865573820030588
0.001412553035019659
0.05685931353107424
0.02245638181783111
-0.06728048656907733
0.01956398344549868
-0.01883471354530757
-0.02809384517091865
-0.02450614239371899
0.01563863522691493
0.02674934914540429
-0.02426301565858462
0.07452702735858382
0.03659693032318375
0.04808259650111321
-0.0004113131691277985
-0.008466455960827119
0.004019627881769624
-0.03237276801101393
-0.05602337243965389
-0.00815772848293966
-0.0335786613417848
0.01882852231530893
0.02616752902916541
-0.04832311827816224
0.02772040546841904
-0.01363182536769229
0.0566313000741324
0.03230965416868781
-0.004583947020593419
-0.07530934112644128
0.02001270641947604
0.01048499680826338
0.07875780060949533
-0.05268789646966881
0.0852685535825236
-0.08627338200885612
-0.03784635711321273
0.01860162160272421
-0.009656002831772426
0.04789317097526086
-0.1360031297604447
-0.02427478358137476
0.02710831578481998
-0.1061330386616347
-0.01899415166501685
0.008330329357613186
-0.04473506728661444
0.0397475260865963
0.04856923693140663
0.002394375671457115
-0.01896707308362938
0.1443440517883945
0.03201058359474067
0.05008950611461752
0.07197909574419173
0.06900920742269573
0.01562496941357568
-0.0453204027646656
0.07258047471567824
0.0008569820856250514
0.03040595449419107
0.08303689979021109
-0.03807121159866095
0.01753371264083149
0.06158780970495698
-0.01185996324543791
0.02827486720912181
0.1103329807098166
-0.02048094417851795
0.08396894005865455
0.0693074294575067
-0.009718655636073867
0.03371841359272936
-0.005768555547173484
-0.04602161351280774
0.1342515706549733
-0.03491208892617888
0.04536801959149275
0.08174246596084708
0.05350480987480926
-0.06754484201403642
-0.03220938121840422
-0.06006950296059158
0.06436974170658261
-0.06666024073360907
0.1080463513904482
0.07274528078043432
0.05386261914961448
0.05414858070247773
-0.1137530573779637
-0.006817666044140504
-0.1223344307176659
-0.02933862371264545
0.1011251614471313
-0.01775464640345127
-0.03277503831958544
0.09283892579119131
-0.07309498224434037
0.0124939714572796
-0.06821274300069474
-0.1722899262038699
-0.007551375664949962
0.0320460120892768
-0.006879436352204579
-0.1111210998375194
0.003977156059020586
0.02982410570829431
-0.06323013536940893
0.01618361534612282
-0.030232897674051
-0.1171434512058026
-0.007791995022388164
-0.0546250179418757
-0.02073405979436514
-0.01876608816254298
-0.05773957181767406
-0.1101393209373157
-0.02815415399245482
0.008788241111772229
-0.06334594926760832
0.006644104391511089
-0.07570647542312402
0.05407355871576452
-0.04050091378206791
0.03492198173019491
-0.08236387095010252
0.003741371031762007
0.0003437241197251084
0.04248269273683579
-0.05879844339213755
-0.06771549267134291
-0.001116303738580453
0.05355573842258003
-0.05864357323669148
0.0578096317444452
-0.05327934188980678
0.02203367180508225
-0.01108435827191138
-0.09140188580811225
-0.02289810316037968
-0.006205571176582363
0.03866294251388799
0.02158419959962884
-0.004600601454466155
0.05568881879451897
-0.04628823629438019
0.01670025589500876
0.07826470903791433
-0.1212955895311096
-0.06607744259081681
0.005858272297834234
-0.1643014296343143
-0.06647816961555583
-0.008356368291509641
0.09974004045649709
0.06103636949999661
0.006795547457175878
-0.02478297934079911
-0.04190245728338982
0.01757758866877801
-0.009002505275939401
-0.03661150917644317
0.027385924481668
-0.01303227033102482
0.001441037929328731
0.1051896986449389
0.03568435785460141
-0.04346912026923538
0.1044131407230568
0.07919670181386547
0.08351443870360928
-0.04181827369561632
-0.08743501522957009
0.04186508715026041
-0.09422037486318269
-0.005267207824014797
0.05479228501266974
0.04178944594369409
-0.08726851562217935
0.02745240809226884
-0.0949256371502931
-0.03261201468805169
-0.1479990385260296
0.02513770762648156
-0.02497343522220998
-0.000722557067937904
0.005976788311531658
-0.03505120406260942
0.03599344889874694
-0.06377887268649592
0.2155871473970638
0.006141228431795924
-0.03537263047980278
0.04464997476282686
0.08623412232613398
-0.03742554509393205
0.07081444463558675
-0.03150991818410952
0.2080071988809025
0.02318335183349846
0.0187202730433494
0.07750735509843278
-0.08271056793431983
0.07433240430539878
-0.047475016617362
0.1111123993538854
0.02780881407880855
0.01873717080953078
-0.05004742319311731
-0.03288131861782389
0.03912218715783188
-0.02257544616798933
0.05057371295081687
-0.1193394632297435
-0.000730587033486144
0.006920014143188834
-0.1091710236026315
-0.0481687447997725
0.08298335339717737
0.009843937359804784
0.02304306193562387
-0.07028875422191501
0.0828389930369666
0.02035570327774845
-0.007022267124407011
0.07294198566088358
-0.0432407142974257
-0.09039979491793398
0.1242419856982401
-0.08572665389532888
-0.05662263386690468
0.006600051781443919
0.03398868170935165
0.03832686562836858
0.02735182970010762
0.01628674760057466
-0.02513989068346349
-0.05889042030904336
0.03386496143811472
0.06406582828009555
-0.04289749046136845
0.04846124480804845
0.1298048279184719
0.02422825118479057
0.07730841269549912
-0.0248447479079573
0.03721639121386801
0.002718343070523224
0.09345375869613565
-0.02071124676555355
0.04365035241808347
-0.05418102995241632
-0.02849505948068675
-0.01854624498119355
0.04915838773839465
0.09936202448540155
-0.03004571149877627
0.08305231669869009
0.07660903975581947
-0.05656701589847101
-0.06513410983879842
0.02995062434251432
0.04446259577366905
-0.01234656374931194
-0.09595219582915897
0.09690532943337271
0.1101318300043605
-0.1161125502049253
-0.0167103250706147
0.04809005396474615
0.03694392712780038
0.1280754196115289
-0.02654128983772745
0.004831292470193576
0.07662917341763589
0.08277985873822946
9.552821063215852e-05
-0.08025887764285972
-0.01762378109231664
0.0211150006171737
0.01238328302088983
-0.05004428159471329
-0.01702502481727822
-0.07148016352496615
0.004055368878107273
0.1073627677172905
0.005657278315352298
-0.1321283971127773
0.06198794642534679
-0.1418430670279912
-0.008322608916711846
-0.03482066024497033
-0.1367087379288738
-0.03400458722509289
0.06370703266030231
0.01820019173643797
-0.02564055252768728
0.02131258643979018
-0.1329012491410793
-0.04795674110825898
0.06028041334004093
0.04515118243298049
0.02244564412372586
-0.006143784878980083
-0.02583602412936934
0.1359304603184852
0.06852664224709695
-0.08961059155708141
-0.04321415737992988
0.06164993389441563
0.02158394450087086
0.0546046263675159
-0.1202923078156812
-0.02315698984681912
0.05179847046188733
0.03786373775197469
0.04776098851821321
0.001304070237399257
-0.005507835895506033
0.06556483234767169
0.02923983503972391
0.02117019563278914
0.01490332696368572
0.07818890555409932
0.04960058357101818
-0.03031195444042423
0.06292492345583738
0.01367863238646939
-0.04673748171954993
-0.0368371360638452
0.1140759492834313
-0.02964206519302465
-0.02761390181144599
0.01945012663896128
-0.07788858954056459
0.04486243857684596
-0.05912112681114541
-0.02614998794551699
-0.0555043219782384
0.04168887356920688
-0.06592475943345838
-0.02819570473754363
0.08378898257022352
-0.01439393307366258
-0.01330143130291304
0.02544937213805756
-0.0479964737390946
-0.02715890066332806
0.02915553557433525
-0.0858959215959481
-0.03340823178205898
0.03730427208795411
0.06331632343069921
-0.1154006882625092
-0.00696126979140671
0.007805788635220683
-0.04641764922505665
0.02798571724494619
-0.07668662329224932
-0.04373949427045453
-0.04623962247864261
0.007124882725780251
0.1135868016824685
0.07231610729037596
-0.1556230988474512
-0.08824824468516788
0.02360506579520456
0.1387949067494481
-0.128743090525253
0.07729667857868373
-0.1033092411359806
-0.04850750675482349
0.04868727987975778
0.02660160143240423
-0.05923448611771755
0.07537242905922373
0.05975834125785623
0.07525523300727169
-0.0136916329972028
0.002352468076842772
0.09222588124016806
0.01467182030171598
0.00865936688038603
-0.07771097223602079
0.01383967022492441
0.001040587341216662
-0.1422595809716865
-0.02288504683326945
-0.08740334553033424
-0.04097200819902724
0.02210286003482812
0.1010848639529163
0.01868374494469399
0.1371523039740674
0.03926090353703849
-0.06716595631000252
0.08595766752091563
0.1334518175255984
0.03187498301715216
0.1094619173603802
0.05832162752899595
0.009234293099901043
-0.02784012420091603
0.07470696327043222
-0.03197113517578717
-0.07680842849655684
-0.03291186706529731
-0.01121106962887862
-0.0001748648205597003
0.05809813705247299
-0.08095038260834346
-0.04425865675097199
0.02010230927478929
0.03068719992006153
0.003452930172142571
0.007380656024613498
-0.07853202233212224
0.09337776201356138
-0.01112883923045697
0.03427425304170428
-0.04011643801267631
-0.03414992084707705
-0.02943629240202955
-0.04018315765373171
-0.07949282308654293
0.072722066247149
0.05435320148624879
0.02216473034874131
0.01661283641616305
0.01288940709398185
-0.02903152908149002
0.01413869618343074
0.07125737762473104
0.07584680287960566
-0.01326663700386583
0.03437332739269373
-0.02219477102466107
-0.05885892125022738
0.02778444122280473
0.1014371460135278
0.1114464779234001
0.03946603461481874
-0.009917845518768079
0.1217303810169233
0.01998593513848473
0.05547277791388315
-0.04998937863371576
0.006343656766774102
-0.06028731791702286
0.1003626820752593
-0.03462274990692144
0.1343298013943043
-0.003120377960151195
-0.007028635209701449
0.05168185767396038
-0.06964753241191166
0.07420514000449796
-0.07026562519371191
0.04106212109619392
0.1580543147849099
-0.02205796886120242
0.0796476713390453
0.1059489311639325
-0.1192467477782132
-0.09123767569041019
0.00190681717792251
0.0629635797715867
0.02932106102711469
0.01717804895466463
-0.07843996291069004
0.08124959659402342
0.04540633828880689
0.04994383753273772
-0.01543852789210042
-0.05477108915338982
-0.02717314065150707
0.04164576494223819
0.006342486314758082
-0.08666334866563083
0.005309940372395773
-0.03501860722776601
-0.0238241935302013
-0.03564203459345637
-0.002085796889927046
0.06333864403810933
-0.04651502329072954
-0.03045488453840993
0.07907839593731192
0.06356752534997066
0.0310305244080476
0.009684373860724946
0.0482204728629002
-0.1245189057246909
0.02281165676843303
-0.02354265118771909
-0.03078078694795362
0.03306992810913938
0.03888150014848479
0.02637899032012193
0.02530848138600598
0.0468291541585632
-0.01214296124537056
-0.02129106162460005
-0.02985856715220042
0.06668387125888167
0.01751872647991705
0.04595567849859392
-0.04411268453200166
0.1394003882169401
0.1372367638101185
0.1224477575903301
0.04141333545231133
0.0906612231485851
-0.07501002705037643
-0.01264977478696696
0.08752204116206146
0.02861765888839801
0.04741419698027752
-0.06569343759209786
0.00269552104133558
0.0757938338631497
0.08131639576843028
0.01273644306302929
-0.06635192268763607
-0.01983510976500832
-0.07146758795014606
-0.1263414276966218
-0.008812128667714591
-0.02025012687720319
-0.08176099526917671
-0.06470870001334496
-0.007124617371419211
-0.01426119676454497
-0.01672722432209792
-0.056324439531749
0.009462005126423794
0.09893565841356416
-0.06907146656098913
-0.01393036702751493
0.02123899790838074
-0.01912404944306685
-0.04078203134729289
0.004555868316242883
0.01849891689724313
-0.0386034621258555
-0.01267022790915662
0.01788781981713376
0.1101139731687196
-0.01998242358576563
-0.05274651968427634
0.09170266865506668
-0.06377216915213087
-0.007099882172750737
0.04073451403410616
-0.01342723702282857
-0.03307769856646966
-0.03290614173623662
0.08435736124229888
-0.0418142927717734
-0.01197976153294427
0.08943352648211095
0.03050288761223661
0.125979412728488
-0.04769253478584298
0.1137416275419869
0.06442149121836956
-0.009975248901405484
0.006287781564083999
-0.0228077860071923
0.04550384417310011
0.01282051211761684
-0.02077478965904534
0.001455281249277712
-0.03582461920184415
-0.03802241382871693
-0.07934073461366289
0.007928856333554963
-0.1265081683861073
0.0766692233896899
0.1363966469109144
-0.1052570401171065
-0.06020905945081315
0.06067641001356289
-0.05256169413891425
0.05063759117477613
0.01160779498612344
-0.09052863407819754
-0.08534829224549745
-0.01336985899336373
0.06598943968748168
0.0938207297425139
0.02703197098094105
-0.0639107888057798
0.1209127169275467
-0.005890153501067004
-0.1096638507365324
-0.08533161957706813
-0.01617302239485233
0.04852737106163145
0.02408189982629356
-0.09737297709000545
-0.1126155336358825
-0.004563059103814335
0.01063473516123364
-0.09638318087214576
0.04823892010614207
-0.05259264823013421
-0.002857961726412523
-0.05202254878888718
-0.04106070005804674
-0.03820600646128113
-0.07927155554260792
0.1254676724055185
-0.0291853166732725
-0.1183049544606871
-0.03263220203915983
0.1264658532088135
0.07243280823314537
-0.001322845497671688
-0.04202745449188522
0.03871838458469878
-0.008069552803053073
0.03373564721182867
-0.07273901043347719
-0.02100887986313807
-0.03272887764003019
-0.04131678259077645
-0.05108846928608321
-0.07164932352804328
-0.06293398725936203
0.1511242807749818
0.01487624576823773
0.02760670317369403
-0.008382768240972853
0.05523565549269778
-0.1097733380330345
0.02280174217005943
-0.04159386347774289
0.05160487509233469
0.01771813555717183
-0.02620071631188979
-0.112480340616563
0.05252294220042
-0.002624216397099623
0.052658498354545
0.00530329980558172
-0.01115822296256307
-0.005453668400011994
0.04033069875471759
0.1105629578018975
-0.07185427812648761
0.04475802274068645
0.05564599159575644
-0.031789816939815
-0.04843600107297515
-0.02491985048444179
-0.03767464533553395
-0.09694221631818548
-0.03994148777921261
-0.08284775171180557
-0.02568159422483018
-0.1014352838958083
0.01773762495410861
-0.06274230725097218
-0.02666649789994235
0.08384049536931873
-0.08850560784714358
0.001990736930213448
-0.04241013783965597
-0.1445020468233091
0.03808492907488868
-0.0079642564906654
-0.03723854513285944
0.05243885817002747
-0.08633636376105713
-0.006018619056160884
-0.1049611941549124
-0.04352557564211891
-0.04769412329341666
-0.1257961659757579
0.02388993714907587
0.00155000616568508
-0.03178880458455632
0.01600012698815026
0.06159838982710318
-0.04889951108469624
0.001517911980526986
-0.07886326113602346
0.02152865875496231
0.04051791434607101
0.09294908019980835
0.03349186052784157
-0.03874316465575189
0.08307643305658451
-0.05900069759708795
0.01716016022695923
-0.005954624029669134
-0.04235236149914025
0.09170134040706916
-0.005992046861446688
-0.02621399421259124
-0.04242009639251588
-0.02133265269980016
-0.01571960535224712
-0.06843537010243229
0.02633802866211238
0.1533235291883455
0.06143803101431331
0.009852715437223498
-0.04836119948195119
-0.01666055140266276
0.008397461374333559
0.02609871327234967
0.07915364732622891
-0.01484752754982099
0.01483016482795479
-0.06207903525248804
0.02609047337361083
0.01954138456344889
-0.01832779661165077
-0.008466008343022011
0.08118072209867148
0.0565044793758969
0.02639389394219738
0.03388737236142947
0.05206246196271141
-0.01289235321414523
-0.1154041104848314
0.03987115307898718
-0.06300841779905916
-0.02025477731509943
-0.04118696805099661
0.03424918307962355
0.0005386789292783703
-0.03755049098760561
0.06013831690813005
-0.01621276622449
0.003560515688277151
-0.02418433815528617
0.08940330787644096
-0.01103508606420487
0.04827520846690602
-0.02504359437392529
0.02144967363240607
0.00267536729765025
-0.03756798505549154
-0.009929654441833212
-0.07103315619898998
-0.03403536061716314
-0.006344984759983643
-0.02343009349050196
-0.01952758824235131
0.005682461797041717
-0.03833709141753518
-0.01607585033360283
0.02924506725564588
0.04110184927138102
-0.02450564691695689
-0.1559831483455329
0.01314062088682108
0.05301062793119921
0.001850220197596113
0.01401970996179947
-0.02141622201374285
0.01672398607261207
-0.112091160495562
-0.05053134603400455
0.0301533734545563
0.04680713617101715
0.009446785021404811
0.04196713959035303
-0.1037927514797368
0.1096345043230068
-0.08585621798729243
-0.09499139791634403
0.005970799350821426
-0.1082054910489564
0.03537947179604191
-0.03221660195701309
0.1017477726462067
-0.04715595930132459
-0.03457826087842612
0.01114621292360973
-0.1157445504349725
-0.03544026020043733
0.08756010760190781
0.04613066548244601
0.05689443497575185
-0.06913787652235737
0.08859036187039437
-0.06856595142735358
-0.08029939319330801
-0.01460602592412773
0.1308848869596761
-0.02948042978528303
-0.07964479037411887
0.004394933306596972
0.05470879089464019
-0.003368481227185881
-0.07391412096260787
-0.01375202536100853
0.02354542439299803
-0.05011568189014851
0.0720479444569936
0.01189831025171979
-0.002340678441983744
0.0187930060318184
-0.1406672771361457
-0.05348266311199161
-0.1044326430586553
0.03259179791867852
0.01922580336119254
-0.0113774664182334
0.0553063282413335
0.05097763268244579
-0.03409497117091925
-0.05502479216425347
0.01159616684639408
0.06186000944760229
0.03410329714548794
0.01477024030860045
-0.01331296159974119
0.004606564109289972
0.04375854912139989
-0.0147030388647887
0.01638260527082679
0.001974006410150282
-0.1021870548386114
0.09570137323311047
-0.03280222527565578
0.1406723717111138
-0.005143499055931644
-0.05512394922373813
-0.0003791112833233454
0.02454652394313819
0.04578391950426262
-0.06023321291547412
0.04908065390938323
-0.01824057642955493
0.0226600262855158
0.04912923096526187
-0.007190768099114848
-0.01922471530115881
0.04772492687582495
-0.007455651865961505
-0.02605483912136706
0.1104260541142731
-0.08133332548670216
-0.03715604599446733
0.0232627239358353
0.1284729047792049
-0.008203688852142635
-0.008412958214070565
-0.04994599147943957
0.04384644643141537
0.02331996048837421
0.04808855679879017
0.001060354489464468
-0.09920077742921843
-0.06148304649097745
-0.00619509383217387
-0.1375251178139705
-0.04358175304616728
0.007314658881298345
0.1682739780688096
-0.0033660291495183
0.04246526099315987
-0.0385595432362166
-0.0274819911201423
0.07616079435217828
-0.0862400526610855
0.07556401265910055
0.05661270824872562
0.09347787572714347
-0.06218041700099149
-0.007342896103509013
-0.08488134162205979
0.02856645066253267
-0.01496117390934155
-0.0341028567297794
0.01292112630494753
-0.02855301567061735
0.02269262011841256
0.001278642366535604
0.03335002892414236
0.01655367020947375
-0.02461245352319558
-0.004690077767445299
-0.02210225099645447
-0.03650161841009164
0.03526174909971987
-0.01713066663809596
-0.03677053656535257
0.07512843372745318
0.02565593195585431
-0.1326510109928549
-0.02005933783447832
-0.1404479377767178
0.01355945146038071
0.05306871534331865
-0.1338786389471635
0.01932954944136244
0.08427447425707887
-0.01122771111015999
-0.05094985259323032
0.05669101354371139
-0.03223303229388921
-0.071232561310618
-0.0357019375674422
-0.02430548904645715
0.05786543718629568
-0.04724280484359024
0.03355608300080477
0.05337398186358094
0.02851472228540001
0.005433046241536323
0.01761143168582499
-0.03221967701546227
-0.04746564466392836
0.02448783658492401
-0.002125652109594658
-0.02426111154233306
-0.08287587967391599
-0.03504269800370113
0.03556085364275424
0.0713070129708229
-0.04264941733177388
0.04067945952164906
-0.008357925244779546
-0.05305535660101484
0.08365582539348446
0.011260258786619
0.1424441998450718
0.08443226625006441
-0.05255753055297751
0.2186905130488872
0.076601389399097
0.1160703584106819
0.006816370979270986
0.04429933738010781
0.0164352511856695
0.02746685244193696
-0.02954825555083641
0.09332186253280696
0.0345314547976743
0.05742133358766365
0.1734991455922728
0.02679201526815238
0.004873538380497949
-0.03652815454063951
0.09258504901884673
-0.01221495595843547
0.1445778322766645
0.1248019266441627
0.1046356878238393
0.02883152448201996
0.07998005658194771
-0.1109829873594323
-0.04868128672962846
-0.04737870829156889
0.06595488977919206
-0.0008436626218821519
-0.03946999086040064
-0.007419512857331612
0.02841480596316046
-0.05822913784985671
-0.01959058123199096
-0.1075479988762767
-0.1302083354497204
-0.003126404555889844
-0.0368271119234298
0.01887399673763003
0.04949860619818632
-0.1548476707284021
0.013145830305537
0.04616671851969829
-0.003028424019157518
-0.01622026428819634
0.02055343372164337
-0.1313058032492389
-0.05098459769375403
0.1102805414800642
0.03674840309222042
-0.1145279148330928
0.004376701351636618
0.1504626993648872
-0.1384419176679493
-0.05387350612803551
0.09153346223948182
-0.08081507108155365
-0.08674353473499163
-0.06565008178847756
0.08269840344566362
-0.01563734983102024
-0.03992289562115146
0.002389953110157748
-0.09210845250405617
0.08199767869579382
0.003072345794833037
0.08737914380166953
-0.02684883782429113
-0.01832019002198525
0.1061248532734571
0.04862984957780082
0.09728085887429951
0.102877833186924
-0.07028530305904948
-0.04297727192323279
-0.06183894305920011
-0.02214389998400552
-0.01388721675012687
0.00591934944985139
-0.02957498560264785
-0.0394754604780158
-0.02994570271168445
-0.02004934285698955
-0.001783461914980817
0.08932083801665276
0.01688722731399968
-0.02344810197144512
-0.05470910191563007
0.0002126690558655539
-0.03951869170174493
-0.1215936221469602
-0.06821278589133674
0.049339935286918
-0.01040232189185799
0.04850859768811393
0.09093786576585983
0.007508001459386546
0.03197551657719086
-0.04631411421513273
-0.04837481315104332
-0.07278928566802804
-0.05916750950730447
0.06944145448270327
-0.06349207350834751
-0.02172817306958373
-0.04183760110391296
0.0974808793540459
0.06941267447256438
-0.06917955974468643
0.08357915608518129
0.01630550315764756
0.03521715342932802
0.007818575461976694
-0.02580645109153937
-0.01229403965123791
-0.04742686426992121
0.03602905969805183
-0.02100401313965584
-0.01658384273179413
-0.06483787774058308
-0.0328589810355977
-0.01436485554446221
-0.02233292582866733
0.01227474621944032
-0.03717437784732615
0.02448803027886502
0.1067278778388105
-0.06637120271459579
-0.02994410022559552
-0.01157280033041284
-0.05078552184508889
-0.07196845045048714
-0.02078933578912355
0.1048149380451907
-0.002476066440191318
0.09861275634798733
0.0009513807200410146
-0.08981699008298476
-0.08716897674184779
0.06301853625255033
0.06787565154712465
0.05637092434359355
-0.03416400816823992
0.12167322636169
-0.1044078858714065
-0.03116359999479981
0.07087190600042707
-0.08656682315014456
-0.005436464754149431
0.09727958292164884
0.02247417408785096
0.07895603389481032
0.1018177000087978
-0.01612251779254781
-0.06253443137964147
-0.1050878494768206
-0.01322879105278567
-0.0732187657520056
0.04163175896757781
0.185748390762627
-0.005955318142881565
0.03056799386588799
-0.02972864216147746
0.04778090137888755
-0.03685732029722077
-0.03217975966619549
-0.02094292344041295
0.07732048203346228
0.07021176392505116
0.04551574478525218
-0.06250958470454875
-0.04613830967035831
0.1861335979626213
0.03863275225683997
0.01852040118196312
-0.06588033340529
0.009024349741070557
0.0451090230709545
-0.02328336056901499
-0.0008680501001595668
0.01683345269330964
-0.004317610275186214
0.1594085455663807
0.1252746129764146
0.006527067630767409
-0.007253457097621492
-0.1127451832968608
0.04480190837384128
-0.001443783452510387
-0.01205917765529234
0.008169124903446852
0.02077667767607594
-0.08837841659764971
0.1228092985163823
-0.02967698339293827
0.0260464038586829
-0.02172329903328991
0.1891279176023953
-0.1111894968445584
-0.00976518120882422
0.1368761251429787
0.002419547809679016
-0.06025696175769579
0.06257391455000572
0.1040552628184561
0.05541249601086339
-0.07054013016912172
0.05703582599671295
-0.05060258485878728
0.107646711037216
-0.02767965841037014
0.0492090856586543
0.0261171486312588
0.06366014178496252
0.08518526196976464
0.001278398484264365
-0.00313575075246765
0.04951484208925604
0.06196421638072269
-0.03598787626483273
0.0001960041128635757
-0.102315308657787
-0.075891585227643
0.1013200685677993
-0.01859591138030683
0.007924988068956727
0.03462992471134599
0.01146124713389167
-0.1124064589529221
-0.02038704114476165
0.108758254728594
0.07209600403802019
-0.005505352042961032
0.006844134395917144
0.02945302216972574
0.08636099269372481
-0.02829153238062989
-0.04139011415357365
-0.01123240725172306
-0.06116426761732845
-0.04443563015294084
0.02116193244353448
-0.1055633964400434
0.002113098492494466
-0.009392464741184978
0.01265985743000541
0.007859194696942837
-0.09703555952923487
0.0288381223461602
0.06694952549393009
0.0304402453221391
0.01375724369509484
0.04971762572766621
-0.05344082101712505
0.09658814132534288
0.01203138897059808
0.03245484542253784
-0.02965539547485476
-0.01470025810588123
-0.03392637546497849
-0.007053818953898401
0.04641069389756683
0.06749110946149668
-0.02737456434372354
-0.0119257540335536
0.01196866689842927
0.05551405473360305
0.1165305676748171
-0.02648286749152073
-0.02493356491135055
-0.004736886547994819
-0.03451863430871958
0.05361389316632446
-0.0520524373882523
0.07898053324445858
-0.005159231238275479
0.1267595562808559
-0.02055102151646636
-0.0264738795505178
0.01773264894555435
-0.04382653625823739
0.1176108790591035
-0.06075666054221567
0.1223322442455098
0.1148888505932303
-0.04222008204563694
0.07712410383659882
0.03621383932923034
0.03673013123941703
-0.09150385215337373
-0.03345222965265515
0.01987254792008219
0.05394914930044635
0.009271112553613094
0.04281992351704286
-0.1119804960718521
-0.2140175740943802
0.08710853557402798
0.01917776110631159
-0.04901397083547515
0.05864432012093671
0.04061197396271966
-0.01165970738714013
-0.00362094789369815
-0.02253582004719352
-0.1322837197047831
0.07481519603018383
-0.001532050787106012
-0.04147140875470132
0.04201263369958919
-0.07064614788605916
-0.09174765209494937
0.01765026167777237
-0.03107660862101613
0.1005791860922162
-0.05895847732308909
0.06306925425023173
0.03937392886116532
-0.01409470395939091
0.02073964027701212
-0.1397232583424492
0.09040384472587019
-0.02049817520472739
0.00123596068260113
0.0132293441340428
0.03529122446363601
-0.06496354478140433
-0.03052754013919116
0.08364799869945462
0.05542624010255769
-0.06943167508208647
0.03115401103347304
-0.09679532357225507
-0.02022708393875931
0.008080554066437019
0.02154098708337363
0.008593428428271217
-0.03142603129302051
0.02724088431456839
-0.114344139330177
0.08413912571351301
-0.07370868072481894
-0.01547287953613778
-0.01164824416196143
-0.10918166043303
-0.0360314892896574
0.02905425966935218
-0.01663040060529256
0.09192078238253076
-0.02501757798474702
-0.01945396262284271
0.02264194388568886
0.07899993605623344
-0.04267929259687556
-0.03746305149889713
-0.03765036997491872
0.1127692642412628
0.09401651326642642
-0.08408099127769182
0.04783334069210414
-0.0394154233319865
-0.03934767421219773
0.08223807428386613
-0.09840458202167889
-0.03261824175990471
0.01986344730845854
0.02289253411257314
-0.05525545117590278
0.1262262960620525
-0.01313727154483215
0.03653460892857314
-0.01502960693823892
-0.02285342855016452
0.08895588101305915
0.09881730301190302
0.008018247138817741
0.007479509931670163
-0.04493795418401381
0.126584638746546
0.04909375200067098
-0.07604671686203431
0.03686110496301651
-0.07289628843870082
0.02714272461416322
-0.123119383377162
0.04490600788075048
-0.01743370515622666
0.05225544503040082
-0.08521307130977492
-0.04733677080324841
0.08737038419707495
-0.01957237313963292
0.09850506616431701
0.1781087957956859
-0.08948347558201933
-0.0310188114588431
-0.03323465915591
0.03310818100128814
-0.09087599754224421
-0.07665181472392318
-0.02184581141100908
0.01949139097721016
0.1010127189423754
0.1033786673430523
0.003022696347901331
-0.02811504612292669
-0.05670376089373354
-0.0078302893602544
0.05920286887691283
-0.05754277121799258
-0.002046636304146032
0.04916070438178876
0.02024801642764029
-0.04268378483271874
-0.0189655981774001
-0.007334601236661409
0.1336400805041367
-0.006768762526382373
-0.04485460645383981
-0.02593868163222418
-0.07988232492333386
0.07188252184246047
0.01922837123867088
0.03122120105506378
0.07620630735417731
-0.03031631441813839
-0.05244207630880193
-0.017734156769478
-0.001062420679625531
-0.04044272217417596
0.04508371353525281
0.003654933564539803
-0.1198681528488822
0.0642987481209075
-0.02662338788573002
0.08539005541107948
0.0364046550942641
-0.06635568230777018
-0.03645517155995458
-0.1050140009380744
0.0416487297934799
0.1268736958587949
0.03642997366061271
0.07849093505884813
-0.08221116482732954
-0.107095635429227
-0.04181953448599528
0.06939461269680373
0.04093202903756733
-0.01282111605361374
0.1294518233039539
-0.03702752004797001
-0.09435742724244575
-0.04252644074293437
0.07651664295802292
0.01852033150320154
0.01233064369472517
0.02401990685907012
0.1235757546878826
0.1241273275115442
0.07594395405113202
0.06710115764289398
-0.04168489053119876
-0.06475101953418588
-0.08722266663907022
-0.05201443499339564
0.1080632466749676
0.09403545572855547
-0.03055626478501975
-0.09419456780980501
0.07516358377144911
0.005238368573158975
-0.02041734849853682
-0.0207890684756842
-6.82594170306923e-05
0.07174599061892076
0.04795778188537886
0.01494641276299895
0.102368234398449
-0.0667437242794155
0.003052768812082387
-0.1093643664550606
-0.1430111178957234
-0.1146609281027519
-0.05518692653358799
0.01224096623887169
0.06407559779184123
0.02550146965419679
-0.03584070407782641
0.0676009365022212
-0.08351029342040386
0.04624165533783233
-0.07229393433970224
0.02686250792084371
-0.01232058646752291
-0.00112295446060515
0.009256480201570647
-0.03968706493409667
-0.02502146668411465
-0.02020008390850633
0.01817286868255828
-0.01335614594339611
0.01200421451808547
-0.03441398076400104
0.002561440684534108
0.1363769253856626
0.1065641431668071
0.0509612335685375
0.008079505232829546
0.02808280901771597
-0.07249753804036035
0.0695891307966453
-0.1349400579188311
0.1156489439984972
-0.02504829067844859
-0.04347803338783914
-0.005920409225337171
0.01467923203063919
0.004577411116020155
0.1090356125229633
-0.05806220534186253
0.06424253081208996
0.03582215246294618
-0.02019730609719597
-0.03029514483449003
-0.01135574066314848
0.1377882911739524
0.0171845166555462
-0.0542401018291627
0.03791986071326794
-0.01309389349494989
0.002824746260370464
-0.03849126361841378
-0.06495277312029453
-0.02541577884924318
-0.06022086467587942
0.06696482494848534
0.006582503394991062
-0.03067306949204331
0.1351750165409498
-0.08680836575641337
-0.04229970272772954
0.07893294427680261
-0.02321342699770031
-0.09123953365865649
0.1097007744507101
0.1273496887922898
-0.01784825952847336
0.06443360466651216
-0.04494703856110878
0.09415961176927348
0.04905027941241037
0.1292183590835926
-0.04054042509490631
0.1043949810852951
-0.01285131097183501
-0.008347669497678969
0.09963753529763741
0.004379777231296379
-0.02851170239759068
-0.07323221314156685
0.02269798909055746
0.1263221288398337
-0.1001086299394969
0.0545564106733344
0.1089285149769418
-0.04424730421199622
0.01022367236760023
0.06607044741055343
0.002559075032356278
0.06104376678886458
-0.05628734170042822
0.0358493899341011
-0.03779768726355635
-0.01928286315607868
0.03321570172480592
-0.01417114154170488
0.03368561742417828
-0.0314736619617348
0.05995508100473744
0.01944784044124992
-0.06632198622064032
0.03637897629956494
-0.03794833653859372
0.005353145357560277
0.0163553177253884
0.02172899591323267
-0.07832847821363144
0.1338515658147947
0.02851199574452229
0.07361707640314231
-0.02516501583948259
0.178243256076658
-0.05757070257592019
0.0516014303431153
0.06109756358862156
0.09103207521646431
-0.004593927409882511
0.02196930172144889
-0.05937392121205531
0.04501989208709029
-0.1086748339157299
-0.06294624306273042
0.07428433721022282
0.009046250288735265
0.1102485609061708
0.04594518164205239
0.04984575162366922
0.06362021453148986
0.01071090905377217
0.06817530448916977
0.0430167680842059
-0.02404467128865108
0.01637004053931302
-0.01563060444219688
-0.0278253064413143
0.1001240724474578
-0.0124687255747011
-0.01813639491110099
-0.02333079315805179
-0.06518358712513952
0.02373979621189679
0.04646268187818908
-0.03630715030497365
-0.003273601591205159
0.1404952165252792
-0.03460951088543533
0.07246404151545857
0.144927749837492
-0.07953952832596144
0.1169718436011338
0.02575326183978041
-0.1574839015559349
-0.01957238871533965
-0.02434068369837932
0.008514564561177676
-0.1603181682869075
-0.05174289856615947
-0.03178299980269439
0.1052698856414121
0.1056767927580509
-0.07089401594848245
0.1112281382635041
0.03441532999058096
-0.07987388344991474
-0.00824962344332124
0.02250791326954983
-0.09846749266677339
-0.03956763388836404
0.1226528778380954
-0.02770469274947251
0.01531453975502177
0.1594468699903167
0.1089917982527661
-0.1292320002792799
0.02633084328056299
0.01553672091573669
-0.02377421776281245
0.05284100705795373
0.04874783988411939
-0.01726909130642669
0.005748924283139124
-0.005467580405398961
0.01670142077782451
-0.01874436908681005
-0.08504376667440311
-0.01643201425469816
0.003170367786328314
0.1199898821178746
-0.02521309129488032
0.03475818872319133
-0.004378465540062697
0.09765678183758483
-0.1214057993172171
-0.03362028513758303
-0.06259821122235026
0.03903766455211438
0.02403786195685643
0.06541908150273429
0.06646529128599096
0.1396522239723297
0.06307429299663485
0.0736757746288557
0.05085239892258291
0.1168563663004091
0.117109948394955
0.007998689477220156
0.009298751590716331
0.007153223875227533
0.1127260875943418
0.09972572248699609
0.03116224301264066
-0.01768519933203752
0.06009596854827948
0.01742955744640008
-0.09999094596102709
-0.03393695702009097
0.04793865691759959
0.03087193826230259
-0.03510415590686682
-0.05503869732378773
0.04439603050740654
-0.008665540782037337
-0.04026990900814563
0.0510780266755811
0.1041591963132911
0.06352757224681937
-0.01677014460656903
-0.02680481394161355
0.07310484456056217
0.02963659088905374
-0.04216365361366432
0.01799449418654543
0.04154098499727579
0.02987526496036329
1.339199112598832e-05
-0.04849480318798202
-0.01609638306089312
0.09197060292455944
-0.1178903647093933
0.06975053837417308
-0.03313854177371754
-0.02553944102080007
-0.1215667931453021
-0.0479495917691061
-0.01689334472753799
0.06621757070727873
-0.04047765736010158
-0.0489635493793588
0.05454645052577423
0.01409441195746969
-0.04637205529645048
-0.06909534480251874
-0.04806522046759351
-0.1198468626535898
0.04169726328882323
0.016049501895666
-0.07146104526923733
-0.003277154962674417
0.00496663977077676
-0.1461873139296158
-0.03118199820718741
-0.04982087044665891
-0.08131576719948935
0.005834424898780975
0.01839728214450578
0.05586281714961683
-0.1319667306128585
-0.07168618047984499
-0.02560179909891897
0.0193752976836924
0.1406622467823175
-0.02127495098495873
-0.04905816849740482
0.00650302662918166
-0.08548688150182895
0.0220288211071455
-0.03163910291597163
-0.03545062179294843
0.05136912484689515
0.01749372369656745
0.02900044666408043
-0.01690927879216505
0.05486798676399639
-0.06906821141385827
-0.0475310989357205
0.07276531957153309
0.06757164678843283
0.08380495527205031
-0.00132247184976491
0.02394630410244431
-0.1005254899656447
0.02979609508209639
-0.1283423990401351
-0.1553047375707213
0.00172796365761313
0.1035340781824208
0.06475301734080292
-0.002265048423640805
0.007181318561801351
-0.04400447384985574
-0.01571398279554857
0.02825605111385328
-0.08427318758344711
0.05829554617528487
-0.05764716073945643
0.09871437651092256
0.01916319252040867
-0.08826912431308577
-0.05648223962217877
0.09328488639128325
-0.03117853650607522
0.03262427750974924
0.03214638807526844
0.002136515565861542
-0.05760944521981316
-0.08379376490269208
0.1540116964735998
0.05889946952569138
0.09882176165371151
-0.08221109293950199
0.09691974653281256
-0.1212125368942455
0.06130297889306147
-0.0610078609676899
0.08352460711014263
0.04807502190805893
-0.04109620550947729
-0.01009857767529765
-0.03129496910775655
-0.0239914039363282
-0.041792925069199
-0.02497625934104326
-0.05153908117352139
-0.008960148503907195
0.05256888915655232
0.00462287204135526
0.08738540911408846
0.07741033730696664
0.03352234421416083
-0.04308223533110694
-0.05389792297576986
-0.09721983690503128
0.01220617123767557
-0.01616341260014025
0.08813158023683748
0.08945058856726384
0.00488873432844265
0.003713417118215196
-0.0113570154499786
-0.06303761110418718
0.02053907269106993
-0.03762767642132775
-0.04099242831687071
0.05244620083137775
0.009327252445026857
-0.08957113610688089
-0.03940263753881301
-0.05705373835935985
-0.02251529793048532
0.06691757614959842
0.004869772784225225
-0.002317469217807164
0.075031299575906
-0.008783907107766664
-0.03035018822140701
0.1409931647037053
0.05437612102096813
-0.03803179409212289
-0.09865562708436421
-0.03522174055828999
-0.03371830462735515
-0.008553896787615679
0.01309621606140971
0.0747817041458371
0.02305084991364987
0.03413406893758326
-0.02933341704295885
-0.1553115597133584
0.03455996310225337
-0.01608789287179451
-0.1428911359240121
-0.03278623250387589
-0.05690981017849262
-0.03828928917613017
0.04725389608905277
0.104854759578222
-0.0303502885308806
-0.06522243418331669
0.08553145427394637
-0.03070759798583565
-0.03833821833432829
0.00207299080166847
-0.0262419143124803
-0.01302146617765308
0.08467999876372484
0.0154803266887327
-0.1119784792912311
0.0829310170070839
0.04455868694822902
-0.1566368944604795
-0.04692284527690874
-0.0682441604932454
0.0836336419406518
0.04418598080618487
0.02391640965109644
0.0128685138532071
-0.07255148103928058
-0.09153038007674703
-0.01250817427610538
0.007149938241673336
0.006229593679874617
0.1532988886434772
0.06380520943561313
0.04118337910792432
0.000735421121135324
-0.1100552430232191
0.05292839078237345
0.009543915593932528
-0.07348645591988653
0.06133534565241799
-0.01262607174990463
-0.09619998802501316
-0.007397163315259789
-0.05532941611142304
0.06418535095601192
-0.04751319616651847
-0.03240567616408616
-0.03543049421926425
-0.02007227276141126
0.02658150084895364
-0.03442707855193036
-0.005353265841376801
0.004068401251093527
-0.03578365228848205
-0.002711568235117631
0.08694877845867936
-0.001901428086982994
-0.019863395956336
0.08458287947809276
-0.001297150979221701
-0.05889905699059261
0.00198534029185643
0.1659514652031387
-0.1013110320280155
0.03409478319547356
0.04001518592581488
0.02864648310728894
0.09247981780753953
0.02321656770861546
-0.08851600892014178
-0.006021610366405181
-0.03769986471780572
-0.022694627343651
-0.04527388196319221
-0.02123424676281647
-0.0289195769382302
0.1039089221538022
-0.0143110154988628
-0.1602423012735582
0.06714229454387625
0.03243596044777303
0.05220570284509366
-0.06887056882130108
0.06255593812657217
0.05109842317882477
-0.0009558534664385887
0.08970262333001346
0.0111627747627153
-0.08008852566645118
-0.07820537636896663
-0.005946742648777609
0.015200942232062
-0.01185005672056441
-0.02747378614163271
0.08478896009000843
0.04533114428231425
-0.005958082836989821
0.02581373107597383
-0.09197633734929017
0.04692076431200295
-0.1127679085806184
0.1547835620155683
-0.002486345704185267
-0.03044925408476717
-0.04373761900724367
-0.01198728438390842
0.0125453432462363
-0.06849514053773161
-0.02513273618170095
-0.04468098746068944
-0.04073341833672617
0.03701308899941044
-0.08343131154574696
-0.03694509179734444
0.02779782548402752
0.1686654733317098
-0.01972615322114143
-0.03193033226696519
-0.1301901975926829
-0.05249666678957378
-0.01133718832468932
0.0592959572339436
0.1028531693896847
-0.04000106712953189
0.0938017709559735
-0.03601762516938578
0.06861748152125514
0.05376189077158577
0.01171266023263852
-0.1050364657415863
-0.01029148100580902
-0.009634446535409277
0.04645510210815137
-0.1047573229923605
0.0006976604092547301
-0.1448130108875123
0.02871587590359312
0.001919238862197898
-0.05609896629825668
0.1606510460614607
0.004577713891802414
0.1907320424613267
-0.1446350621614382
0.03024248085941405
0.04824010636824889
-0.009958528692850906
0.0224348955188522
0.1183698267137605
0.07614278906172933
0.1603231766946371
0.005275570095834563
0.06753637334943838
0.06025668557831078
-0.1048963974675664
0.0610761647524037
0.0801753213851864
0.007067756415533685
0.05834270952163946
-0.02445811032921104
-0.00230115599489341
0.04122263424850725
0.04858361224263109
0.05319696815370176
-0.0383930362571383
-0.02417155362076363
0.1397788071450581
0.03040142735675475
-0.1198958509780799
-0.05734813305635999
-0.09404999363837899
-0.04886150732654425
0.01581211920770068
-0.01403525241799488
-0.03475080110882464
0.03560118186104724
-0.04139271197404934
0.008671844921992189
-0.05544884772630801
-0.02803114723335914
-0.01232556304716103
-0.07362495361442641
-0.02663130129226218
0.05373255194103463
-0.1369318058653508
0.00531855285355852
0.026929877735083
0.1105653146964605
0.0335624948077055
-0.01442775551995917
-0.1177923742090838
-0.06790074215799557
0.1279970073141196
0.03452953162608852
-0.003395600363991003
-0.05671594980966367
-0.1043558876621559
0.06947455943459112
-0.02269713980986775
-0.07163163430816391
-0.07989497891031788
-0.03877397300443347
0.0224298007133586
-0.02977362438920995
0.06950666307386524
-0.1064088553118434
-0.03057642061077621
-0.005144118048327068
0.1528534407517214
-0.03204299339228103
-0.07173682079801964
-0.09176549568979966
-0.0241535010280515
-0.06969632914799914
0.09843054517342169
0.003794431386452246
-0.05048813393170258
0.04771903825149287
-0.0478250707827001
-0.1347419708073486
0.07405082566856935
0.02812108295207342
-0.08378234775778684
-0.02035106009871585
-0.09964228514536774
0.06946705290605626
-0.005800330109165783
0.06520605454766382
-0.05396382158014734
0.0630735399055809
-0.02646014195423528
0.09807745357564476
-0.02720876807264772
0.02438772409254999
0.01778981097081097
-0.04148174657822386
-0.01614370802583358
0.07307442626964245
0.001537697897742066
-0.08340032036641422
0.07496595797819426
0.0541744840969694
0.1106342363497903
-0.05534955804192083
0.01775891132526861
-0.03161451493441784
0.1125907554908174
-0.08948573226338165
-0.09850686095625677
-0.01776646750815284
-0.04626747681626926
-0.03520372131849571
-0.04097779504291933
0.01389079219065573
-0.003001352468907374
0.1056470884100834
0.03863490821728986
0.03055513963898297
-0.03695506326808887
-0.05484042789025487
0.01004289887665868
0.009169703436180059
0.1313983243920022
0.05001722126652497
-0.05672148762049758
0.008648024833482051
0.005551819960703648
0.04461748317850051
0.04209685038631232
-0.1072665378160432
-0.01466558777851828
0.06098144421106765
0.1487729960670221
0.02886222541914731
0.04269132915987571
-0.003264638473930249
0.04378595939328169
0.07355859853535195
-0.05147151430656061
0.01740224289687856
0.006345968144376669
0.01224905078299635
-0.0006333440573491646
-0.04885990125550578
0.01708762612461176
0.01298536218520028
-0.05393039810720218
0.1292214289897641
-0.005869785672024883
-0.08175007201679246
0.06942862535517468
-0.08743815631061068
0.01708997344165554
-0.0003404181325193569
0.01170415220439526
-0.04254825269908008
-0.04127873782354934
-0.133096623779598
-0.008767188498016276
-0.07782242243371885
0.009251984260043186
-0.0103997460818707
-0.06231380797331178
0.05654189112358978
0.01702780572548507
-0.001471170965736575
0.02132556101544502
0.08880206975094157
0.04065640476924205
-0.1104508886652744
0.04545424409794971
-0.08494079560339263
-0.01594734338815051
0.0598366689799387
0.05401434446591136
-0.0009425694934131462
-0.01109756934224436
-0.1137814770141176
-0.04750337018225393
-0.01597306130905239
0.08444529757508905
0.09848277909736783
0.07476289412931753
-0.09828464640314065
0.01343270222269093
0.1148855582625284
-0.06734254444791204
-0.1085061083358958
-0.01256662907536994
-0.1024178703811899
-0.04768708428724179
0.01628580216897504
-0.02038874677362749
0.01945032211292413
0.07371479001496685
0.1398780301465648
0.06049597023079162
0.04528866785803869
0.030878377692937
-0.03796303891171145
-0.06541489120344278
-0.03318941345710209
0.1083826516922201
0.04159774388012052
0.01288169133041762
-0.02116480879663765
-0.00992314021566465
0.04711926443021766
0.08426826075732295
-0.06103707029465984
0.0113480718616497
-0.1052553760456296
0.09655821778442339
0.01288239107699513
-0.006303941960156538
-0.07930135834676227
0.03787411386616467
-0.04596146436332982
-0.0808284363311709
-0.09995378743464764
-0.02568042197017805
0.1100022289114631
0.1498089707370966
0.02228511367978867
-0.03255197174380052
0.00643744401987275
-0.003857579537130035
-0.02912240569058497
0.008046165918445768
-0.1148197387932307
-0.03248779835669825
0.012816201024335
0.003191805041480172
0.000722246413433162
0.05823172765949823
-0.03706699249923275
0.05333544406517714
0.01447787935763852
0.01007386970116649
0.02761647724766649
0.02224001244289379
-0.06322996605359703
-0.0862952607559925
-0.07790947364952372
0.03929872261373352
0.02916668248399266
-0.03290362418256432
-0.06516055517168348
0.04752107544914572
0.05038054398490667
0.006975072563681222
0.06704607438428893
0.04783955036285787
-0.06285883302539506
-0.04689000509853422
-0.1117337258944284
0.0342395631559718
0.1032298627783164
0.08798155827324655
0.07390090202513383
0.005622635465851726
0.1028090919457209
-0.07884068486384789
0.0460925213129773
-0.006364745288904444
0.02478902998779228
-0.08322734445111971
-0.02368218387682579
0.03120916656083948
0.1443445745852411
-0.02046312506802898
0.05765975366987268
-0.05938665584813749
-0.02965802528410091
0.004308316112158143
0.006697536890439539
-0.008361767436946435
0.01632202786917709
-0.04589133538606754
-0.04485050752713773
0.03262063799228277
0.01502428505886566
-0.03529498928019879
-0.001081781133145603
0.06369043591086511
0.0407280903902779
0.07898883814277773
0.01443184566006922
-0.04890009280212185
-0.1139701303478781
-0.03235880352781811
0.02185159302527281
-0.04233596753609632
-0.09272102765530052
0.02792657264506064
0.1185449365675157
0.07425518869125501
-0.007626157361039908
0.05273046454459047
0.1042731003116247
-0.0229130673378714
0.02857184931135278
-0.001710220814411172
0.006709019614782805
-0.04104619784495272
0.0506985712146303
0.1741077400579266
0.07940387754157524
-0.02829093926738328
0.01944709723985169
-0.006451134620351344
0.04185221921456006
-0.02261905526362618
-0.04188375972140086
-0.04929259809949448
-0.04155874195852648
0.006402199738007042
0.05827913781792007
0.02236474569781315
0.02543139766390193
0.02528862467340984
-0.06249983054646036
-0.09157870487099645
-0.069099300847069
-0.09033033864850162
0.002520040243712869
0.1670845391138391
-0.07310658780323173
0.03704314658154298
0.01088944750714051
0.003656589961613317
-0.008473565525474767
0.04193238580196811
0.03363766937460703
0.07312998307322881
-0.1168671531003387
-0.004427781733278929
0.02522783378273299
0.1100414580212049
-0.009909422916240959
-0.014102974855
0.008857390891826135
0.02690130265809825
0.03346432518418392
0.0227513436093829
0.01401262604502405
-0.01831938087826931
0.05397355163771125
-0.03955734824214614
-0.02897193678781408
-0.06490209913055184
0.004928904452098579
0.003490014684116735
-0.009111327218678578
0.06254341830217064
-0.01183112165342569
-0.07101410727276311
-0.1066276253913659
0.05062283196263452
0.1157271358755297
0.146368977529735
-0.06165964448956177
0.1153548026344856
-0.1217496073419454
-0.01016762400274188
-0.09944854412734958
0.01349978732286909
0.07639981056108436
-0.002706937005773798
0.03158195428602553
-0.02320915103900646
-0.101124036369431
0.02999972750724128
-0.03240871740099477
0.04057759519455062
-0.05029253345032793
-0.1198273228464515
0.0252731139883276
0.05824328569642741
0.008367683758001735
-0.001181619329943363
-0.03634882063463287
0.03283263837128171
-0.02397041108703433
0.1022867098910736
0.06515434875020651
0.01187758489509122
-0.02695976834426642
0.002490589945998049
-0.05724004546358313
0.1312320805003324
0.03150816510647568
0.02727868808237597
0.1791634161913823
0.005252939013685117
-0.05638061990404986
-0.06256638797609038
-0.008465885340464319
0.02454483388839492
0.004355840289301305
0.06874020711668276
-0.01890420994931221
-0.02625023498231422
-0.026963226661942
-0.001275483496810143
-0.0782081504778252
-0.08299253222045062
-0.02642288856563475
0.02145486573449155
-0.08681650474327296
-0.06493743826772369
0.06015174310687944
0.05064456832067078
-0.04709276130683519
-0.009139565774783011
0.01421099947082588
0.04197876422887955
0.09735123263668366
-0.08443962048539855
0.0133417333782923
0.03293188053005691
-0.08947809521817432
0.03061848078381509
0.01679132858216726
0.06639000646807275
0.05939675255784334
-0.006501005617040586
-0.07641216065532469
-0.1042403975540016
-0.02430728338186246
0.01137088017716524
0.03761009855929381
0.1208812505159197
0.05047584354799554
0.01886109621271261
-0.03396890410908619
0.1018139949454428
-0.01171032591010632
0.002295312034775364
0.07183412981972323
0.06050603646076148
0.02933694125172905
0.09089087414552038
-0.06663529254110476
-0.01557565077433302
-0.02895943007227701
0.01762429593252188
-0.004265726736853147
-0.02611140868467669
-0.01632586128233835
0.06533574830043314
0.01928285549863965
-0.03730810184420796
-0.0009342911857078747
0.02811464345699284
0.03475243103123262
0.02073750753890422
-0.02442918980711875
0.05098651636282103
0.004488518496784569
-0.0003974151933573266
0.04391613566036314
-0.0009064040737526407
0.04718504590269755
-0.1380020776777697
-0.01565231310602063
0.04721242936669404
-0.04323065528870863
-0.08086483648236628
0.04402929117296224
0.0234607608995412
-0.0009757399179890457
0.02293325369630974
-0.04935415506754793
0.06911126753626011
-0.01992684866536448
0.01443039342293026
-0.02481265050771349
-0.08914911729115112
0.00342775925648162
-0.1041747300990704
-0.1178373741679306
-0.06398303472360228
0.1049708222531009
-0.09566454793755674
-0.05988852536561089
0.0563251325460143
-0.05828264867474842
0.005427935326499628
-0.08840666565655089
-0.05787609784041226
0.01233300611816108
0.04442511831378133
-0.1056019922331477
-0.04190490313412561
-0.06336288829821822
0.002427909267585321
-0.09897550345437596
0.02382897122752768
-0.001347190714905885
-0.05832872146599756
0.02393050108323557
0.03247409537957738
-0.1084723449775045
-0.007898931756612434
0.043991335726478
0.009259462767632412
-0.1440198166829582
-0.03308989946610887
0.01793071408769617
0.103859059208604
-0.07339039126226177
0.02826846416165484
-0.07877828989658096
-0.08169872985420006
0.1307996048019371
-0.008530692647059756
0.05769709883238076
0.02783466663883647
-0.02686440739516959
0.02365111655674274
0.0602875745837158
-0.03430837264060058
-0.03863363011792414
-0.01726098771419109
-0.03890877362619314
-0.04098353577167353
-0.01028097918181479
0.04651684068294129
-0.01197406138277177
0.0007252852110321423
0.1655349535720386
-0.05116285855721804
0.01177737891220709
0.004281058488743841
0.09279127370615944
-0.0472201105509675
-0.07036331711186514
-0.04118308191723187
0.003882768701826064
0.05682776963882279
-0.04395251286362621
-0.04237197014523712
0.06000041101230098
-0.002621042055831434
0.007792832232458864
-0.003711492435214927
0.01404916264299221
-0.04388188399889432
0.01208999390005637
0.02025492549098711
-0.05230214392361635
0.02682540340380027
-0.006151198352605997
-0.1123046727043093
0.02127664089835802
0.12959043170945
-0.02316622247792625
0.08872454961124851
0.07425209112033905
0.009780515621046711
0.1550766772023848
0.00303935445416301
-0.01913267270252394
0.03660376465567351
-0.01096499631036697
0.006502293672785472
0.006735790488926582
-0.1108787737784525
0.01147902340910971
-0.06000511974743815
0.02180698346917777
0.009916120059335037
0.003881285246042414
-0.07261763428712587
0.06414425649808908
0.02994321039339347
-0.09438677149350158
0.002238568925790121
-0.0511739125025668
-0.07743398626139467
-0.0508014905099492
0.01431113625590877
-0.02967307327536756
0.04688895400136386
-0.006203451981060634
0.04357864711015175
-0.169050972002988
0.04306591648212008
0.03171328836373929
0.04310164346599435
-0.08554434464787644
0.07261179949175817
-0.01783140736628091
-0.01125608843019661
0.03814443333389494
-0.001782654548077196
-0.07722214184157672
-0.01961018301639308
-0.01828763780203375
-0.05351976376565431
-0.07610870963819086
0.002733038516780362
-0.01683498552661277
0.09962582156492418
0.04117742942486925
-0.07225636968692009
-0.02745624832199967
0.04413982928477018
0.05003507750331568
-0.04949384898704773
-0.04327899737389413
-0.04636450218986102
0.04935707141313068
0.09504973913220338
-0.02898370256347336
0.04067165228092662
0.01663798718891042
-0.02322346813899873
-0.115358659019907
0.02502535664242605
-0.06576494249129788
0.04676140678298198
-0.01140818437149542
0.08761567977404111
-0.02685447365977761
0.0609998744467409
-0.09526811447256012
-0.01550841780563106
-0.006256903460145805
0.1067485206782724
-0.05411836022455471
-0.004461777005704876
-0.03373741521655989
-0.06133368713456033
0.1087104744678762
0.006852334652321192
0.09710521753755362
-0.03936635932366016
-0.2017294027839081
0.07626167817940854
-0.05493774040270998
-0.05574712124296483
0.07413971653418946
0.04374620826895947
-0.01028393868868443
-0.07598413532081794
-0.0453682551254152
0.05867148394553615
0.08832583770545895
0.02781745656607393
0.07022200358386158
-0.006901540159275063
-0.03128799911849343
0.0155122441396474
-0.01978371324507718
0.01237475230211548
-0.02050905878917632
0.009060554222906112
-0.01638794320261771
-0.03907394780306206
-0.06603338820392922
-0.07436952478276385
0.0216726556309857
-0.02621315252330225
0.120607988112658
0.09179906796830194
0.01306332340644092
0.0477669938120836
0.006045680339419747
-0.1854332483616673
0.04652958833955205
-0.007060248038004622
-0.03445812613024151
0.1197451038839561
0.02535342163796635
-0.02052028337582522
-0.0008476267186862362
-0.02917230206290789
-0.1042272381618956
0.02472528765950608
-0.0402889011276381
-0.003232867674645909
0.004733925020042003
0.1338892254231662
0.04122792164322728
-0.1231673755683238
0.02144087459306191
0.0695564758019025
0.05336326600346902
0.00217816647971697
0.06799128759536811
0.08092070625416692
-0.03279857619610885
-0.1472387670191294
0.04091806219397996
0.006339404094433313
0.05107267116456349
-0.05616816228890944
-0.04307551528519168
0.003122487498544707
0.01054067343053665
0.0515071183734624
-0.0146110272987332
0.06514255367469793
0.05750920965877455
-0.02820514728653613
-0.008580225422632919
0.00471078008006711
0.1325111968985546
-0.07369823147547593
-0.1138166232543786
0.08914302407398336
0.05031864603534537
-0.04006178336262596
0.04321124891679706
-0.1464208810959464
-0.03024119400077461
-0.06284422346638158
0.07123393656359586
-0.05834934923035969
0.08159473738963349
-0.09078198474204077
0.129112367812019
0.01462976024497446
-0.0238281947223473
0.07290087524269438
-0.07641358133613027
0.05764164954893251
0.01473518630747731
-0.07158365793230721
0.07112664219457093
0.06175566880707656
0.02181117819770696
0.0404894480137317
-0.0400021329948642
-0.08177020604318311
0.01280141948881528
-0.007420819299158414
0.037244976166756
-0.008614130739644767
0.08042777423879327
-0.04159143536618577
0.03593549193975386
0.122734587854828
-0.05957512243718166
0.02208709501711464
0.006648510122402359
-0.06544226498267609
0.07243272621313607
-0.01004926666729842
-0.01429185630369198
-0.06734852914128273
-0.07639928221010932
0.09200454399285782
0.02580270643635857
0.08093692467704075
0.03157677222748309
0.03050313796665949
0.02663270192772528
0.02863456386311961
0.000260796743535156
0.04219207557484693
0.02876631957470359
-0.03874478935848694
0.0007866334308627501
-0.03255809715594193
-0.01789282024614246
-0.05922481241798047
0.0283935946032985
-0.008762486622586184
0.06832991094716331
-0.1230346522985519
0.120446177028781
0.122851737275006
0.06080734937001941
-0.05198976065851377
-0.0786940733299837
0.02802994409959823
0.07448907434350494
-0.02970967084427359
0.0588753638652089
0.1030331151591476
-0.03298786853958591
-0.009327603135880325
0.04863387579512767
0.1066819068270716
-0.08880833399169431
-0.03059033286556659
-0.1046930283978446
0.04748886406194867
-0.03076619698438198
-0.06117817747955302
0.002569388921236204
-0.09760761250532515
0.05089518012912528
0.1270473873749415
-0.02710067798750575
-0.03099185463394528
0.05466037220455307
-0.01950272376274155
0.0194138351542837
-0.03663264454611244
0.02452401582058931
0.009098299136187857
0.06826191983581339
0.007283066302245556
0.01634554528226866
-0.0003746831397036894
0.008798119051650191
-0.06187759410480662
-0.01007564416521994
-0.09628605908466875
0.08089276475930376
-0.0365313459683342
0.09863871036756555
-0.1431134073595051
-0.0719873165864657
0.10092586408984
0.07944266169688677
-0.01290073833902629
-0.05893749916593641
-0.03712244853675936
-0.02776737817789535
0.01843209769179207
0.09783493616929001
-0.1858461302347098
-0.1198272342714588
-0.06744477945095169
0.06139493445798135
0.02899133204809383
0.01590810122589867
0.009226439940076048
0.03642365686609884
0.04100772596960484
0.02830932843000222
-0.05920832196758626
0.06156830891066481
-0.05740763072746029
0.06211449009894218
-0.0426283378993644
-0.02267902409782949
0.03318973742789388
-0.03927702611846527
-0.01535672515410558
0.07704027214560576
-0.09918940249984667
-0.03169803429585945
0.003781196565691328
-0.02384102665110481
0.03271666194280239
-0.03021626034632992
0.06590620262483828
-0.043295949720002
-0.09223156703298321
0.06782116033250234
-0.02326341562650668
-0.1012612223005588
0.1311859623547892
-0.1150271461742683
-0.03087434976299532
-0.008889212428845591
-0.07568359967806698
-0.02208365636784629
0.004113015822921305
-0.05373373296684029
0.01011260222341499
0.071825476984804
0.09271901113689839
-0.02425060317449319
-0.05081426774040216
0.07645947859167598
0.009872624339771405
-0.0934420447011817
0.01494365494441841
0.07619777009603068
-0.0592316070600505
-0.04306017934277656
0.09147917538378815
0.003560409989651807
-0.03609078981283218
0.04923914790999737
-0.08855614796394763
-0.08271246801839699
0.009649244077006437
-0.006779187176922052
0.009413007069548437
0.05360386746017607
-0.01780680545383249
-0.004946888349805858
0.08534682652043107
0.01913721171007019
-0.1376898088426569
0.1043203051642714
0.02732577719369846
-0.01412221462931942
0.01178575004787374
-0.01358966549850216
0.1089136834328353
-0.09252088389012897
0.02148588319765858
-0.1045909313451951
0.08099178733725508
0.02287028337838051
0.114487501009079
-0.01195347947631351
0.009070029155235068
0.01376655380888767
0.003326565346017999
-0.03850994199267021
-0.008001509236010696
0.04433058405265451
-0.0174318063285004
0.02381721817371961
0.08446829323773815
-0.03475770667412086
-0.02312331693747595
-0.1327107218403096
-0.03599395276838728
0.0664848642880214
-0.1099804484156719
-0.01979893623930747
-0.05602047077043473
0.04152565550459719
0.01702074257205598
-0.07166056597330642
-0.008392052229539957
0.06528722259295867
0.01973284965171517
0.01493211951579319
-0.02346943886388597
0.02377887708692819
-0.1044543280086612
0.007365370016434822
0.01991916844143034
0.03350904064349697
0.02037503420056652
0.07417582343845311
0.04693400396763284
-0.1044149704076132
0.06289155926895826
0.0505427685348934
-0.07581496587191276
-0.05835113577252331
0.02189167588711108
0.09349263455453327
0.06600770807849898
0.05372713669775692
0.09790097786535418
-0.06692407431500935
0.02702698576627439
-0.007984133826727436
0.009695399185830414
0.05868457959642608
0.04274484242359466
0.04571837954943934
0.0577555090806221
-0.05153936683273568
0.0291380992333046
-0.06645316229816832
0.04288444248691019
-0.1021722461146657
0.003648227734829406
0.01273841310402308
0.006869902325970262
-0.004015085866032584
0.1025469804041342
-0.0466246601599461
0.02966074058535564
0.1057126234604962
0.06075316844746922
-0.05204028196565635
0.05220854263841994
-0.02708463965962345
-0.0725303021976775
0.02120175629717288
0.0804693010297373
-0.02980284771981994
0.09015810631636521
-0.1486329356391346
0.02956380898455705
0.02252905946465035
-0.0572941758030244
-0.01497817452466783
0.04565356377533433
0.1093939969629168
-0.07813987148274992
-0.05229910887521671
0.008112577015471495
-0.103143075970011
-0.112820455146263
0.06763522871467537
-0.1206401834884744
-0.005602999483839305
0.02973755544859893
-0.1212028521570019
0.001855263305330757
0.007943680598362885
-0.02475632628709187
0.09716907091723158
-0.061627864812988
-0.09834082314458104
0.01643915683711535
0.02415626531469705
0.002911904652513772
-0.01703503194321433
0.02741075110902535
-0.07966247407252608
0.03673843197830046
-0.01319486705793993
-0.03705984999282981
0.02999431852990472
0.01299328728033386
0.0199936729124989
0.01343095936444339
-0.1267573534023093
-0.04747850258777088
-0.09930434146962698
0.09476370196297537
-0.1462031873711863
-0.0987016612013642
0.01854266322329096
0.06590636037197001
-0.04367748330771508
0.03581233552550059
0.03234151588220436
-0.1058230585581658
-0.02345538741279166
0.06386682889464548
0.06825315226513665
0.06572529955908252
-0.03112330690878859
0.05799447961573895
0.04603865740866238
0.02810552268662206
0.03607054730942329
-0.114084115427003
-0.01138134416863565
0.04178220577326322
-0.03046284923432827
0.1311296926559359
-0.05750682276342822
-0.03126416489936616
-0.05715893375806086
-0.1200747993852029
-0.005850919790735477
0.1200611908377985
0.05113662079708884
-0.09357653311221516
0.0334215871251044
0.0255870238565625
0.03743355578306273
-0.0989835176133616
-0.04462187524534968
0.05900680969160487
0.0112285618948126
0.08931216869268674
0.1060383943928259
-0.1024597888371935
0.07829418726522736
-0.04287967477577227
0.1610103096295569
-0.1316778749379183
0.003337553519381212
-0.04611501895129598
0.03258146195440269
-0.002529947677004471
0.0186778440176016
0.003717909625872248
-0.01597579844971397
0.006556637287055946
-0.02120884773206435
0.001141321914143175
0.09332262124695433
0.01205365074752362
0.009032697665826313
0.0250374186936484
-0.05723573152644756
-0.03297797504935175
0.07918577911404932
0.09603704505413614
-0.0363013724873579
0.01660659248072449
0.0222117908841571
-0.1182449091216656
-0.0438095212120477
-0.07116509183192618
0.01973747004763335
-0.0291805304073036
0.0596730495722437
0.00147273567384637
0.1448851948663104
0.07560248782716014
-0.06121157947331325
0.01567089877796795
-0.099308635528518
0.01171008848943842
0.04216325099692606
-0.002247550519865929
-0.06153055192845412
0.0433565222775547
0.04302444743717766
0.1041548075497485
-0.002005329647169207
-0.01823842861266019
0.06379308322668105
-0.0317139093561075
0.08741523848209612
-0.07258584261426625
0.06047923112424167
0.01187966142912878
-0.02501918974841522
0.004699386267203362
-0.04418467058208631
0.06131507431803402
0.08949379516722951
0.1380780916388525
-0.04187524967232625
0.07262738937747526
-0.01952383387284809
0.008586374061259359
0.0006196587308433046
-0.0413911604808492
0.05717211455670501
-0.01135407968142612
-0.01357656119424555
-0.002665767439593691
0.09041494076591886
-0.06058844618123128
-0.008730381497572532
-0.06408047625334537
-0.03136185021999207
0.07188824739896985
-0.05335521576378192
0.04836993240259466
-0.06925188701077761
0.03611662323369928
0.05825891095858408
0.0484244377280103
0.02866926810916213
0.07356851207840816
-0.06219773404125259
-0.004028237579118993
-0.01236278818128771
-0.04226375252742288
0.1201772507544889
0.02321157998987822
-0.00359674601317727
-0.06633218410630812
-0.0181045554905245
-0.05000232617317281
-0.005875583273026702
-0.02974148598824952
-0.01533918395102748
-0.02808477251186783
-0.04460619224060521
0.001932190489296895
-0.09475473659721455
-0.03077388124037131
0.04961892577380977
0.005559320727841037
-0.1224257546006738
0.001999542374875748
0.1377830394182322
-0.002598417227024058
-0.0007114534198309486
-0.08405367039160042
0.03359491327957845
-0.08128392325995606
-0.06781748507162119
-0.001710443556503079
-0.05622112572429612
-0.0001550732331433123
-0.009952669183221657
-0.07795241789856985
0.01109136642267708
0.0449227917773086
0.05647524195999912
-0.05696819908946708
-0.04967042757832695
0.04895596111152715
0.06604934880552102
0.09737998750834156
0.05394560625531638
-0.06051489785731783
-0.0484254442343706
0.09451726412680495
-0.0003577710184709398
-0.1024911271045077
-0.02917079956938802
-0.002068344971332448
0.03646346662531283
0.02639940116009057
-0.0578732595888769
0.04818750022874183
-0.005867131389834076
-0.03973384146354138
-0.04272986497890565
-0.04446709404845892
-0.05961110942666426
0.1528328782207425
-0.003635722331355423
-0.04623284663001544
0.02802999376728171
0.01667727763476717
-0.09013908478333314
-0.04899786535802086
-0.09113287192702377
-0.07887169682073239
0.0202286606777287
0.01544238695832218
-0.007806989774239433
0.03643089857542917
0.02941736324661286
0.006420068036671406
0.09803264432092992
0.01465522683598839
-0.1321741705101084
0.01599557281501848
-0.0610494694210978
-0.02881084300531612
0.05000491408175871
-0.01832228675000705
0.05609644314542033
0.0275399708955899
-0.02840339512121028
-0.06223867846900547
-0.00250205934702824
-0.03282090742028997
0.006756091057651351
0.03602085569605466
-0.04376812962369034
-0.03058009325978949
0.0303318904836111
-0.1252567255184893
0.05749133696872466
-0.1097970190649416
-0.03683642381250354
0.01266665921580991
0.06174425082085148
-0.02452539756788617
0.03834231876260678
-0.04653936274764407
-0.01077062003621807
0.04253761687747355
-0.09779092354593949
-0.06951111937839882
-0.0232318987730351
-0.03885434286121392
0.0004247452734054986
0.005123589759521249
-0.0251427655704874
0.005769962117896502
-0.1086304120019886
0.1026714619022408
0.05472858834603971
-0.04852244791697223
0.01943900236708905
-0.01112955077910489
0.02268127059868863
-0.08958281998495043
-0.07376086346487448
-0.004584376779309118
-0.1376002350236608
0.002913930179594591
0.05249816372426844
0.08043336198507975
-0.04678208792875421
-0.1055671316698209
-0.01369997899670099
-0.02654867398644301
-0.04975813868359465
0.05635439151947703
0.1395960544015174
0.01452733463449141
-0.03294980686986654
-0.02323828993601667
-0.02519968943631562
-0.02645355903858253
-0.01284781922607729
0.08897431670977095
0.02000097423643442
-0.159955416047817
0.03552512516936568
-0.009608042601463446
-0.03285189130893155
-0.0506391875092255
0.02934157378564978
0.09893194000372613
-0.009937340304850606
0.1273979314446227
0.0352203288243018
0.03116428431632512
0.08234514276728847
0.06675297327170714
0.05368306751636549
0.1195978255816366
0.02729716031881186
-0.04908930852255537
0.05185262749452264
-0.06213637522897335
-0.04917940370409739
0.1123346960517339
0.05460132024936146
0.02690951543640904
-0.05581770125635166
0.03985926786287149
-0.07475952035991108
-0.08017575293080324
-0.1574620819153379
0.04994662775019094
-0.08804464699141296
-0.02312747253863115
-0.07619885554561937
0.0683639867660891
0.09449672722534541
0.08929109414439682
0.0521606472720831
-0.01566694677043236
-0.0986920008080656
-0.04731486626524645
0.0227277060058272
0.04594405484620755
0.1423315444765346
0.06363409937039791
-0.03135750620426371
0.0105269447137121
-0.01407586955790672
-0.1398377817597058
-0.03866644352929826
0.08869998495914402
-0.03994079907637083
0.01704597268641295
-0.03285631654443907
0.1128640256884725
0.0911936566137483
0.01185545420846865
-0.07720075335793168
0.02641969058299815
0.01844950398191583
0.104383360670732
0.003296496715021959
0.01025744091201585
0.008463111567574653
-0.1122466944045317
-0.003867122279668879
0.02100621012042448
-0.08921864453644052
-0.04187956798392008
-0.04241895544432904
0.02766729846500598
-0.1361032121030896
-0.08308920752458951
0.04915307641828816
0.05418816803877421
-0.04743917795147576
-0.04227570235882117
-0.1222803387116728
-0.03726535391990897
-0.05770328332701913
-0.1100797771153895
0.0520147155904222
-0.0667624168795217
-0.02370882431249147
-0.05114220721921613
0.004685480429417856
-0.1143695352320653
0.03616080436074002
-0.02476676813889071
0.05388181339909422
-0.008446719288986559
-0.1444044598029228
0.01538595264640452
0.02287735405348416
0.1314063258385062
-0.01755344902854974
-0.020382412327058
0.0002000964933097336
-0.01892986557198764
-0.08323898106840263
-0.02132099132456632
0.01181987823769603
-0.08968380737483517
0.0643881987491642
0.02762692615577006
0.03381130967078474
0.01124956308895063
0.1126366271919087
-0.06189844463427717
0.06950474399292647
0.02967091497475252
-0.02622413201037653
0.1401604954372915
0.02926705457334738
-0.1170634206521197
0.07227185579795117
-0.1962721522688413
0.04733140777435214
-0.01122672188526847
0.02999599339572111
0.02324976450914422
-0.05070211049929381
0.08292654814964848
0.02887110345906129
-0.04405884558962059
0.02957105570660866
-0.05278186154297927
-0.05624744791579286
0.04701833012192803
-0.1085069424153537
0.01834678982958972
-0.01857993686207116
0.06066142364085547
-0.0367208678524554
0.1044390521946599
-0.008538781297032137
0.005793134592925221
0.07563141947508593
0.1143988941290811
-0.01898616258256965
0.02482249730391673
-0.01471652595851322
-0.06444686021996977
-0.1361486345493145
0.03652843919000079
0.02573813141343746
-0.04652360736188318
-0.007113506672034111
-0.02470847236558797
-0.02085369106660517
0.04081017732906275
0.007677034583541426
0.1254764647966296
0.01330904089800774
-0.02587532542896412
0.0854657315529349
-0.035082162565128
-0.08015245462129081
0.0912650134259308
0.04795129899334873
0.04622505047053377
0.0597392873634095
0.04582102404307077
-0.02307894850748634
-0.03923752533305783
-0.04911620775343455
0.0526952944665198
-0.009187156635803009
0.0290763227378227
-0.07336670008260442
0.01764485373846113
0.04519033915021961
0.0152741055516841
-0.07588474724106822
0.06281702094437451
0.04271113757284753
0.05709105873825185
0.0587354556970946
-0.02674051540250708
0.05420023166890284
-0.02402809595084012
0.07310468398600894
0.0650966191738136
-0.006913776611905564
-0.04215428957509451
-0.01431199504482053
-0.1000378534392901
0.04373203765386859
0.02178114684486844
0.02745549465454497
-0.01008451654678359
0.1370318520008651
0.04268570026390286
0.04560665199086464
-0.03473204721252894
-0.01375983185287773
0.006032501722117018
-0.008601715312064799
-0.0170658477770045
0.07075540883435444
0.1512156756126999
0.02601738186458535
-0.07848551740379603
-0.00908178342970694
-0.03145790105271767
-0.005298449175568168
-0.02447161089370653
-0.004715161350215213
0.0444228328735675
-0.00786978170635343
0.04489704340299899
-0.08647858958868609
-0.07117442499539504
0.03647550093803067
0.009844619953479732
-0.08771341076193756
-0.01884790042030442
0.01033715371360618
-0.1273152747137563
0.0509468005754771
-0.02977794974368433
0.08206492865024201
-0.001566423717680648
0.03505570827269965
-0.01456245307798816
-0.02923871018865663
0.08776817782271358
-0.04524232569107454
0.02710650900725999
0.09275477721197248
-0.02101873020779224
-0.0436045572406514
0.003376342470046003
0.02209276070397968
-0.1003374495693872
-0.08273093496273787
0.02529396531334689
-0.0659477026176791
0.06245318425476044
0.006062680609919789
0.07636240960622993
0.01349231469090008
0.09390508487321021
0.008406436654004673
-0.08436737768975684
0.001164641502000695
-0.1346752576132319
0.01181360645191821
0.02848633901259295
0.08164522350590131
-0.04441082377755734
-0.05843733028454385
0.09692349181397192
-0.03541225609005633
0.02497266142589916
-0.07709035734419417
-0.03868423032155836
-0.08308099569018562
0.04925480964981924
0.0414997611288782
-0.002350366288597652
-0.2022801583743778
0.04022472411220337
-0.02068249639190698
-0.06856231310703517
-0.0372615823783667
0.08964632376067004
-0.1544486126890657
0.09037565919509324
0.000811994875681607
0.02463651951217013
0.1197514892282088
-0.02768531432864611
-0.002908077234091777
0.09914308302796422
-0.02121815472569114
0.1421982689562501
-0.03730267266139745
-0.09457529956126676
-0.1083922836358349
0.01333907331891383
0.02435950224665334
-0.03116322999431336
0.01328950932749633
-0.01721462429026892
0.005573000024745686
-0.06170865635484676
-0.05321010652777507
-0.02640667347029772
-0.03221015755262082
0.02148632276340127
0.1096910081424767
-0.009561222278817432
0.07526093620320719
-0.006749638737908209
-0.00543137361483912
0.02928715069102105
-0.03881042509803139
0.05611245855192025
-0.04563965385776842
0.06457126424887434
-0.04490514505735896
-0.09486568332192134
-0.04287859647461782
-0.02118243997723164
0.03229668732791992
-0.03768804663246784
0.05066857177824546
0.01126509115933883
0.04079901911443028
0.01663253729388218
0.05573978373841232
-0.008583714077398942
-0.0008536459970736286
0.02575302760491392
0.08247935976685292
0.06364046831114707
0.009937494780325129
-0.02502659891446604
-0.03124814648567779
-0.007484440862850559
0.1634967163562085
-0.006821841893412312
0.00508107454945649
0.02468288834642092
0.1244402846430235
-0.05457651843437258
-0.01349751312120324
0.04786073111069012
0.06384056103462236
-0.07633537724715896
0.04072549664241659
-0.08295413724012238
0.05344961403226803
0.0441876829536009
-0.01174108838324704
0.01314885656254085
0.05356639162352773
-0.07619546197702379
-0.03372260421276069
0.09840107186917728
0.1230219070871339
0.01542954583930648
0.003399093100578576
-0.06013306053927048
-0.09334657725970733
-0.02581954928493349
0.03011752095063487
-0.09627589092634219
0.1032900561739509
0.04027455193479907
0.1532437146068423
-0.02090558163291839
0.01954595128428711
-0.04175246859066035
0.001813500538921153
-0.02804786851357016
-0.03517165665001332
0.05295933584024352
-0.1918803724476048
0.05949960375763109
-0.1682651169789593
-0.01894300414660046
0.08409865613225272
-0.03241296757620532
-0.007672750357672134
-0.04746218051520214
-0.004046482379513008
0.02995267639784886
-0.09053513116348239
-0.07763723111366019
-0.0841245139536078
0.1214943155964966
-0.06370804270113085
0.06183861413900207
0.07439381104009481
0.1164862484916988
-0.11937756720941
0.02714266931832412
-0.08091934991410656
0.03860474859939369
0.02696983187434502
-0.07147349022615146
0.04671719155914502
-0.01656921881716884
0.002738102338315094
0.01964627981147717
0.03705312514134097
0.1263937293194499
0.03310533511475966
-0.08744736838019398
-0.03219838571319873
0.1268564656258065
-0.002003491050272886
-0.04491711647323039
-0.1102650365730716
0.06102609265068365
0.07508512717919108
-0.05999593172106703
-0.1316423478139637
-0.0617380439562536
0.08286031106803959
0.003110272151355589
0.04205949812708434
0.02540959788901498
-0.06628457581993494
-0.08776136783023655
-0.09033733891306586
-0.02172267118270364
0.0001866898147108425
-0.004419575102846376
0.03912322957919569
-0.03315897271149196
0.06280348324321861
-0.08892294838725137
-0.0372601377790656
0.02618855312809537
-0.04471349882988906
0.05423619928026945
0.01493428061114035
0.01962341497363626
0.04150933352598923
0.006915082385917433
-0.01071340072030946
-0.02431290755579156
-0.06078517749961686
0.05189102376188263
0.09672379016643744
0.04109711690814506
0.05644878021739212
0.04152257811434726
0.0783240191229479
-0.03459601725216532
0.04523534807758187
-0.003828079704169035
-0.0177224900847853
-0.0608022998641732
-0.06579975413904272
0.09413092206096117
0.08350408619802652
-0.007545989825064943
0.00596172325243358
-0.01221581166414892
0.04065321900431051
0.05264330835663893
0.04212632989164369
0.09337247179774655
0.1363078599374005
-0.02141135173191694
0.06526919199702037
-0.006287364936962917
-0.009721559129446267
0.01317354025553909
-0.07087288432853865
-0.03077162056332954
0.0003108697835376671
-0.01516126768989689
-0.02687999729102424
-0.1137254923001582
-0.05907190667268893
0.07109871016849249
-0.03278326560873776
0.0005450776176915625
0.02261094151980221
-0.1073891786871627
-0.06400368143309951
-0.05372751574934834
-0.1188478910793431
0.09028392330320792
-0.03891809088347007
0.0151231450104839
-0.03369553754256005
-0.06027344155515267
-0.004851510563207255
0.06957345385130685
-0.02133786767256183
0.01554140635737733
-0.07273216428395379
0.07464061428520243
0.07091097974675645
-0.005165862894280615
0.1376532643654865
-0.06570891834888054
0.09374201690907638
-0.0844569202457482
0.08217920063068801
0.01166256651150022
-0.09638617425826138
-0.02379144927664212
-0.01583456851855734
-0.02436454418966084
0.07626968066741215
0.1004584093774105
0.03546009155378642
0.04417054560012806
-0.01062293303703848
-0.09137712328092348
-0.04412724170338203
0.07126089484368299
-0.001248844092856957
0.04237369610473678
0.06405772036956188
0.02782271850990298
0.02767049352623143
-0.1234079650139585
0.04835482812428788
0.008474031854615103
0.06802474968291487
0.004140516117045672
-0.004501104748887868
-0.02350589543673812
-0.09392094279560408
0.0432646727884534
0.004546691376069108
0.05342869463339203
-0.1044158224254389
-0.0614463951616392
0.03055920940652973
0.1207170788357026
-0.01884672808547856
0.04451285008917683
-0.005745065505572883
-0.009050811151322748
0.02269859247363227
0.06451696899471683
0.05414073540525826
-0.0199046794029524
0.04871491615293229
0.006245521496520533
-0.006648207824582728
-0.1088385374454906
-0.001943403063885067
-0.003414353199331805
0.004955121925637856
0.02266999127666346
-0.06298761775089691
0.0825587616226266
-0.09303134279786884
-0.03283305698154831
-0.07121331007887804
-0.04769113668510016
-0.07567054699355422
0.04951242325247166
-0.05313301267161737
-0.009816905576506496
0.06208096859719113
0.01994362723176632
0.004847012252086468
0.001504475153740241
0.003484408408490708
-0.0147265059982552
0.01822398133664582
-0.005661518229584321
-0.101972625068976
0.06642854940502846
0.03882575462766624
-0.03763652733544151
0.006913967902284423
-0.03917857666160478
-0.08346948791449081
-0.03167129943591902
0.05362292929023282
-0.009441341967749369
0.0006247536187929496
-0.06257659510985336
-0.1085619666287822
-0.08333804206792635
-0.1373672323240117
-0.05197998482915755
0.1094454853764404
-0.02514511367218188
-0.007721513633116756
-0.06955094335452644
-0.05619184570209387
-0.02576313306650036
-0.1249356566254273
0.01026198022859735
0.04322133649788093
-0.1072912781699865
-0.05559843374340336
-0.1601236488492554
0.113144086317821
-0.02122811398374445
-0.03366685023891162
-0.04939178223199153
0.02911538617696382
0.02953724349943065
0.00961151698835159
0.1290664069860986
0.01729900278888686
0.004121616177510765
0.00267568954925982
-0.01195755618149228
-0.01741152704832204
-0.1527182429139664
0.02152189266547753
0.002532479221949546
-0.002307816902754192
-0.1130360270559586
0.1680359031549053
0.1315738681521588
0.1177028444787973
-0.09678622746408264
-0.1253507041178963
0.03897232204662996
0.1436849039669137
0.09030997261521706
0.04462575147690639
-0.005712578059966285
0.02960837686539782
0.01853060967824933
0.04452285704146894
0.1448447106199709
0.007910438801082179
-0.02353525707836124
-0.0235320164770358
-0.08184704954370201
-0.03900190114867894
0.1609421853155847
-0.07488726008642214
0.1007788242162974
0.04176046960381858
-0.03427676548220959
-0.09542597150078935
-0.0488736774083021
0.05807077863676083
-0.09038748208516553
-0.01887600095450374
-0.02603451144738318
-0.05823752504681191
-0.03747916812012232
-0.01230319528174165
-0.08218298241186567
0.01668566975281321
-0.05112915165165169
-0.02684561269624853
-0.005766432284626651
-0.0651617201279535
-0.004985868880660476
-0.01190488670419141
0.129797743764998
0.003965914352340231
-0.007838585070375766
-0.135015587508464
-0.1377163360096385
-0.08649530124418935
0.00851496963222332
0.0807206576098195
-0.07792629220569855
0.01920847863011964
0.05875579593727928
0.0612866474654799
-0.1018334870567019
-0.1244199907837232
0.0112246916679726
0.04004917217171726
-0.01827451288677032
-0.01931353099580188
0.006986920804854444
-0.009214036593111572
-0.06885730491719808
-0.02527165848549962
-0.02904890134423968
0.02634651685219068
0.08034789123078692
0.1037023873211425
-0.002521512256320781
-0.05367985916882984
0.1530296503248874
0.01886088262407178
0.01395743762639172
0.07024345245617455
0.02219997644468612
-0.004563731640764804
-0.03243082937347821
0.01678331979436424
-0.05032717337965802
0.03574051877503134
-0.001076904209818132
-0.06714763665614024
-0.08143537857813715
-0.07551506186209569
-0.009421725263834587
-0.01043453037715782
-0.0469001878996108
-0.02761235977057354
0.07931827847033771
-0.05650730487112867
-0.1381276561658502
-0.006364783777221585
-0.06121350268800558
0.02553741376827823
0.04433296913865373
-0.06490115809447253
0.1141310019825196
0.08176799836763832
0.005029691934553712
-0.1569539133370643
0.02446426731078303
-0.1054937787323398
0.02617436350073141
0.08479910633491089
0.1425169965716691
-0.01474568829338978
0.09894168799254735
-0.004754776192850155
0.0982873961972357
0.009619004472189704
-0.007339733093813829
0.0225168813346249
-0.03943219800921127
-0.01888223993376204
0.1039131042147778
0.05085367530908222
-0.02053053744088897
0.1249042617585333
0.06632155484054786
-0.09543057925404347
0.03639450469478661
0.02687208296760686
0.06048818035348551
0.04361748087899325
-0.02026794283736048
-0.05184980593562486
0.003927442684768374
-0.1068835024792575
-0.1503434291869255
0.09247473626473665
-0.03977685984947933
0.07898213107079126
-0.0007662159743803826
-0.06918915575062909
-0.04013015594447767
0.06206377363918147
-0.06600828792453592
0.07749293363849957
-0.1212487309579758
0.01194113969120486
0.0588515685861224
-0.006656124965140349
0.07753601662794245
0.06236527557143258
0.02719499098172812
0.05058662270798259
-0.08439874685832024
0.1073117934728561
0.06592150026084313
0.005695046810164413
-0.01179091974991511
0.03139015720178816
0.08260316062038353
-0.009571923834471165
-0.0002228497631192664
0.01268557067690054
-0.02669820847848306
0.07227821802077693
-0.0593788898290462
0.02361101406333751
0.04511662625194154
0.1147274879013305
-0.05600486615634103
-0.08450152451457579
-0.05860002356643305
0.02014706404898972
0.02881229840400117
-0.06669362382570367
0.001070355585953357
-0.06771736659264288
-0.07159121728413823
0.1068628543289751
0.04829450410515546
-0.09374051217669102
-0.00222915728795459
-0.09821008037981677
-0.01205263215842797
0.06316398077839903
-0.004849671219843983
-0.02320164341174991
-0.04670329831102291
0.1099237944214508
0.003104956872214269
-0.01039845306512459
0.02869717362481482
0.03689178751676553
0.004888689680601399
0.09006435272665692
0.03433670633274632
0.007311828067272779
0.02247663186355798
-0.09631946286635136
0.09653256002142475
-0.05544664750702484
0.115237586005071
-0.1801159096937107
0.1000610544457244
0.0395339610141843
-0.05878988652456495
-0.03659366627893796
0.0225075416867251
-0.1224842484974827
0.0008621204636767507
0.01987672095722015
0.03129342674177202
0.00504762200563095
-0.102354156864496
0.01603402719467113
0.007097146679678257
-0.2300282066483378
0.09409334093090656
0.0004083567474434807
-0.0009074154287871811
0.02644189472361553
0.07815697379843568
0.06780987876807341
-0.06260261025329189
-0.05539569465999437
-0.06434766402920118
0.03414227221043412
-0.1374993719909869
-0.05033672258578067
-0.03205328675558699
-0.05488628920975243
-0.05499434369363803
0.1376314387822822
-0.0227005307711805
-0.08110754386652659
-0.04483214547816299
0.07168397906966453
-0.08050495266610992
0.0001465374323635221
-0.02914668720383059
0.07021617196780562
0.09580349525452174
0.05349272960915589
-0.1097474808620341
-0.04531856742966765
-0.01865028226692677
0.009433302752212335
-0.0975471165357694
-0.05715047452382813
-0.04594599185604359
0.058271264889407
0.08815975748729105
-0.006874048501031776
0.008989457808925377
0.02895161754509965
-0.07769160406120326
-0.0533543932156909
0.01628825182219158
-0.02100337962667631
-0.05857112678845557
0.02511446478264659
0.06474807991649298
0.01568283029816437
-0.06200088618575386
-0.05049131499710435
0.01154878920594158
0.1003934469034316
-0.03896549022482423
-0.008080413699830665
0.03898761976266769
0.001427680453310234
0.1229404522320655
0.003567743433143561
-0.003847060879750737
0.05070214574364648
0.007921436815099877
0.03477296749158418
0.006870687153544754
0.03412756907586833
-0.09356660143010331
0.02886453688642146
0.1129790860955263
0.02008517283874393
0.04128742676216005
-0.01521376573142981
-0.01958242020522927
-0.09819168085023915
0.05400358148471691
-0.01147817072763468
-0.0452974171239498
-0.02079681145614247
0.07333712832858397
-0.002291147592184416
0.07039461515260062
-0.008922868103215405
0.005860596708704223
-0.04909450065797286
0.0854828301557807
-0.005670870338699601
0.03546421993527117
0.0075108930701198
0.0396088710787907
-0.08192927207892303
-0.04085076061256569
-0.0225503322318566
-0.0188118313600957
0.0569501592540376
-0.1304605941533269
-0.001560352982670618
-0.01533452107972878
0.00587252276925981
-0.08003939805997926
0.056816933159047
-0.008324927502794066
-0.05886634392430893
0.1123934992336118
0.02646066640668625
0.06626470249324556
0.06877411024847084
-0.08827717485669388
-0.02464082699927013
0.01249039673640978
0.04133679348565162
-0.001240631727144892
0.04025726832009454
-0.09126195255024266
0.06219842159144554
0.03029928941281216
0.006127101111811861
-0.06975121709614056
-0.04962859545590267
-0.0487610818005178
-0.121910529906786
-0.02890354207906649
0.07830276025959801
-0.107643654057432
0.05518025336545523
0.05271063596283876
0.07006680371074445
-0.1220509287143722
0.01709491042393681
0.1861411083276348
-0.01393205212647229
-0.0362516858612308
0.05657483417045742
-0.005822225064394837
0.04882790715025598
0.03037830112969923
0.003652875796777456
0.03737951593468181
0.08715755587239962
0.02224784968834791
-0.105529841687387
-0.00035701817896025
0.08168016879430121
-0.0845903095457691
0.008157132019407692
-0.004132265261353695
0.01446871171352172
-0.003337499835770849
-0.06711738191323025
0.1081920084342758
-0.05189425056106202
0.03781847987231292
-0.152521269169025
-0.01533517898087984
-0.08444670220078779
0.007426475305275113
0.01534957729427586
0.04492220704529873
-0.03499681454065136
-0.0505841718386668
0.0495978019178261
-0.02332039031042145
-0.09020167002587207
0.0885225557743365
-0.06014662275716919
0.00352124652522073
-0.03701882915745897
-0.08083226206936482
0.03097351803248889
-0.02423008440565458
-0.09670847988353157
0.1160639321194666
0.008769550239065758
-0.05246377996852863
-0.09037708553852412
-0.0510831035857155
-0.02175957832216902
0.08440191312028388
0.02115695406870383
0.0385898323017482
-0.05356213341971428
0.009689966206250296
0.02391829429042756
0.05628370377285651
-0.06141942729730275
0.01598998199402819
0.04643580190075372
-0.006527117478070377
0.0419042470231098
0.03860769241975989
-0.06872801194262106
0.1106731413606555
-0.0790364649928337
-0.07876621859728242
0.03635371579574807
0.02427145374702398
-0.02225683750365174
0.0789360661886129
-0.05401840576934496
0.04955554110887971
0.05435011608496768
0.02904776476225537
-0.03907330748962847
0.005412549572659816
-0.04209421221842559
0.1044511261979715
0.001724325767446612
-0.01868380344365569
0.00291333925230609
-0.0589128323815385
0.02035854845390243
-0.005892266039846508
0.005279567446216382
-0.02823152520259827
-0.1013271068776831
-0.003993457120072225
-0.1643260169819199
0.06369911150262272
0.1758349312766763
0.01378990734399005
0.03689029062413912
0.01431921761711152
-0.04496015597748995
0.01441044358410572
-0.01261301797852635
0.09256971095742644
0.07983076619530985
-0.05111013859974912
-0.009992621657510695
-0.190515603198728
0.1606587656241782
-0.01193467982082045
0.05167491907859588
0.01017533736905065
-0.09265766285171041
-0.02137080424997547
0.01464861140242753
-0.1086626750369057
0.04979457981060423
0.003203276892392311
0.1266437935489942
-0.009483028073436945
0.03346644909692644
0.08249003180956641
-0.07473869924980149
0.005471427236664772
-0.02463961080563025
0.01173623795320641
0.1003621373293209
-0.1104381615000981
0.07054750294461272
0.07056968920923899
-0.01670902890953089
-0.03345942309615704
-0.05496163328308802
0.08683141800367415
0.02689187018666483
-0.05719885547350722
-0.06450735019958143
-0.0672867817730347
0.102346181831184
-0.04596231435633148
0.08537524333091505
-0.006487409947406732
-0.1855081514397565
-0.1121798549428157
-0.03874150668225237
-0.01703179921638998
-0.06734658933907492
-0.01284972220121032
0.1710032288565264
-0.02393425080308378
-0.0263498092003006
-0.04763254413187224
-0.04829573370385452
-0.01722466350940416
0.009804698843167415
-0.09106457691126368
-0.07560004250226329
0.0169772221956777
0.07774440992074838
-0.1134236908877452
-0.0486748655102098
-0.03918854117408901
0.01453761890960844
0.04647111254275059
0.01230264200269552
0.09834502509129793
0.02090367813757231
-0.1357791910638221
-0.01197956298093309
0.05367294867442717
-0.07357702992983201
-0.08885459515219316
-0.1313604224332441
0.01236075701230945
-0.1549924563092822
-0.05612194132844668
0.04247386800332711
0.05684145542256953
-0.02748587546903167
-0.09057724904969058
-0.03211849782865137
0.09445700430291913
-0.01132543572290376
-0.03165795932343051
0.08924660873792006
0.03932845047496161
-0.1059553443330817
-0.1477425376699429
-0.004084774928645042
0.01551480336053322
-0.05227808698436556
0.08247835226366351
-0.004014195630242183
0.01325562060300403
-0.04425831177642976
-0.06129710118999698
0.03570296238453234
-0.03928936368460843
0.0004760763654702016
0.01257847565710951
-0.05125327945174835
-0.07633434114493279
0.01197111603677578
-0.08260767501365034
0.01166015230987913
0.05307177214404175
0.07872116223451973
0.08241161619697727
0.05270302473882377
0.0241950483855736
0.1079704219792204
0.06856509324149154
-0.07914471258887298
-0.09117129948354741
0.08597825413582569
-0.03087848944877157
-0.02658261925702756
-0.06217616747957901
0.01413963718302227
0.004540460704752294
-0.005532436521536507
0.01527203917809501
0.05478306811309094
0.03563214529175468
0.004807563248497876
0.01335467071631442
0.01252071375486139
-0.02426630902504916
0.014051284959545
0.0753944300136703
0.07490522038099418
-0.07252168296056408
0.01117189686132505
-0.03995708792177097
-0.04112300444319957
0.03528621839641789
0.03853048141441828
-0.04565062525360489
-0.02786766577988281
0.04075655540084881
0.0575029909886503
-0.09700577422557968
-0.0676208544629652
-0.04117184257524989
0.2192684586253203
0.06887254656218986
0.00996229106295198
0.04913809623744192
0.05296995734836063
0.04665671910192034
0.06568112698491851
-0.1315513195476025
0.08407919871931792
0.06974575436034404
-0.07522887452528898
0.01902436274608228
0.04364646739634105
-0.01138833532467726
0.009662879493945051
0.08409175511473518
0.01739494012251238
0.08167265803677279
0.1150549725530291
-0.03900984726613881
-0.05674487818311359
0.02549444088953662
0.0473926591498552
0.004848367183203199
-0.1037825555570968
0.09307633093842813
-0.1127836496559755
-0.0177896487109989
-0.06907394013948531
-0.07403191374630372
-0.03391716508290269
-0.01332669873704335
-0.08150496323881412
0.01329177697334991
-0.05484449930435092
0.06714002673730438
0.02019258470654124
0.0857487744693749
0.02841595063852238
-0.1099096841427584
-0.0461176157394497
-0.03400621342991167
-0.08859706274124016
0.004829245196310367
0.01483069928617379
-0.01804081626102663
-0.004622867657422976
0.02923699962128874
0.05526141063161065
-0.06763355014447289
-0.05857019688549168
-0.07486674727585646
0.06725854506358593
0.03912050316549414
0.07365904249063242
-0.01804619853217092
-0.09329698229755955
0.07189759125138642
-0.08737857114322904
0.01489080126803342
0.03935522839104751
0.01839660943314347
-0.03454254215827841
-0.03237133386031554
0.004858787289809194
0.05313251105250552
-0.06556960584490829
-0.06987418264436811
-0.01803479976573026
0.008238410225154383
-0.1410085677770975
-0.08127173510991967
0.02338163396821175
-0.04909491513876534
-0.03599211166364568
-0.07692196125370797
0.06561355482004713
-0.1118319383577491
0.07430649620025302
0.05179312573314188
0.07191486757869474
0.1044330097682063
0.06184992662319216
0.0813787486247585
0.04382705408303708
0.02322677535048882
-0.09986807300904438
0.0040876283414868
-0.003313448288697576
-0.02971188337154798
-0.1324464784658001
0.013023372763292
-0.04188154130885478
-0.04524508723472208
0.01126039995384436
-0.0108761391339637
0.01311254459509506
0.001735486385734439
0.04365589710152704
0.03467944985216216
0.02168540843741406
-0.05475869554551079
-0.01311109937322913
-0.05510585539714774
0.01633138030032044
0.007892842914226907
0.0598698135635479
-0.02778375489400982
0.02615232014235001
-0.04990208268613285
0.08829433334948866
-0.002034285233739067
-0.01963203188710773
-0.05353548313226924
0.04304094083179456
-0.001013585342502066
-0.0375205315777997
0.04942547791375893
0.02395706082492057
-0.04444659508677899
0.1409083489479775
-0.02038460316058799
0.06860424176942345
0.07121486079242957
-0.02054649728292544
-0.0009480863912067154
0.08542458798859781
0.00533563452353375
0.03162891941095739
0.05860319897162657
-0.1367527375735211
0.08941506681674688
-0.04344825264519911
-0.04237171982945639
0.04212879522668069
0.1074433400776508
0.05080023995516005
-0.08376953550425985
0.04742691093132436
0.07576437709777259
0.03245997518788642
-0.05962682326673765
0.08569194338452593
0.02894618539341436
0.01858129346885717
0.003703608475652525
0.1013769962510366
-0.03968175900397371
-0.01860568343926742
-0.1122857256529997
-0.01087076894975418
0.04490790774518542
-0.1276675823250285
0.08584863216801547
-0.1058396906034002
0.0566969440725875
-0.01876311801696095
-0.04768907954853641
0.0319257029728717
-0.0248331552221157
0.07241539915111246
-0.03907823514643929
-0.04716006825313333
-0.1351993505614984
-0.01780330329590737
0.0646135608650984
-0.1000710998179814
0.04440839632050982
0.02753650480963237
-0.03816748088073037
-0.0753168602724217
0.06295587405135296
0.05527574865042235
-0.04887015195407381
-0.06403160397425633
-0.03440673429173345
-0.02444270848310861
-0.08798941520058001
0.1769271347133541
0.02540346649877009
0.02301959675299768
0.02620601791402059
0.03881549668227163
0.01108833816938205
0.02989115207247066
0.0726780697779945
0.04841788078511605
0.07915037621560166
0.008977800361454371
-0.0040581426063881
0.06437995950383532
-0.1052455912008848
-0.01440941346507587
-0.06058353586786373
-0.05203675738392573
0.0257745151251562
0.04392308323284295
0.04137163360203228
0.03082963384673634
0.02548742626876918
0.1601837891933128
0.01598191354852688
-0.040251989268208
0.08329975427486291
0.002402668693585498
0.127209555970536
0.06336030182349128
-0.001678133265877041
0.05384047388600584
-0.05698796204030905
-0.06014069732772086
0.04427928401231389
-0.05197845449627174
0.02032957934854046
0.05177642629015862
0.07298148445211296
-0.01901081376323397
-0.008341489461361842
0.0100773822461044
0.06166515787497123
-0.08039556346142898
0.02387669422225745
0.0999972168774526
-0.01057087973285803
-0.05896775416534929
-0.03280737080064751
-0.03018333069898373
0.04621554623200038
-0.1080503558373373
0.03273995009289483
0.0868549845425939
-0.07193595258219748
0.1029446906546695
-0.0566997834689042
-0.02328633795698767
-0.08809901629860906
0.04882326325264876
0.08626012606396526
-0.07620442100346406
0.0138962777516819
-0.02100096112445032
-0.05938871422997423
0.1107865038923986
0.01002297741529863
-0.004007962120250452
-0.05895427471204499
-0.06601355953864875
-0.0555143051228137
-0.01415011282160283
0.02966018883653652
0.01753470342764441
0.003600133410372019
-0.07299897401865246
-0.01300268122400356
-0.1021144449550919
0.05764031821609783
-0.03317851659153397
0.04601220091364292
0.1166676422100067
0.032590859045503
-0.02817665899879887
-0.1225528047919033
0.001879769605231736
0.005609023231149202
-0.01723456593657188
-0.1134780892621542
0.08967829797673105
0.08177067387246853
0.01173316460761352
-0.1132969223237386
0.003389992625054631
0.01728167272068876
-0.03722747403495477
0.02719092841051823
0.05949346133609178
0.09955611754257351
-0.1066073720887773
0.003958970048153966
0.01579713324538606
-0.01282117484255832
-0.07610388327873616
-0.0505074898563809
-0.07342197378657618
-0.02183692187596608
0.03751185133222067
-0.04759813257240644
0.05178354106478732
-0.1023371174094798
-0.0488664987950653
-0.1021880484834911
-0.03671803963176676
-0.04602474378266226
-0.07857416025848916
-0.06209578528755315
-0.01634045818586936
-0.03033594382947642
0.04964126979708725
-0.04530317255292319
-0.04376644534992674
-0.06732132902528712
-0.01733908594969449
0.1292483093285585
-0.06440039545599022
-0.04441271578828808
0.2415519586856036
0.04281236565506348
-0.02580133767040814
-0.03474398245424148
-0.01927936453167388
-0.003161830569810259
-0.1013313307620119
-0.001255172320162208
-0.03503463734725462
0.1702816411181123
-0.01566687385417752
-0.1057163245652288
0.005688570253428723
-0.1135106054645267
0.07879861448627729
-0.03629731382627269
-0.02166277051855816
0.02821497326683554
-0.00806527311408102
-0.09249235398627355
-0.004076654724555507
0.05386015654474823
-0.002507878132069648
0.02972805357890086
0.05942757214067385
0.07173255026063784
-0.06820632539571461
0.03043947930622208
-0.03224588369157481
0.1214920348352325
-0.09507580169737125
-0.0831139075832187
-0.08464363370948541
-0.05836812318707026
0.1412155107235121
-0.04275451942347698
0.02861206679041312
0.03485016530070822
0.06902554259055879
0.0636964505569405
-0.04214603254470872
-0.05786385972792145
-0.08198749581403682
0.02424208899360778
0.00146726784424595
-0.06291607814953955
-0.03116135718273447
-0.005575560893533902
0.01665638172633083
0.09222774995240114
0.0007735797101984521
0.0074781687166297
-0.03211946714529552
0.08387474435339287
0.09699236319075122
-0.01204448745892966
-0.02070230042043977
0.01681226897502892
0.09989350371210953
-0.06779182458418105
-0.0734572140699377
0.04489527893787493
-0.0587362388426145
0.05869746678856784
-0.05303626629210847
-0.06592156009750444
0.01942487595255871
-0.05190625003238979
-0.04218998457505125
0.05380460797291757
-0.006643306442014194
0.0721525506703445
-0.006596483399526797
0.01943806372248777
0.01337559194746301
0.0214974457434967
0.05351148794082906
-0.02453186528982143
-0.05358950870019019
-0.0612346909909775
-0.06045896433284954
0.1100445983043719
0.03938377917957768
-0.005599120591002482
0.06510013084737486
-0.006881225898044494
0.05037599217267594
-0.07410933496531294
0.03246197109780544
0.01987716285714634
-0.01477860206463742
0.04290212247426192
-0.02340128790961362
0.1069425558995504
-0.1977303261062099
0.08862402637286745
-0.02278221104705956
-0.04578780711163022
-0.01476740571459628
0.07722726088567045
0.09418282619728294
-0.1443771581182438
-0.101426882781407
0.02628195210450322
-0.06551237278606065
0.05365759737066052
0.02891868554712498
0.01824877062670055
-0.01631192762445066
-0.06782860519867459
-0.05715466016801531
0.1683180170687942
0.09657894603207787
-0.04230266345739925
0.005154046971383823
0.007363860963702559
0.01247731932235258
-0.04200072985973431
0.03071520915610589
0.08704286051462076
-0.03815821596441796
-0.04606201094952234
-0.0587845162574296
0.04021479360136406
0.008630521855280786
-0.04995925947147081
0.01352938690967545
0.02848269338258433
-0.01513407516620051
-0.07581505244544519
0.03906548511439946
0.06150778895519472
-0.01496203505148369
-0.08429981733143298
0.06046431060455056
0.0174154329721252
-0.03921670339814398
-0.05532442055523887
0.09325103068542548
0.02427499879603694
-0.02981352881551045
0.01804840165074478
-0.05303529197178342
0.006945386013728419
0.01156401515358668
0.002256501845152976
-0.06991914391182918
0.05942106892750654
-0.05397291059064864
0.0005410639481637086
0.06152489537783954
-0.04682612579703518
0.01782429556704306
-0.00776467823847189
-0.06327326362526398
0.06818354516257533
-0.01249706442072092
-0.02157884611459054
-0.001573376631629219
0.1015058966933859
-0.0002828382114019035
0.08238726649211287
-0.01429163939300973
-0.1710547604288425
-0.02258089627223243
-0.01375579510652807
0.01023608911884297
0.0301238519398159
-0.03905178507999663
0.06745481264266276
-0.06271134505030512
-0.05983141779487343
0.02581184191133785
0.05537071217195409
0.005464215102818547
0.06147730885441698
-0.02431525853151247
-0.08265340418274549
0.03528807776763226
-0.0126394658729539
-0.0238950381154781
0.05423492179360332
-0.0003638226151447127
0.1014942065211823
0.005585030142806632
0.09531971350023871
-0.01028961635422286
-0.01944052127904175
0.0379258127329457
0.03085182258232421
0.08206928581063072
-0.04497167823483933
0.08175637205109607
-0.0657832548729315
0.03460616057586435
0.0539274508485339
0.01285069689344355
-0.06479186994607829
0.015575394826631
-0.01828415117550868
-0.1374052899817722
-0.04813922108886442
-0.06538758825680634
0.01908380693363997
-0.05175353832750987
0.1353049578341173
-0.008067474255460318
0.03796713753339408
-0.01424396094927519
-0.06944776842714705
0.0529725679021316
-0.02153881847830888
0.001237581834100082
0.004924041576909271
0.1978389480562153
0.01614223349541998
-0.0443504012800898
-0.0742664427193289
0.03162080067457197
-0.07165590308848228
0.09123092671555692
0.01106549346036145
0.09067800585636364
-0.02235908953472525
0.000557559897054534
-0.005881357757170694
0.06681543750084314
-0.04210287113307963
-0.08622388748579385
-0.01037666634973943
-0.02033502305694234
-0.02489653181808419
0.006536546821664692
0.03938249100852181
-0.0135969825358571
-0.03434669169079126
-0.04624303558038338
-0.04132800125308554
-0.05608885928060699
0.0003252259937442971
0.0630796969789435
0.0002709085461001532
0.003588614676614879
-0.006242295066712878
-0.09139880379249135
0.02457022737564548
-0.1052077315144342
0.02950429148183238
-0.1112386442781739
0.08023051415455651
0.06053647379701693
-0.05303005283534656
0.06062074165712965
-0.02029845152947121
-0.0698906916518857
-0.01891414613604246
-0.006800201617726346
0.1066870065675274
0.07016785330255289
-0.04729064868344318
0.0004384323550564242
0.03129893468685163
0.06593435107921418
0.003878896201220085
0.1049400526878946
-0.07750051930076504
0.01361779004685945
0.02751405556065474
-0.01659847184001391
0.0767431324051359
-0.06021285141792393
0.02341121229176097
-0.04235950536527741
-0.05233120441187668
0.05174776231393324
0.06885756629339385
0.07062533415206058
-0.01559699591572488
0.04415667804510123
-0.04813269318038776
0.01111441181484408
-0.08113103143944683
-0.01310790676952079
-0.1119427627580215
-0.01843604359186555
0.03855813642244166
0.06049126113480004
-0.05296434632346927
0.08160703832478997
-0.05297334193722715
0.07444666937256
-0.02006718968290806
-0.03975408815704052
-0.02607933784214354
-0.05188828923620957
-0.08095546051540403
-0.03887629978200961
-0.05389208187072884
-0.01445704220798676
0.03016580037260003
0.1283140595528783
0.01123702079691704
-0.06775669825456454
0.06414767508819912
-0.007878600926917501
0.005115506079468122
0.001337356963273646
0.04472005611578865
-0.04420776352493339
-0.008199056336253709
-0.02780325827609488
0.07636491669783881
-0.06456083441060256
0.02637027463202233
0.05355404585000771
-0.07917225815594629
0.01840962391780955
-0.02391146621303625
-0.04676828271147646
-0.007300253835065648
0.05961009509658777
-0.0233493887158667
0.04988484931124013
0.01038145885818536
0.01818398728626002
-0.1291034512255
0.1112160322654823
-0.07373346075875269
0.00898108115767892
0.01885807686721193
-0.03816497801389552
0.03909007862557706
0.03354493671824096
0.008803054699997415
-0.07823198506991012
0.0007306851938905009
0.04055317349968737
0.03231077206056039
-0.05461894552447114
0.01940356612911775
-0.01272942535795953
0.03833536685935302
0.1288622405357364
0.05528699293975249
-0.01651251358397385
0.06376041268855809
-0.07593463902504111
0.00225373282190177
-0.1350241586154477
-0.03901297030450571
-0.002811723355110415
-0.01689988530236607
0.08493916837180038
0.05187892523393441
0.06883077893518952
-0.006470688546261569
-0.05410170993144013
0.1507440651247336
-0.141566739299398
-0.02400253195176327
0.07992683834092308
-0.06480898341775548
0.1018257314937777
-0.07610104377663249
0.07624410392218028
-0.05467118905296384
0.003038150890789681
-0.02736658685742893
-0.0997908757501518
0.02548263298542827
-0.04997378393026652
-0.06442007963757898
-0.008821004634178967
0.01839512684462884
0.008121838750892729
0.02653897118281537
0.07675840436469142
-0.01199340194330604
-0.006333953794243624
0.06108803618652522
-0.01961581955630429
-0.09163253575702249
0.02020134125131411
-0.02402115331184144
0.04771455840357729
0.06486246255838873
-0.06749870830791392
-0.05809114832264053
0.02989385126985864
-0.04539069445453664
0.05698055254964519
0.0002471884230912311
0.02320225916997258
0.0197663825778382
0.03010447910810757
-0.05242268784884058
-0.1105712127288994
0.0486777282842373
0.01660591969374375
0.09698149859864091
0.02691359947275479
0.07653892882492108
0.09591080971778274
0.01142969147931494
-0.109157579053005
-0.02178657299958256
0.04934340089779268
-0.04036492694082595
0.08099943566994981
0.02492369649292578
-0.03862457499750588
0.03237580988947322
0.06865641384938087
0.1448885524764111
-0.02519748397270354
-0.02325114454414688
0.1345012853150115
0.05140273115225349
-0.004208461490575278
0.04749408494869828
0.05116579926549827
0.03834907947016319
0.02506485672117486
-0.03572038582473103
-0.06746073820504199
0.0862682811458049
0.06307868411755917
-0.08209003108775684
0.102302336565553
-0.05326382617881527
0.07003876719925434
0.04474748932853337
0.01450642533933219
0.01632643419476853
0.04822557342585418
-0.0403290700713316
0.0572724195128708
0.0701777029080642
0.03964616129615832
-0.005695910806279875
0.07305318162220126
0.006088969250936815
-0.009469700792165522
0.01615684994931093
0.01668930029286173
0.06979549567929409
0.04279390562671574
0.08017078282046029
-0.04481264843758589
0.007671994663292117
-0.0365438709402082
0.0611229255474732
0.06320048133955233
-0.05674673961367355
0.0994024586639403
0.03360348706109604
-0.09182997690586719
0.1017591429110819
-0.09884367958114264
-0.05162117647228337
0.05059889849163023
-0.07144892096567629
0.005012324954413949
0.04202919210726343
0.07875556501581457
0.1023150740478884
-0.02449873913224063
0.00754676609169079
-0.02900090542447945
0.02606380065882225
0.04905809272056229
-0.01137254107460273
-0.04806064899510843
0.0006609628613255779
-0.009376319831461845
0.0388813888613712
0.06979312979526088
0.0263227530791814
-0.006253738172434162
0.02886079008465779
0.09868844637959337
-0.03148473788019841
-0.007143094286844965
-0.04948627836464323
-0.03145719931891409
-0.004372160105236639
-0.1094342097576479
-0.1056395803563097
0.1069633284733612
-0.004365597169928339
0.03466647567637611
0.0147179083551355
0.03704204091346088
-0.1329313689475392
-0.001499400940144224
-0.008017494636934516
0.1783178442791749
-0.03740740972998739
-0.05598692989613866
0.0334935631011188
-0.01602506852051228
-0.09505898045712607
0.07711996616867765
-0.03401008016688543
0.01141599252373814
-0.002136003323040078
0.009436921620748535
0.009839986409208006
0.03834292527154844
0.06730112358450178
0.02108313551603044
-0.07488115661171982
0.03101652678009015
-0.007894816694976794
0.02461165152795505
0.1014897248517121
-0.1024232808715056
0.07513023969658483
0.09766863035033413
-0.02553800615244967
-0.01299696789107216
-0.02076849923245748
0.01605739628158268
0.03755835135450616
0.02824130964175357
0.004416964882254834
0.06807533028998039
-0.004302423856270037
0.06866836015984618
0.02982718311965503
-0.001181321501442768
0.1185190703777371
-0.03369859901126469
-0.1037128684970039
0.02340324964534495
0.1207581571009601
0.007863434007975978
0.06730912073385795
-0.03573275464588016
-0.03376208319697374
-0.0002127919187900878
0.09716196866484628
-0.005958202804961968
-0.1263964327220256
0.01592489304058558
-0.04932163495214076
0.06279537417703844
0.06339203863441686
0.06801790105917327
0.07993750199900169
-0.004379333923127837
-0.1308814478323099
-0.05546646963269719
0.04668508895608379
0.02432934294675763
0.05281162036272261
-0.1382592461760118
-0.009218297745432355
-0.01833675304328967
0.03620835810838361
-0.02753867470739995
0.02319723063835977
0.08251932789518557
0.05459181741887462
-0.07840809798846016
-0.07343338261346961
0.01149316012174352
0.006013247680637161
-0.002646700055862646
0.01005417262984268
0.002608855928199195
-0.109235043668252
-0.06869179846598349
-0.02290628655334048
0.02101852949986535
0.03191384081478556
-0.0524388416835069
0.04603891810699295
0.04500995168411782
0.1229920597895727
-0.02526176550929462
0.002641387890671268
-0.1247606033872742
0.02397356383649444
-0.03937849351071031
0.01889339269541455
-0.005649825030041373
0.08922458615465936
-0.007338605116877676
0.0155692885772028
0.1726384467511296
-0.02064780168432847
0.07387798932368811
0.1384163816112133
0.002451709029430336
-0.0905268838729345
0.03094657751514857
0.05452788546065707
0.02420691096769128
-0.05951569352985722
-0.07858591792849175
-0.04017136453247291
-0.1173894036578424
0.01572542890716923
0.04224888862563217
-0.01455283857034271
0.08623042698403835
0.01295964991351046
-0.02109792621866461
-0.06864759569640592
-0.05455669142468172
-0.08085658672729765
0.05035220710693256
-0.06772840716048902
0.05867374580291165
-0.061560150798494
0.04037309334596532
-0.05420081084168096
0.02774624318815012
0.06184653101526537
0.04764589474574089
-0.01093475352425699
-0.03115511545655224
-0.01457995003899168
0.009082581390062915
-0.1019983985542182
-0.08361583322875467
-0.03835481518202055
0.02580792410835111
0.02989979186642644
0.03247682002749916
-0.07344429132576377
0.06436004728757314
-0.0324684658689211
-0.04664087776743479
0.1215453613283674
-0.06910815666490201
-0.08285250712223367
-0.00144978461744125
-0.1013988622536703
-0.007781919761706439
0.01153926997721632
-0.07541613915220356
-0.02329383416464281
-0.1407011810229197
0.01478591927033833
0.08680510811531342
0.1048678658561494
-0.1196301846246402
-0.0005543150317613797
-0.05876185957892931
0.02315805060201383
0.07171944937077288
0.01846842241598127
0.03530001781081865
-0.07413905525189528
-0.04943544314513615
0.07758552016692538
-0.1186550612334485
-0.01757460954002697
0.02234183511330671
-0.02732176615755111
0.04042005700664766
-0.07326980934800291
-0.03627112118656339
0.1099867509657902
0.05909152757132144
-0.03902655743494063
-0.04624232639067725
0.02868006728754484
-0.1117785795268522
0.0565564946985978
-0.03411552739205648
-0.05771855161326638
-0.01364687354566549
0.06972510804237025
-0.01296567627226924
0.06828520360852708
0.01733666884082345
0.03919634194182483
-0.02194229958946411
0.008859764278295549
0.03536633659045928
-0.1105344169705129
-0.005594960272389145
-0.1339901506957752
0.00935655929740303
0.05169463413353525
0.01168456936322819
0.01968516045443933
-0.002570265188007809
-0.07892637541980724
0.03226031102691707
0.03003292538268594
0.01456681649366766
-0.05679164608015721
0.03288613607674086
-0.1038763550708853
-0.08669676311724399
0.0003800292496009411
0.03896037258209269
-0.05352560851209529
0.0577160155421154
-0.04411669046791605
-0.06025869417336661
-0.01548368927059652
-0.04855245702679863
0.02093235642281464
0.08783008956515373
-0.06017079506905101
0.001837185434485671
-0.02695422290427154
0.04965164589362848
-0.168696723607406
0.008690023782906321
0.01274607654503874
0.03276774611839617
-0.02297209927186446
0.001526158722932405
-0.03528022539962611
0.02802243605710196
0.06633672754467999
-0.01655622328279497
0.01980602844873633
-0.1807444079227162
0.0130463379829585
0.07652640148076839
-0.06440324910047346
-0.04237060249015576
0.04099552592573542
0.01946370310715054
0.02323125668394488
-0.02464544043167312
-0.05612649879054561
0.06347435855155954
0.04233885820689642
0.05462346692849677
0.004004373475431984
0.05474275933507271
-0.1077707913709728
-0.03240427144441597
0.03910836646129452
0.01468855519463266
-0.0536265755948683
0.04512686711465787
0.05207673240777698
0.01307825467230981
0.04466458426413035
0.09103834681444911
-0.04446088443548714
-0.05088510405563815
0.0105339941556683
-0.1255424870012346
0.07489314178285982
0.08396370522267957
-0.01647407238843392
-0.03116380578670545
0.05684959203054896
0.01180786118911431
0.06831697069834833
-0.02012867259547488
-0.008642601092985702
-0.0009441854744318273
0.005702233211049353
0.108203520546665
0.03885726568274833
0.07995501165570659
0.02716983592011737
0.04694583421680863
-0.07191445175935847
-0.02179036041655233
0.003103978079366507
0.07232958581751589
-0.009066178544213273
0.05553295256453132
0.00972814326275678
0.004411772624905594
-0.0413862260834917
-0.0852369834577692
0.02460542120764927
0.1385601743004313
0.0734570433058513
-0.02079984253095841
-0.03751895834072476
-0.04276403888418248
-0.03423796555851485
-0.0107397498918684
-0.03766840638223375
-0.1235487668907941
0.002795121917942081
-0.1179355059289203
-0.02151021798557081
0.05882865503940762
-0.05560150418852846
0.01561175025651909
0.004369827260739333
-0.003536490918122574
-0.02607342910883599
-0.1155646790178761
-0.009363690866729071
-4.960748212399363e-05
0.01471719846192767
-0.01407645715036189
-0.01798848048304127
-0.03254027253359675
0.04132810665865172
-0.02756539707636621
0.06385560588586284
-0.02631212698160162
0.005109187459042597
-0.06351885037090511
0.01130613183097587
0.02604961012843022
-0.002409002088851005
0.0421177184530693
-0.03833792842751193
0.01126169987484938
-0.07238124226379744
-0.04151222103980022
0.005652237428824272
0.0286486713399806
-0.040121471106363
-0.01593371077252363
0.08709096491079713
-0.0162943138385329
-0.007370391312103916
-0.0161858423916079
0.03251396327804662
-0.04749300411913913
-0.01361556949428011
0.1042885712106827
-0.06867246736882651
0.06445028576965459
0.008202345129183374
-0.008821821135950975
0.01800166747403783
0.02971414110043032
-0.0226614932499072
-0.1228841994584965
-0.03171261756157642
-0.04854986491953932
-0.02764902442298333
-0.008210504978167533
-0.01340065452707274
-0.1500210598667296
-0.08648275208900769
-0.02565381899703574
0.0178375983925205
0.08448692698855308
0.009411930463621446
-0.076487130395273
-0.003057226152636918
-0.0239005341832971
-0.05454585227110107
0.03191827795704363
-0.09745221059173559
-0.009654362498453854
0.06080593018027649
-0.05954880257934964
-0.02201458775418107
0.01776363087728904
0.009517571167139367
-0.004986127452145675
-0.01170395044020925
0.00948338314871585
0.05395486839636227
-0.08029628000103541
0.04190258548223071
0.05403078118234016
0.02686895398325544
0.003090184613277452
-0.03964574628942009
0.007106484581743134
-0.08140840105581931
0.04647529459737693
-0.01403638750467846
0.03341177029165679
-0.1244213906012677
-0.0927147661518677
-0.007203715265384058
-0.1648321310053076
0.02273587061416111
0.05357526898989291
-0.01618994184582992
0.06990526650912307
0.008540929268798916
0.05247932868251
0.01476282749917781
0.09895106069654461
-0.1164611193094449
-0.07167921893651044
0.02107012624326079
0.08385192231856606
0.07997927679490854
0.1120645294994372
0.1134684183133343
0.07531263495178114
0.04144960283936835
0.04550553150548026
-0.01450504376813399
0.05349706599625316
-0.102026537993785
0.03343774218810869
-0.1009883827930737
0.01989288440304936
-0.02962501651479629
-0.02123237096792724
0.04802608701228803
0.004467259482342476
0.008676656150386692
0.09856909977255454
0.02119868568907993
-0.05415425943615725
-0.06875775019820617
0.02350302971998737
-0.0358774872105342
0.1601898778788787
0.01178566845579267
-0.01046788422253473
-0.1014183383797526
-0.0198377961412798
0.02218990503958804
0.1028453752553451
0.02914020442587918
-0.04060305709851072
-0.04305671515787305
-0.0935971046742554
-0.01547544273085361
-0.02547866062672224
0.01920795265003596
0.0487953513133703
-0.04025466735976208
0.03110567253167386
0.02414244962523998
-0.1226720893594679
-0.008042369938175385
-0.007314643754563874
0.1256544623924187
-0.08799766479762522
-0.03851340720577602
-0.05155944504018238
0.0213795335596963
0.08345184187837931
0.1008584446931927
-0.01314621868250235
0.07136816599507334
-0.05206474404114871
0.1019894625795993
-0.1008786116112096
0.05980837446697537
-0.05754848742263723
0.05252784661035007
-0.009438140104403622
-0.09191051161901864
-0.06640450839096673
0.1320376469005405
-0.03364976226543029
0.04739739668871304
-0.03676408000719585
0.02849250507133723
0.0841071401311647
0.03018411998252181
0.03820096976508941
-0.03757471080811899
0.001341763737677887
-0.08976033773905265
0.05168358829113401
0.01086343588930435
0.01414644935829245
-0.001499751169894873
0.05981227275053792
-0.06329426209554562
0.02414555066590898
-0.1066012546577293
0.06730926512991435
0.05358780389023286
0.0110306132426702
0.1003092560081677
0.02386336650167128
-0.005617962451793967
-0.04074122229357656
0.02782641430605985
0.046451767773556
-0.04001893511163923
0.006236789473321562
-0.03261847110036501
0.002047045327485866
0.002652070930662201
-0.01022191788847712
-0.08881232628874715
0.03310851480065494
0.08263829279410691
-0.009286902694607586
-0.005680237931920254
0.07926305331624249
0.002146162745257002
-0.09057558749303619
-0.01165269610575118
0.07793203910147148
-0.07670134787147673
-0.005703304924606967
-0.07702606312080396
-0.07468960408155675
0.04909516885829512
0.0858261671613381
0.1459746662060787
0.01449639199319129
0.05063741711172854
-0.1329805557055761
-0.05513902688572156
-0.02213117594557526
-0.0466356944297863
0.004872973163967363
0.08595976397087554
0.01561731005735266
0.03764474923166899
-0.07175371223412608
0.1006718994437076
0.01775182804516758
-0.04042857612358451
0.06977802838010161
-0.03495411331836708
0.02331714580691403
0.02071061685227128
-0.09706092554175608
0.1255434606456796
0.09836824351152312
0.0376016657945458
-0.004242576528592261
0.01502636253161684
-0.005138126919482445
-0.02706855911223182
0.006455183904824031
0.07672928704543147
0.06104356653644855
-0.05507065960691981
-0.007150178745853972
0.06622720540726898
-0.02251623528442947
-0.04538920968369567
-0.03960777131154683
0.06659621236495253
0.02006093440645382
0.06731017012213084
0.0939874532466855
0.01462145646888767
0.01235720871472036
-0.1230175899219653
0.05089828876394206
-0.02560201381902399
0.01346365546127635
0.007908669581488111
-0.1406094653907945
-0.1330898401328879
-0.1193067535897228
-0.06027461572199101
0.06163525108305667
0.004787298134704
0.05562491066783235
0.1054654245994986
0.01794932894331699
-0.02609968105460208
-0.05067713076684872
-0.1148118084130869
-0.02255001199470886
-0.0276337010429635
-0.0374468273165216
-0.08891248172968008
0.08502249632027681
-0.01517296184929624
-0.01701621381482419
0.08897503896044076
0.01536143251441134
0.1156645758029463
-0.04882379662687313
0.09581487549107227
-0.04034288483083487
0.002864658920121306
0.08781163274527291
-0.07997918419042999
-0.08401019147683902
-0.02532355082979999
0.02685424684663747
-0.02218424247933584
-0.05100420540590667
-0.03820175196439118
0.02772132629747995
0.139278686952691
-0.03088897237255097
-0.01492334533371848
-0.02814140806072034
-0.06023523797329251
0.04182663496500636
0.0423473207900021
-0.001960283262781363
0.005173033543408639
0.10641611948481
-0.08414885930158807
0.05439446882880811
0.02462155238886447
-0.02237469324866638
-0.08953655154546181
-0.01020826710709291
-0.03942396548630048
0.1275858650066176
-0.03371514455274171
-0.07517137805675378
-0.0539519660576591
-0.02789162249323529
0.07037179296986705
-0.01895269337388992
0.1023207501063776
0.1314122055848281
0.03394607247646043
0.04469195341961611
-0.05874030189504687
-0.01910868962778953
0.01923144704905206
0.03678616242166359
0.06808462233909177
-0.04659848259938914
-0.08329042136167034
-0.02156306406201467
-0.01963408043900515
-0.05414191704917136
0.01495596585114582
-0.03466589430693632
-0.03153894759481199
-0.0690416544298468
-0.03014760261314647
-0.123532489708972
0.1065939478457729
0.07280891149561786
0.06040795705333424
0.06025238940272554
0.05087315936469713
0.03417382966854055
-0.07642935432497122
0.01600256161364447
0.0817177508592114
-0.05349090541692008
0.01759909175489227
-0.05429442399422526
-0.07307485421222557
-0.01420048948383205
-0.03460102374520627
0.008232607233104122
0.06514778299846996
-0.1113815108433909
0.1289787124695285
0.004201349535716839
0.003343220142899551
0.03325317798746277
0.01846556297217588
-0.137127754830592
0.0758135351040401
-0.03728158028018658
-0.09022843167341695
-0.0631289992232357
-0.07463877245042667
0.03744850035898417
-0.03242889867551414
0.1106758247410359
0.1274753572797735
0.02931164533329988
0.04185633346222031
0.06985088188306904
0.0004604545388345455
-0.01161659698526823
-0.00704353747801903
-0.08122053029680887
-0.002529302146706644
0.1273332881924318
-0.0185539225089737
-0.02768892445046057
0.0235561079961091
-0.07917359713413608
-0.02378738610877304
-0.02644888684545982
0.04804432420602178
-0.09951696319160531
0.02165159481068619
0.05107710720940445
0.04235931869091686
0.1009334603696239
0.01978745917081873
-0.1012285499851659
-0.0008252040837868659
0.0005875275452459881
0.03221617661318435
0.1352007759088657
0.122390802978559
0.06150055665404836
-0.1458829184811004
-0.07231821060245784
-0.02827650238517715
0.06183805479916443
-0.03595934132143114
0.00748019085556054
-0.01539923415860215
-0.07192452610296991
0.05508578824968631
0.02175008302103917
0.002997500141206397
0.06138122052661008
-0.007713098385529617
0.06912972346146459
-0.02686607128218428
0.03405866030065198
-0.03420689830114054
0.03932115803513909
0.03214216198134787
0.02246680080373946
-0.01446756956281815
0.01233254936274828
0.01307285689124133
0.01643759833889564
0.01390418164283518
0.01435251201652421
0.01874246131352469
-0.008869771433969229
-0.03864061005436012
0.04582249258683285
0.008028803279599244
-0.02773499484383952
0.0770921416565909
0.07976419269326213
0.01490269329480558
-0.007324694957623373
-0.021133183485078
-0.1001704557327367
0.01265981190956378
0.01580183873044361
0.08434421721777027
-0.1051970217721332
-0.06052142875465991
-0.01273232130109725
-0.02863339385871866
-0.002150044949263109
-0.05306337350330372
0.06597573785654687
0.01821892136433581
0.01438221472126304
-0.02637088692740407
-0.08589007678133409
0.003692409039797034
0.01452070008312177
-0.01415328104241697
-0.01461901815893343
-0.006875076168117703
-0.01362344630855135
0.07416540192355769
-0.009916692232177024
0.02976261413889847
-0.03351037189284486
0.06642862005531652
-0.04295771375574639
0.1064490521554498
-0.0195120461668306
-0.05242578481323156
0.07949685554234757
0.08728691784867518
-0.001706967578400741
-0.0614873280724071
0.01526725307883698
-0.04713911402148643
0.04121769768494851
0.06503363673215273
-0.06596927714294545
0.02283565239656804
-0.0240066704341742
0.1662686546014766
-0.02509414716981791
-0.008453584808401311
0.03209189805138371
0.02178909664286458
0.02000488134162699
0.00323618015666316
0.03945123830588936
0.01207811772054051
-0.006765003466847667
-0.01622037301017593
-0.01673920648427522
0.05732862388756916
-0.1241669168328887
-0.09491947899812635
-0.08552596660242154
-0.1024621205951601
0.08147194420613674
0.0009786414611553003
-0.01122276126586782
0.01934041015664345
-0.07503704841553788
-0.08067487524327342
0.05132755873302257
0.04454074724659802
-0.03194484945493288
0.2076744697271224
-0.05885617189095909
0.0209652258297706
0.007032819501155113
-0.02447373987968896
0.02984604002934079
0.09893804494075173
0.04803999628692777
-0.02584549204920494
-0.08336343724235937
-0.04257240710149665
0.1001067406842174
0.04061223314569368
0.05009638771262098
-0.001669126089616585
0.01689291625057073
-0.04941945874074486
0.0574246935646342
0.09428815585904299
-0.03677210752917808
0.04427430057003794
0.0576386272795939
0.02903433643479535
0.03095538245347253
-0.03615544471839251
0.04308279941202602
0.07037061911371131
-0.006197165491931243
-0.1066388929985404
0.02847358729906106
0.04370965162005382
-0.03719030668067545
0.02315246825261311
0.04553040439550191
0.1448044778509887
0.02081586471611303
0.06331228798643761
0.08709428413910633
-0.01455121496643502
0.07754422491473104
0.01274765160790781
0.0633804548002489
-0.03954769851861703
-0.05920503139975206
-0.07031582820294052
0.05506724274732054
0.0384278337808967
-0.03545401708491051
0.0943847604541071
0.06876274959477799
0.04571344277211819
0.04234181194423835
0.103407713893448
-0.106601833053026
-0.02574078520713783
-0.0287052905612445
-0.1659261024806613
-0.01074125483406743
0.09407729356174312
0.02834066504789667
-0.03662434502065073
0.02566465142943627
-0.005761244395394178
0.03018726374040896
0.1128930644167441
0.003356762529196443
0.07267041876668268
-0.02759142624294194
0.01314160897175773
0.06264528419949972
-0.02232822739045033
0.02708343126426433
-0.0230109439256049
0.001351383954976262
-0.02915970813731202
-0.007371550711673048
0.04511906822468365
0.1081666585334356
0.1202377373716452
-0.008094784885775586
-0.05529743861642756
0.01621113186870644
0.07415736571800553
0.05379344523928298
0.002389449837639206
0.01269752555486951
-0.02762678628002566
0.1040517082320429
0.02042056360669016
0.107806261117275
-0.05820750569157408
-0.006430789906757651
-0.1964515533557792
0.003114689701234456
0.07644848276590351
0.1020985153075656
-0.05077176414747891
0.04234882210296406
0.06022076143174619
0.01703585366086364
-0.007897967210278502
-0.1596568650978753
0.0376209983814655
-0.05378170495472431
-0.01859689122228918
0.03569707945159251
0.03342643530643733
-0.1489618324459937
0.06501301944350586
-0.01516284400018891
-0.1387783084992882
-0.01795481911522673
-0.1513883502833045
-0.08652552227442267
-0.06564493126089173
0.06895984973909224
0.1232946726456171
-0.008512774033238902
-0.07165319029506248
-0.04039572773318928
-0.007918699491793524
-0.03030136481231694
0.03430508431125728
0.06428102078266087
-0.03843350059581098
0.03607244618716231
0.03857272563815908
0.07792485690888522
0.009425347148214139
0.01269334717322625
-0.146280514640094
-0.03916526629716753
0.1008546565120909
0.1185669508575513
-0.07239241133461045
-0.02683917537560261
-0.05812837263705421
0.05361317037846222
0.03152025181992919
-0.08283398718882579
0.03602491163842731
-0.03769641220829645
0.1339621749386975
-0.03888729682012626
0.0359270095456863
0.01193186099742141
-0.03377175001940881
-0.07870737730430637
0.02615391647992895
0.08563866836269651
-0.03420096030843102
-0.02459926153720399
0.1155331997303671
0.08150917882927305
-0.1325001068195416
0.02586766389574668
-0.06309562092020973
0.0733235897258105
0.03467393152314047
0.02324000846994654
0.08563791853026313
0.03400122501681449
-0.1122655423371248
-0.02888939301423223
0.03304443941513618
-0.02446413267967904
-0.002149187861843715
-0.0126436249999831
-0.02449732002943219
0.03795195206473516
0.00759108658252549
0.02376678950460594
0.03981787872513208
0.1080591823099734
-0.00729190468237192
-0.04412428605360773
-0.02137419835223115
-0.02478124218080587
-0.06009346888063084
0.01141332284896701
-0.0536932084099583
-0.03147696255640259
-0.04749839392327853
0.04042902319661815
0.1153457691991759
0.05045137083699403
0.1236226361325453
-0.06814928608251988
0.02301168855989229
0.02664653496884496
0.06194432338103711
0.0665427160632579
0.0247240891080812
-0.07310396702075997
-0.02143003351914912
0.01029836400876596
0.02580770580894813
-0.02552629341996895
-0.01884941132188989
-0.03082907655470893
-0.06613236285858881
0.007234642946479604
0.03406297601516814
0.06671966183021051
-0.01562044965059444
0.138244961410308
-0.002875398240203861
-0.004255594340774714
-0.0006574002150807681
0.03766209680159634
0.002819239886783509
0.03143446133979917
-0.03537338072518049
-0.04448037132200578
0.1626704735230252
-0.02248372371345634
-0.02609390407323806
0.01132368827714152
-0.1084162477748594
0.0315962180589805
0.04492491117513214
0.05597814020866437
0.008703353398913406
-0.01768052089524842
0.07439133061794038
0.008725584724371127
-0.1047001793168059
0.06510380799383676
0.02039141168522556
0.04885483144964572
0.01168379943727019
-0.07198460632841605
-0.0007060275518023448
-0.05384738244002005
0.07302500956061639
0.100460255217755
-0.01125509916268003
-0.03192136493394299
-0.05639363177852337
0.04399480660475798
-0.1079788789260298
-0.01295478224417521
-0.09392298970658911
0.04414655712521824
-0.04716738905774097
0.07552723175876383
0.03969640267097961
-0.04312552557714447
0.02053933987259201
-0.1365057338998379
-0.05064641956371727
0.05668491385197688
-0.003673250437096605
-0.03944884032879051
0.01775465421852176
0.04490870525025116
0.02956874290849332
-0.0792161953952254
-0.05756994595999898
0.03388988926747504
0.1277188581008334
0.1570808898826423
-0.05278499927027722
-0.01575759361883121
0.007618400671932986
0.02421062949610826
-0.07131082627912541
0.01835166184748425
0.07194687611768917
-0.06615688840875282
-0.1059866621532265
-0.07574787702511478
0.01218995308154951
0.002406043869668938
-0.007838748661105885
0.009066917860328781
0.04865547467433757
0.02756263194201946
0.008346392974642389
-0.02305291618647402
0.01731373453749131
-0.02730245581719236
0.04052398604447657
0.09582499998325789
-0.01831719332059116
-0.03921904264517562
0.1252758302547028
-0.0443547314380064
-0.1241156702633137
-0.08445763472435577
0.06435618853068523
-0.0809441813464955
0.04191481620801088
-0.06590251300456648
0.06816131255332183
-0.01714975940537544
0.008104762220337014
0.08352466004158254
-0.05147949030227628
0.1231169810584156
-0.08998258105477284
0.008020088145165069
0.0445883357735635
-0.07235843782504831
0.05800022282432619
-0.04490775799959152
0.02115767192483957
-0.02024271759427955
-0.1500796155813904
-0.07110148102905539
-0.06569123856040703
-0.02796937191668824
0.1908827756469272
-0.02197034768159328
-0.03593167026574365
0.07007941806754672
-0.1122957327156562
0.0405677426299752
0.1413211572875936
0.05476348917454409
0.048008384814901
0.01494339397863455
0.02459432537827917
0.1144877750670986
-0.006378389036966987
-0.06106493116505196
-0.07946458367817166
0.133122280882757
0.05238204511411859
0.04516682491941661
0.07991063649535539
-0.01829700801881111
-0.05146562401062302
0.04937599934577296
-0.08146762619582786
0.08703726866517079
-0.1024278487130402
0.06515408267575118
0.02792787979603499
-0.135342781195248
-0.02813216940246225
0.1573555860703039
0.07444546873738871
-0.001137812375572783
-0.0463764905431118
-0.04973393018768654
-0.05612612925638552
-0.03512332701664086
0.009720344459521094
-0.0682141553695534
0.1226605921841315
-0.006000082599249688
0.02737734712162346
-0.07435226875730437
0.04008859168269575
0.05211380463147303
0.1098264825063718
-0.07897813373702084
-0.09777226078486556
-0.02898079629980976
0.1018702834860348
-0.02086643009223928
0.1550161406297423
0.001884340251115385
-0.03775517506376228
-0.01061394888425868
0.1174985146472392
0.02589718221606777
0.07569770827407857
-0.01503289998292517
0.02501522964352277
0.02106069911911604
0.0199218228533228
0.05612478620491273
-0.008989041745692126
0.003046218789069851
-0.0127506213996404
0.0633963229975624
0.02775557238359487
-0.003409967793117731
0.1324483228063147
0.06132372101487436
-0.05143689976452963
-0.03046844776807235
-0.006933600387602934
-0.01714744638405518
-0.05254392363059557
0.08179802254682697
-0.01415452136146551
0.03931182058494459
0.0324987724309829
-0.04374647913949702
-0.04238989270707916
0.07662070734740579
-0.06808196978863554
-0.06306160810451721
0.02998997087531443
-0.008481843036046982
0.1032556822102799
0.06366397790410608
-0.04192215524938987
0.02554297663371449
0.003212427971279519
-0.08273588822921518
-0.04926129057030204
0.02441296597411527
-0.0904013524657083
0.100897072987405
-0.07902633553807874
-0.06461935828884836
-0.01391498807592057
0.01679136681427497
-0.003761611351838542
-0.09420260404506567
0.1363274237762455
-0.0711119115451854
0.1443357620522539
0.05968932176811916
-0.005489586218137929
0.09617083540599208
0.04225155434410324
0.02460340157029992
0.01787699695951752
-0.0369342745805501
-0.02565254784651144
0.03677402863098853
-0.01283808872760868
0.05735233991043724
0.07787191407285571
0.04980105050817692
-0.01019005291574966
-0.01337199603477821
0.03334353013040188
-0.03140876865386719
-0.02004741290970177
-0.05126425197194207
0.1355173398436996
-0.001104159489852938
0.02286439397525908
0.001667632859471316
-0.08248967081118108
-0.003533438587545762
-0.02830078772278188
-0.1132919296401731
0.07728949229165946
-0.04680090834262605
0.08025544942201984
-0.0471101032058639
0.003486353050959011
0.007108361073666622
0.03269101412548791
0.02754841741859536
0.03668592157678079
-0.03699757243335945
0.07470440739443038
0.004494993884756909
0.01743989985974466
-0.01147286286223795
0.009973678756951182
0.1058277037818696
0.07567173805132318
0.05096234602991292
0.02461885399846737
-0.05028560860902086
-0.1004925563857755
-0.01420407440392871
-0.02704904770982745
-0.0561319134253131
-0.0030058826030853
0.06135707740363373
0.05187278242320376
0.08536042173403308
0.05551642134058621
-0.009560442952825498
0.1069113203728008
0.06070140859564838
-0.06256244559530259
0.03348145815526575
0.06856958794205632
0.04643687716129088
-0.05186999653620407
0.02795937032690458
0.0815136011715072
0.03707074923300597
-0.01363526932888684
0.005886726255910604
-0.0006756895475443381
-0.06641536149285497
0.08417978803136308
-0.01647942336159331
0.09699853877540529
0.0827754119140118
-0.14509659637696
0.01656941021289254
-0.0179984160648469
-0.04949055004278284
-0.07611849203179696
-0.07847311919629009
0.01937419794801802
-0.01110865910746024
-0.04211228721044265
0.006211805777087777
0.06925966305939596
0.03639781363668217
0.08998123565410396
-0.02924806264236162
-0.1102883524163324
0.01033720583222868
-0.08702192824771922
0.04728866485938638
0.04803035797543169
0.03035346141275955
-0.08978565423382553
0.03094908178427059
0.02880985458210451
-0.07527833920129737
-0.07592307891635083
-0.09161713973930388
0.1458565434323394
-0.08134148701537465
0.04314486421545384
0.004499076436252946
-0.07957163789247103
-0.01928050658782645
0.06015929843886904
-0.002648035270715533
-0.02622810587322768
-0.05158570373527754
-0.08401051479150852
0.08860725377711112
-0.05418772691659277
0.009979413766953299
0.0820799727059818
0.02360421829724697
0.0004465958852826607
-0.02748711914645764
-0.05183933466724559
-0.0541530679755909
-0.04191268902522596
0.1043944276835802
-0.04325168544729451
0.0218792972046031
-0.02704084717638016
0.06212647236243742
0.06561729189163465
0.02170362155367958
0.1003505641877984
0.1020713591490998
0.01109769878680026
-0.04257548320067215
0.02274760932270328
-0.004058901824766007
-0.07087060156686822
-0.01307353193154897
-0.04695958330720314
0.08907252241875148
-0.03307936621910365
0.02132122296544772
-0.09935724624789501
-0.05352820238064707
-0.06740901020093598
-0.05047198642431265
0.03201107712680628
0.08296749712111273
0.01256449222962273
-0.02884401356830806
-0.02117482628945484
0.003820995679531796
0.03095006240070936
-0.2429442893021682
0.06512213174186657
0.1004827186441839
0.08922342005401782
0.05407255169103477
-0.03866422930478602
-0.08728010471857701
0.04257685310782915
0.0179634104651403
0.0520972573206429
-0.1142914229293324
-0.07628209755047383
-0.04352928139613758
-0.002330981146646417
-0.1040999636570331
-0.1418672133884941
-0.07437329735638548
-0.1428607814436924
-0.02115020086334975
0.05285516056092738
0.009627727118257004
0.1076941542672531
-0.007609344331493999
0.07849461200495683
0.0530124515195303
-0.09322636768757087
-0.04883300189798643
-0.07900639101421505
-0.003340595375680759
-0.06726945739986442
-0.02433585595727215
-0.1004807824000369
0.01799060205474355
0.006968913048454747
0.03034830231517728
-0.09431207615038509
-0.03001281526930422
0.02325830575317469
0.02032440347776931
-0.03336201533057807
0.09547413410306038
0.002600811452367739
-0.1204528020913056
-0.05599886705357737
0.03822481329055819
0.1017554501086574
-0.007491264568359978
-0.05233361983633503
0.04936499386668915
-0.02934806834870354
-0.002713614183362512
-0.06094472788841276
-0.05679265134891824
-0.02097928115886771
0.03551704329816703
-0.006482834577926883
0.01659547393920402
-0.0866934121450417
0.02137613924962702
-0.01818070426524396
-0.009453977713680003
0.08899754970962047
-0.01456893970335258
-0.06972369601574507
0.06439283744046589
0.101741354793482
-0.05425923348418333
0.0201764602940523
-0.07064488257192023
-0.03995754996272073
-0.04307422586377545
0.0879434623557093
-0.01933008875903176
-0.01821509389531939
0.0963301917946553
-0.1014308265438089
-0.06734966226934236
0.04383395148487811
-0.07047193489767081
0.03003122550639772
-0.04816684889767309
-0.04133615508659967
-0.09563990603764524
-0.06153137149590112
0.1055382235782939
-0.01526864778844497
0.02612173775978409
-0.06610289021495236
-0.02425714855533888
0.04709481736199544
-0.04063541771743413
-0.01774310842924189
0.07517487787952547
0.002450707248659622
-0.06747936923888778
-0.03499137225380883
-0.1241312018553072
-0.09931745444035457
-0.06934334991032345
-0.01891486349259743
0.001485567434669752
0.006183359209774072
0.07769577112364265
-0.05426631978534608
0.1002802685516574
-0.0127984213619146
0.07558997362868514
0.0006646409746715459
-0.03889809708258464
0.04485198458588242
-0.06585875271513206
0.009442017500220296
-0.02560881124399048
0.0448863658362587
0.05704067914821832
-0.06584943392684679
-0.1122186513991278
0.1484530558813326
-0.07969778151827592
-0.01661482222676571
0.0407279033516064
-0.05642868314518262
0.0107766402342605
0.1532103233994841
-0.07634810763542885
-0.05069598885756932
-0.09870562311920919
0.04582704632451248
0.0811345810036115
-0.1492494857658041
-0.0543291818058695
0.01818781565932862
0.06009024153285361
-0.01734075018598109
-0.009014883274243433
0.1062165715293323
-0.03791341760834117
-0.09665055910357725
-0.09688044536550855
-0.06022011595148347
-0.02201778340803597
-0.06442502559154638
0.002417248860137482
0.05366632525804746
0.005672942372493005
-0.03984592793238858
0.04525050684524153
0.07815358965032673
-0.06973559047659642
-0.04164066117846998
-0.05429132300999379
-0.05240206626785493
-0.01819610954429176
0.03057040080403439
0.00104987729133578
0.06476784841494471
-0.107931625775676
-0.01935550870192578
0.01515781037095935
0.02349804664198786
-0.005455953751599234
0.05736523789235908
-0.05275714218969128
0.1067454360109652
-0.1152103142157565
-0.07225617106096434
-0.02080721670925794
-0.07173777908897608
0.06322823916363685
-0.05484431787588413
-0.04133114888600388
-0.07531606096280143
-0.06392068546006933
0.06506588419335388
0.0608789011246758
-0.05043284450017591
0.06192850101943449
-0.0009514218536029496
-0.009498791781287808
0.005966458081610795
0.004604745716786197
-0.04148447144369594
-0.04610488695249388
0.1521520412746808
0.1173811043566541
-0.08544410049838541
-0.1281996240696082
-0.1246594469047287
0.1202957986786515
0.01584783429573421
0.1024774931348567
0.01286814551867392
0.01356247445931971
-0.002979489781713474
-0.08178819324046809
-0.03535942436105727
0.01479092049469074
-0.0317039634111798
-0.03337646625532936
0.0618156399441756
-0.01200438897835896
-0.06039379493849115
0.07875188701828564
0.008448346967814657
0.02436273737289207
-0.06021884778880607
0.04891690779787761
-0.0941994470218753
0.06754633348805714
0.03126519886495225
0.03449804282759197
-0.01991148443990962
-0.01014850084144271
0.03547043812389923
0.009518647025658543
-0.03226135596644531
-0.001857947524924046
0.08564345086964777
-0.04807737084441897
-0.0385753560852366
0.1004072752814242
-0.01413467482204754
-0.01994561891632735
-0.0504285587467742
-0.125670318802096
0.1231713119597001
0.01243743097816581
-0.1159105892077279
0.009744511780449458
-0.09521618460796677
-0.003950430017365529
0.05827267967887885
-0.009272461210178953
-0.009963182393549395
0.008808727364908479
-0.09240426796527496
0.01616035898458341
0.1529040303858105
0.108912569065997
-0.01896277676549891
-0.008329797094327351
0.02675631826563922
-0.1120006243069873
-0.0422475365067452
-0.07149139465012207
0.2298454619112162
0.02919565460253197
-0.04898599118445952
-0.04809225780733857
-0.07061036833423733
-0.04923223567761761
0.07892670242250228
0.03700274241114436
-0.03662911314172344
0.1355110913617201
-0.08730214180683754
-0.1169456330598169
0.0829518443829978
-0.01195164505630603
-0.01812154897587886
0.05757786784072413
0.1840203131419169
-0.01425680919816462
-0.05229015238693728
-0.05512789760522203
0.02110639723870253
0.03462439990616667
-0.1401743365579113
0.03045160228614106
0.05396915526177019
-0.09724073743017561
-0.005961543982445423
-0.01831974455215524
-0.0612352427959174
-0.02462403814050296
0.02967555773421082
0.06672752738869669
0.001344390688150286
0.04552794321201369
0.01610985863531589
0.01154089257231753
0.04012958897540959
-0.1080948815910937
0.06846388242830426
-0.06369829897535849
0.005100896801900855
-0.01142454878184013
0.04213415159566501
0.04362192263346908
-0.04334310936866448
-0.07746606894890783
-0.08469142942299876
0.06546181528062625
-0.008922325933452518
0.0831964902401941
-0.01971288331420484
-0.14388593171218
-0.08895937800226189
-0.04228394367374882
0.03261918746931246
0.001503994923333546
-0.09776994028791582
0.08324594036779315
0.03945181552140722
-0.2048422960225166
0.07401466805765439
-0.02296005387459472
0.004363971869896184
-0.06814948541860505
-0.009901111111087942
0.02280465998742048
-0.2079379648876416
0.002810384010635372
-0.003807754420977048
0.03784170611700576
-0.1259505260407685
-0.1029768094396249
-0.05850281819070562
0.03080844916045553
0.02110918914773032
0.005366331063992496
-0.08128271505361774
-0.02036421029512777
-0.02829338227497031
-0.09552741218832544
0.09787291650417683
-0.0161576659895374
-0.06372290805025077
-0.1358967071510277
-0.03158382554062483
0.0525631221209823
0.009963042637898881
0.05694264545460544
0.04786258132322819
0.02800370105361207
-0.007776338572613247
-0.09802777301807813
-0.06450610042224375
-0.01710885389752247
0.0138934565660613
0.06011501750387278
0.05655860598119959
0.03578144890264073
-0.01683821713774269
0.1090555752449108
-0.02103550852993194
-0.006888546631225449
0.02077202561601037
-0.05912236157881799
0.051112208121221
-0.06206285483600429
-0.05234800762994535
0.05609692606347387
-0.04814636253939962
0.05605613319769358
-0.05213218280532912
0.01665066848167661
0.02114227606324914
0.01870557841356948
-0.005209238980382502
-0.09499662572762888
-0.0850449565900929
-0.03668910564652766
-0.03993636073311141
0.09211583875727905
-0.1325081969002827
0.06895078975653099
0.07838019368788159
-0.05684842959641739
-0.008571226816134269
0.03775846761777202
0.08097909968187317
-0.002387090182327767
-0.01649228426301654
-0.002977199361617685
-0.05654303848277089
0.1317386758061103
0.04530442822072163
-0.06747165167626445
-0.1555690786902865
-0.03004758568122935
-0.09728306681298743
-0.07982465614008181
0.02018208621580024
0.05008814912993273
-0.02546863636094038
-0.1069219974072572
0.05822886741404867
-0.1377984961360803
-0.09039369479887172
-1.965908633248803e-05
0.05547883482852788
-0.01111992997486533
-0.02797913509131073
0.1130337135628009
-0.0996467653620924
-0.01467035101923625
0.03540605297981063
0.0553210717516421
-0.02573649636926018
-0.03884687915845669
0.06725509141770922
0.008954369193120469
-0.07481349698037124
0.02450835991514233
-0.06015049803262955
-0.02982088158289182
-0.008581697184085087
0.0196594161322027
-0.006573573688960645
-0.0128590272579174
0.06443241998625704
0.04245462492711531
-0.01240115738248824
0.02901347101390858
-0.06502347291188373
-0.04801514623576025
0.00808106670010357
-0.02783939361329766
0.01633432276627155
-0.1045503441031685
-0.001359237349039688
-0.03183763431172651
0.001248218696066568
0.0286044976897517
0.09369443952626008
0.06482295639464708
-0.01934874382028738
-0.01121972456158468
0.01278672184518119
-0.02456609979630692
0.01164432991386097
-0.05150765802023815
0.001868379627631277
0.0588838857387347
0.1049309622253581
0.08562687940249872
-0.01427120802575577
-0.09063244998377794
0.1163483626956668
0.06663094541748917
-0.1038940338340587
0.01827560017456704
0.002104439239262637
0.07215156581265869
-0.05490295931759245
-0.03195349940983353
0.008305438848241413
0.02740702124623622
-0.08617352006971762
-0.0338321797228217
0.1278143471441062
-0.02259219714244215
-0.05522545844943398
0.0323419275082609
0.007157632467228479
0.06152494390685088
-0.007620039869454396
-0.02832458456930557
0.04439419174228402
-0.05054377739854565
-0.01687432295319511
-0.02436868297928068
0.03829470863541748
0.06550371752470688
0.05839579583185747
0.0905347981669206
-0.02375864976386578
0.008711482591874008
-0.06968735799503947
-0.002504665899198769
-0.05080597666821553
-0.05231115251910125
-0.04310739332353672
0.07447178119413639
0.008743576621565281
-0.04804324354196621
0.009345418953254192
0.01506466463054209
-0.0143057372339897
0.035264678844026
0.05830404526301497
0.05498377887710983
-0.06093781017467433
0.03142921795045914
-0.08658504160784339
0.104977596092257
0.005998802729002828
-0.07551097051482064
-0.03730087970668984
-0.02293513425851217
0.08669813331159824
0.02381126922423945
-0.1365366164652966
-0.06393733563763258
-0.09536326107856957
0.09024981766614354
-0.09147971518899045
0.08616544261991534
0.002904864921799782
0.1019882457784568
0.1127097981652514
-0.02567628953788683
0.02713109606044011
-0.01554775874330459
-0.0437479579949394
0.1459100939719062
0.00430170703628022
0.01519955666094912
-0.131489694030926
0.1036849422406693
-0.01115284700256744
-0.06646668219340116
0.0297084246522222
0.02545046878410013
-0.02090698594099343
0.08355130179839519
0.007926669983969861
-0.01526448560253293
0.04286522877609877
-0.09875587901567484
-0.009827666331693392
0.0938794866777943
-0.05031228617309233
0.01221355808061778
0.1128359047018562
-0.02386483058020173
-0.09633643542357377
0.0158636053226286
-0.1149619477649703
0.02667894354466569
-0.09070772216901757
-0.003414788539555587
0.1326865811939762
0.1036484782501093
0.176181528654174
-0.1152242086946632
-0.02539770322906991
-0.01747501135117616
0.04546733759007245
-0.02124279834056138
-0.01082388526503692
0.0441162798800866
0.03512952635641223
-0.0151858902889177
-0.0472708011413141
-0.0901367006603484
0.03965778991456344
0.05652181363731111
-0.04231741668823402
-0.06047303051838974
-0.05106824360234589
-0.03877050055711301
-0.1825546510594285
-0.006152966180885774
-0.03112895177988238
0.05219583458970923
0.08299814662373614
0.02487270377723759
-0.03610836428936305
-0.07149969126632796
0.07671152844355936
-0.03920377459307885
0.1160026914403021
-0.07614394221958196
-0.09327908331594403
0.04919311621495213
0.01295474560856989
0.1284071602811039
-0.04982978948955291
0.08089088711940259
0.0272306227989915
0.04710958831046443
0.035930103315986
-0.03723704018242253
-0.01037641510028097
-0.05917305690269546
0.07998219002794059
0.02845895835702948
0.01051816888382765
-0.08507184127110692
0.007718094896999038
-0.1175187037284059
-0.05003795661539159
-0.05836851689706585
0.06611740612941483
-0.0314073121591693
-0.02216666666227204
-0.07445691948137065
0.1009309235217761
0.01954927020409548
0.1131085605849202
-0.003553228240507494
0.07825306678004254
0.01053711989304252
-0.03807988691256875
0.05719875714167443
-0.07934194753726956
0.03339808177921132
0.07666225905333762
0.1302217990985523
-0.005223770121106494
-0.007816074011584531
0.04828790351351138
-0.04885928409180768
-0.07757021320055399
0.02948088024319164
-0.03358911591964805
0.04102591381460681
0.03300991428535636
0.08479692599073642
0.05835408579994283
0.03997238377814528
0.04951727161336444
0.0272265253075616
-0.05977839740528736
-0.06723513132641687
-0.02685332443500902
0.128016796741671
-0.1218493200066726
0.02659521863943606
0.001900722348759071
0.08297917335112888
9.987004766401179e-05
0.08199972864195426
-0.01918260154959685
-0.003444788188524381
0.01731933673329477
-0.0193213989145342
0.06153476912995519
-0.08421111844713022
0.1263444824735673
-0.03809213138191555
0.07509346695470119
0.03447221154869695
-0.05461441471181945
0.02270591395436069
0.004771198705056278
0.06710827897381787
0.0315706686991152
-0.04871332759649475
-0.03877021519593526
-0.000957704489916663
-0.06140176620070288
-0.0002275110522874518
-0.03498297339056952
-0.02710237926110385
-0.1651404288013905
-0.04204451682959157
-0.06142954224872604
-0.02422951334829544
0.01279884285840636
0.004678036849280517
-0.0333243185326348
0.01374142976651473
0.03626968877430508
-0.01690061789145663
-0.006614447705865813
0.1292115916004436
-0.009223870241868007
-0.03671732472553843
-0.02375386508536035
0.1199216744511581
0.02756790066988976
0.04294843463347169
0.01262921451701811
0.02677489176854996
0.08020924238582526
0.06832206731677459
-0.01910745973843945
0.02642086010688665
-0.02830998003596023
-0.130893001340156
0.05375973302247687
-0.006830724353010992
-0.06824864772238501
0.1251226769247027
0.07895323189877257
0.03199117200494242
-0.05752413467666093
-0.02704066264718699
0.0151651846747715
-0.10397916448416
-0.1411946322263733
0.03914517303744287
-0.01315211197306856
0.05399948078340002
-0.006314716861044678
-0.03417532627973537
-0.09493702176105388
-0.1075036686706173
-0.009291804763095005
0.06716774249252251
0.0524621046696581
0.0157670501078029
-0.06182204898917754
0.105219409680813
0.07548178798406666
-0.1083968201739669
0.075501647595052
-0.05484094935521151
-0.1033186247930583
-0.009974144566357472
-0.06478205741565023
-0.1203867332941744
-0.005372032470859441
-0.01306392208898423
-0.006876463118199318
-0.02043436579001955
-0.03028953715356448
0.007904286756408828
-0.0596332580549122
0.01262086549187405
0.03025744354151192
-0.02797105226121367
0.003580609353626951
0.08509886478794759
0.02774734708913929
-0.03496514980505853
-0.02402465982811563
0.006340613172192089
0.0111934889095173
-0.04578094460193088
-0.1422249930946804
-0.005034023898732327
0.07471157639604611
0.07965330736287035
0.0214777188773079
0.08141834647124963
0.09370093226691828
-0.01438676450479179
-0.07209627264958185
-0.1620055807301819
-0.0006485909558562146
-0.05639586253096743
-0.004429836735197902
-0.08071793799951957
-0.1181486872192188
-0.07074315052245847
-0.02869832107270014
-0.01534339513029721
-0.03133359171115067
-0.07661400139865158
0.09153948974588789
-0.04590601275012487
0.00846237832119439
0.07400998610330622
-0.007795677637127234
0.09209341711485974
-0.03666923039191348
0.06744156622871622
0.01417280836746307
0.006882967176998975
0.1045471924582279
-0.02817191001875852
-0.03659535805522286
0.01741868093914792
-0.09026975377461474
0.06695698127340761
-0.06976003305932758
0.07805393409188692
-0.002044472989067306
0.0419023680006114
0.03128394633048026
0.007255532789628254
-0.1065840693949353
0.003938025918752018
-0.01528870074403011
0.01717529565393235
0.04101638708287612
-0.0341935903352583
-0.007894173112024939
0.1163213349392887
0.05586084935903449
0.01037859357808487
0.0756774592212095
0.06674188934720697
-0.0548420672905112
0.07237782881949385
-0.01436856662069473
0.03108942340218117
-0.1463010813408231
-0.0260146923808916
0.07900209778016591
-0.06188342834347898
0.03600305155045376
0.01139640246741076
0.01834814513099618
0.02075138937078266
-0.03227949449219965
0.0005334152740912876
-0.07450386992750413
0.04423696736872464
-0.01075740120012338
0.008859689976714619
-0.1295445761856404
0.003072728383187943
0.01180641722958475
0.02310779355311738
0.05949605495381319
-0.03934691573640738
-0.07491820078763509
0.08785205938637865
-0.03065010634505113
0.06623394899749081
-0.02637860642361915
0.02415062795472574
0.008727057615703025
0.0180302285185368
0.04830701326961834
-0.1415986516434676
0.05400154758472707
-0.1170863098877638
-0.05629735000480533
-0.03998630656664516
-0.006031544205791689
-0.1431772021965668
0.02636709268766085
-0.1144470531129769
0.05275989827751583
-0.1098713299372597
0.1063822298521783
0.004057020277020922
-0.06547230357910207
-0.05002640733764488
-0.06563195693818155
0.02355927154290006
-0.006615706658458204
-0.04165571412744621
-0.1386755204333581
0.02389329133635619
-0.07670119649308997
-0.002975573587615118
-0.00152723638187266
-0.01010792493992194
0.007945509977702207
-0.04798141476989112
0.01728251466559049
-0.04388957721975478
0.06420103915103083
-0.0003773434223076147
-0.04237513275204605
0.02228770757686075
-0.08275544622747739
0.04813267047230029
-0.06943332979397068
0.09695192814110051
-0.09485883236737112
-0.1051341797737502
-0.09443238789089568
-0.04605482556786523
-0.06943858066148716
0.06637833417999917
0.10285158642733
0.01002150348751815
0.02865074909359942
0.02924289673129367
0.01150127549223199
-0.03842046517810787
0.1387540972840779
-0.03001818764133768
-0.1217137248283126
0.03112635183294323
0.05021111392548443
0.01748610982813426
-0.01457421280218892
-0.01083681805276672
0.01205997864664275
0.002036527568058485
0.05603112923139605
-0.04020848927287984
0.02077954880480553
0.0636233246197008
-0.06892904062340661
-0.04662370474671212
-0.0216976507309849
0.09555337752658284
-0.00638576626165345
0.05493373633660216
-0.01036839921646895
-0.008261564570235826
-0.0504188820811698
-0.155888978429255
-0.08790992207025958
0.06987637447823833
0.05506189135159304
-0.05836828619873419
0.05035158631876395
0.03646035464844454
-0.03043662876567591
-0.0435468995398339
-0.01862683731318578
-0.03751572740428856
-0.002102973458519737
0.02277129831483046
0.07905529877146335
-0.1201600342482571
0.02170821322491946
-0.03340295351773974
0.06349035160289869
0.02375166695381556
-0.07322443992584869
0.04806549471401499
0.04090536028594527
0.04145620962168398
0.01848897184319975
0.1071129901968583
0.01166736147576943
0.001104091068189494
-0.0006385407919628425
-0.05963924120378682
0.05093249002352872
0.02536250385490309
-0.1060570707801427
-0.03769934105130899
0.01068345504321686
0.007527951746993417
0.04345030975684513
-0.09330563465916497
-0.01419167659828699
0.03561444754854413
-0.08703676290684065
0.02636892725164263
0.03156810412818681
-0.001514057684028916
0.02235446389991189
-0.01830780644510821
0.003425704748838493
-0.009105712422054116
0.06001184224817155
0.01362603298054382
0.08517647090825842
0.02120656700177823
-0.04726644854013575
-0.02181813910834499
0.0327205160821933
-0.02565031479966671
-0.05896607014976857
0.03864892917694063
0.02403250079618814
0.009369740417790783
-0.06509426759406206
-0.03163217187545568
0.1401915607642364
0.04740653264190342
-0.02379178976905048
-0.124361792885043
-0.05393984785408493
0.01429363178204441
0.05244013408588134
0.06267693059315249
0.1051535722358785
-0.04000387844941056
0.06002646438288542
-0.06211349421366762
-0.03172727208645777
0.03771798357547975
0.104074805737104
-0.0753032656481189
0.01378541050633998
-0.0410436229364185
0.00894185492062758
-0.01876220427185856
0.002110032046847718
0.04065132139051973
0.02114456301884779
0.03499293964921579
-0.005692819897467911
0.08018351710419899
-0.007265534532196277
0.07920846179432048
-0.03495062400165675
-0.03540929857755784
0.008522262266388855
-0.05312781265409861
0.1043202815564014
-0.0003153819706280502
0.03965500248580713
-0.02788424049549784
-0.05994655915426585
-0.01071630547521544
-0.008759891443345123
0.09113353465702707
0.02792234062298265
0.05401582995578506
-0.03655310471313502
-0.05010376032809193
0.05742574198984045
-0.0005533849922710679
-0.01176765025119114
0.03657292298662185
-0.009313486735010205
-0.0729190505169675
0.009101384693520769
-0.0285635761694097
-0.1187340335432568
0.07364496051829747
-0.05660529152259668
-0.07201533223407898
0.03671060071304857
0.04336826935070788
0.0008198074402782606
0.04921363808327141
-0.02865493100892823
-0.118924548554581
-0.04437100255893384
0.05676899190435733
0.03262290773844247
-0.09924365972950039
0.06793993506876901
0.02643764556841769
0.02276623181673547
-0.0575770040752521
0.00478465544116349
0.02539381719255114
0.1188841128886924
-0.00123343244733546
0.0213915447988379
0.05289833874544564
-0.004525151221511078
0.009531403225016097
0.08930057027976077
-0.06428187798856064
0.01459651554137822
-0.09123174264786588
-0.02839775775181233
0.06457329024061943
-0.09027503869129115
0.03379825276108252
-0.1206838469855127
0.02180900724984057
0.06841566934723671
0.02730157680899395
0.01075326625370253
-0.03031809263533411
-0.05225237196358195
0.06473840862040953
0.06306676903174886
0.09624637091817645
0.04356558007279766
-0.03505425694456987
-0.1197232193017394
0.01915854290381472
-0.001151846388508571
-0.09234661136610388
-0.0043016843587304
-0.0157700312827971
-0.07102958831399922
0.07879502437066896
0.1146532575292347
-0.1022901009581208
-0.06712272798552718
-0.07803374654375143
-0.004876220540065901
-0.05801978747944214
-0.1001887759032241
0.01256122463979819
-0.02691327332897732
-0.01536151916023681
0.07070063213386073
-0.05357859044410875
0.1331015883616175
0.007223563876994049
0.01508482456883127
-0.07276132707615607
0.1493832659015624
0.02914921266348328
0.01986133085200117
0.00904437332793958
0.05778149850839712
-0.01305873407935714
0.0634973015261061
-0.105853579084606
-0.09223809139357267
-0.003872825078856642
-0.08818260299445754
-0.06214785370928706
0.01362869313244402
0.1022052892775502
0.09362706998512915
-0.06280262137947361
0.154095883295794
0.08258212447256927
-0.1442864433221037
0.01703929830640091
-0.1498611685850434
0.02620968449710083
-0.07729464516408724
0.01418320624073928
-0.05944896731852656
-0.154312063437128
0.09679510621828519
-0.0697487508917308
0.1424364241699034
0.09271199726683207
-0.02585303155471113
-0.006061908393389949
-0.02361330502844643
-0.04577352854085943
0.1607162412958786
-0.0914847248478613
-0.09125087496272648
-0.01315855893219822
-0.04581281870937095
-0.135795270175229
0.03091079883997351
0.06439917160235201
-0.03805219889901161
0.01409739356949034
-0.05736471487896358
-0.05125734653873225
0.04303326885997764
-0.02400944493456514
0.08632819893761896
0.01666561035403933
0.04712554063932162
0.06263244637124771
0.04739339744199303
-0.01719590321400323
0.04446805508936379
-0.04906150853198653
0.1111032635914638
0.1369069292327284
0.03583206522657975
-0.04117781514948646
-0.07911022100925398
-0.01045323609165428
0.02601011930207402
-0.04948948018059805
-0.02145739287254186
0.08927976766830523
0.0946531123636752
0.064248038771484
-0.05292522853876733
-0.02779451469082488
0.03349575226506017
0.08056793092148068
-0.04749562523191725
-0.03858796473155529
-0.0331132969092041
-0.03624239774240497
0.05946926110558851
-0.02326416924160176
0.01374708589514479
0.05300312910449787
-0.02732741012950605
0.1594489660524161
-0.09272894923804809
0.07493262272780424
0.02607041806970051
-0.03614041484189772
-0.06518439260145832
0.001952881254325347
0.06564092359590284
0.08823546247848743
-0.02235056119024108
-0.102278997060752
-0.1167800181001726
-0.05124659234349431
0.003826263740539751
-0.01483432113474972
0.004169170179300031
-0.05009764576334697
0.09322303152422562
-0.06244628573768541
-0.07267451712570455
0.008847784284621112
-0.1535686658329133
0.02299747880376903
-0.1185956424475928
0.006862149775896609
-0.0494074364134726
-0.05504997707218999
0.05691783007437512
0.03065794763678537
-0.01120665002319093
0.04123109622033029
0.007061891431732034
-0.07275239900407332
-0.02646517822673151
0.01625270706327185
-0.01877231481373161
0.00415971195241141
-0.02499451126334311
0.03633650002435457
0.003612253034649085
0.03133439735601
0.0569505283399419
-0.1117896346586625
0.03763750404140946
0.009422354434813315
-0.05629363889316606
0.07511511622986339
0.02926185769996393
-0.06199235614145518
0.08279041903314026
0.05783900327089829
0.01966603502903704
-0.09839784735143203
0.03213685364103451
0.1085610465323542
-0.01709944199995132
0.03786809129485564
0.004143950136493255
-0.01478588682779033
0.003905127768422102
0.01607064108676796
-0.00916846003895281
-0.0445804876934903
-0.02179991365827733
-0.01902856162890999
-0.04740439497627624
-0.01138121688196696
-0.03889095934049975
0.2196830301590215
-0.02318282404186715
0.04287068740031664
0.04836668055952793
0.03679361077322932
-0.07313625547584397
0.08679172643608621
0.05545534019819766
0.06396281774674695
-0.006712273870362865
-0.01724848001039199
-0.05724571092284329
-0.05524657716793224
-0.03930788270690506
-0.08768267506810493
-0.006367355873257409
-0.03501570718965248
0.03880005805337908
0.01354808010552089
-0.0357652260034553
0.1125813562593072
0.02511237383776927
-0.0004168046652485193
-0.01980563961321348
0.0261142552324445
-0.06320700300027429
-0.02260699473988321
-0.03302409884943477
-0.03459598785870508
0.008395234819350172
0.09785752992700746
-0.01802776730542095
-0.04652528634876534
0.05356143400151744
0.01237173836624386
0.02262789151209767
-0.01749954160196595
0.04492095344783416
-0.07993385838444192
0.07289903373144266
0.01751668661431937
0.01694256556596704
-0.01261873686169773
0.05736122542448156
0.02138353193995872
-0.02015451571266257
0.02791312156620344
0.09153530204573933
0.1256040598028149
0.08636943672448086
-0.05046692283023411
-0.06451310189558469
-0.06646567025318877
-0.003299538435292574
-0.07300821040154512
0.07620808508069135
0.04272851607276267
-0.02358776068040233
0.06482147899421151
-0.06383006119715678
0.02911950896139517
0.1036771928395679
0.1056920197137017
0.008795218541513182
-0.009929331588041596
-0.07246650485388147
-0.01206403595970121
0.06908861208333331
-0.03472745354674167
0.001319170745467144
0.02036002673219908
0.007222005729230232
-0.02433697616003461
-0.02323417280050354
-0.07555210621694072
-0.08842022932119262
0.09607164348038044
0.01338338714050012
-0.06274604709345524
-0.002317417350019814
0.01556150965514921
0.1024318079094749
0.1193147110460145
0.003382605469099347
0.1048350894643715
0.001245576990234393
-0.04674102484275809
-0.02880341317143473
7.745187480031127e-05
-0.001492594952178335
-0.007199204551764312
-0.03008432749360091
-0.04125178348458646
-0.007222370043239942
-0.02728327447324892
0.06305128627319513
0.03947751639353606
-0.03258899401030906
0.06070719134916612
0.01127611564130949
0.003622623051649548
-0.07268732185043821
-0.02792911073384544
0.05879963389732494
0.04848431961668244
0.0242749429672391
-0.0366796142409966
-0.03296398198477139
0.01734268362951974
-0.02927503735267295
0.07192595994719324
-0.03340748365047348
-0.008127317575533081
0.09483049289258327
0.03227336843030913
-0.02033039389360581
-0.00874565472030462
-0.03335960338251345
-0.09414287555243869
0.03106788683613426
-0.05534812614773571
-0.0313448424193418
-0.1355376044739053
0.04874081799689919
-0.01248868578536683
0.1015475848635291
-0.007881087835354846
-0.009737931157975818
-0.04696496732611587
-0.02969050899219533
0.01850485591006618
-0.06923158178376054
0.04605387277812925
-0.0941385301557513
0.02118742271737486
-0.0620426521369282
0.006179865410539567
0.02691006013733326
-0.01619898308817008
0.1051693154476902
-0.06461748111233301
-0.03197893476373954
0.04539525956902553
0.02448193405366592
-0.1174879608497861
0.08192576298386521
-0.01551570024838621
0.04314239261754844
0.06230005332281507
-0.04718588366482031
0.1118966273787352
-0.09395663266909118
-0.07488976506282032
-0.085047212438554
0.07593775587570142
-0.1330762818410018
-0.02109694397574256
0.009999729215277163
-0.008144420937176235
0.0001217346846908857
-0.08061410510559142
0.06393284767946333
-0.0201939896188973
-0.02094354425819529
-0.01633488457834658
-0.1181791226459068
-0.08003972199913124
-0.0426747382847992
0.02052261628765917
0.001244511285459902
-0.04387585621389574
-0.06103025124763517
-0.1097239061693153
0.03440080544623746
-0.03681581656807482
0.08008102641556331
0.006766794109794725
-0.0634719691750058
-0.1212857709817607
-0.06682071645777587
-0.1082191360574098
0.0254664021995581
-0.05938094609250899
0.001858680564807386
0.08269584502057425
0.02756538580033318
-0.02723929526197414
0.002308438741384651
0.03129729039043194
0.1118896109142987
0.02882849300971848
-0.03125225294592253
-0.0005624469508675109
0.009445725155183275
-0.1257493540019818
-0.04511647039337043
0.04257400746199029
-0.005221397150862603
-0.005750963331322819
0.04250266483893266
-0.001269223516941465
-0.02477323235709176
0.03509047477960786
-0.03584874705103552
-0.008579359361784299
0.06187147015107598
0.02137357267181943
-0.02535108655421074
-0.005576409423017743
0.0118968519999485
0.06937448511809413
0.05029700063112762
-0.04979344679739612
0.02767597582991686
0.01088656873967428
-0.221345010752706
0.09000964617984147
-0.05296856690952233
0.05281433326701886
0.0535425009617483
0.1210759924446966
0.006177311598361369
0.1578714110751603
0.01462363731194948
-0.0002907297285597854
0.03499142633429994
0.08233041944482314
-0.03154623505054363
-0.006924743676982661
-0.002112774270512633
0.07306493016564233
0.1243377774743112
0.06991601180717213
-0.03440653414888507
-0.02620781069961462
-0.0884420109048592
-0.03017341274364393
-0.05330309120666827
-0.03470230397196093
-0.06238437596626525
0.01244654540170691
-0.03604397727792132
-0.10305896804371
0.04618442130216835
0.07686004937029453
-0.07706841293549202
-0.07145808366888384
-0.04555077529277489
-0.01643578809657949
0.1232608421361396
-0.06492235569207444
-0.02997042961567801
-0.1018798955042869
-0.08336113115099771
0.01688846194722218
0.05010065030262752
0.1467332275846013
-0.06281010646112108
-0.01059370811259826
-0.035576544928654
0.1517285067698744
0.0130264911668962
0.06779484437452306
0.05776759093579009
0.008329347878153585
0.08039006502951274
0.01398746876559543
-0.08046649634835612
-0.04708281513128183
0.01013606675337381
-0.01355918175357947
-0.03697799394701659
-0.03208849143444251
0.01307712716559924
0.0536593815418701
-0.08458545798449495
0.1002003510034802
0.05086006544947365
0.06167655622468467
0.01917966575363849
0.07815559907590813
0.04727841897665054
0.03691002971030696
0.01761742175834478
-0.008804748289486887
0.02105840562689131
-0.1679985498353853
-0.000609490662887114
-0.04848134647375678
-0.02199419367658421
-0.04258927026824656
0.09274648019573997
-0.07500706680576177
0.004370813737026882
-0.009404714552436789
0.09966791605784445
-0.01383918249397776
0.04862701725042291
-0.01721768157486155
0.07543752335689398
0.03577483116607733
0.01177701272927327
-0.0348736316514187
0.1276180082220745
0.08978681469353496
0.08087650959763307
0.04400345297788903
-0.03612246952164101
0.05952017401740277
-0.04639678521462618
0.03845869182215253
0.03757302216864594
0.007880925899451524
0.09267439301849592
0.007847140298837596
0.05148716923285077
0.1116895817369478
0.1118919796266116
-0.004001368540605458
-4.583324505448572e-05
0.003778447362562241
-0.06185854919356817
0.07346750392416602
-0.008213266199788564
0.02745018297894846
-0.06958764872498159
0.05742414807992202
-0.006066815147726664
0.06361517039392424
0.01496789868884011
0.03735931593028675
-0.02576057502455819
-0.08267592073123917
-0.06019313230808384
0.02932956818301415
-0.1132684248820135
0.05281469192872239
-0.02148497137835327
-0.05900908430753878
-0.001375751045478072
-0.009190965531130579
-0.03579713827508944
0.06913235933435136
-0.07826016127521108
0.01569389718326703
0.04976687996374154
0.03866013479893189
-0.03239409667351888
-0.06455074209261251
0.008388152080187384
-0.05809593902394677
-0.03845130213159414
-0.07885264891915493
-0.002494468482729342
0.04170674412462827
0.01411467181274246
-0.000848222393698389
-0.1117656692091477
0.02783718821048812
0.00213543678029531
0.07685959970790296
-0.008005138901389507
0.05015823960352489
-0.008272791644246526
-0.0005395003473716575
0.04846741413315447
-0.0799291275569417
0.046347609801063
-0.008970133707959712
-0.04334871096905037
0.06626202986656524
-0.104981701918577
-0.1692951563065443
-0.05227432402327747
-0.05282950275185723
-0.07061355666792005
-0.1449271495861153
0.04077024871545459
0.02935463038242126
-0.06283161272172996
-0.06636686646343673
0.03759529411209774
0.02228050282843221
0.1284291270713973
0.01294938632034402
-0.0135077231681776
-0.002697755342396177
-0.02101086027913805
-0.181214750902137
0.0247283591898925
0.005334967318088857
-0.05021766427766496
0.007560164817761533
0.00715508531136941
0.08510523328114519
-0.1527606875146625
-0.01156210843475116
0.04550519823366853
-0.06764800475746283
0.05722206641638612
0.02052371032614963
-0.03160723172844672
0.0217703461915764
0.0231770807646991
-0.1009474624429667
-0.01587236688886414
0.05523033948986203
0.08295834002306521
0.112227200661144
-0.04128911869106525
0.01736851573963992
0.09300962585238101
0.08332751148650237
-0.01961240384817713
0.05701608831975755
0.1003289092340536
-0.01918134280842763
-0.1256429785791138
0.04124949111376811
0.008263701918436173
-0.05480378836850505
0.006835045470901802
0.05278358037596005
-0.03837700449259787
-0.04054557176375666
-0.06568777702311016
0.07046112554851464
0.07612333022462989
0.0151823020434107
0.05064843684459575
0.04607283735605008
0.006975761932420083
0.03954100359518969
0.09404147765837265
-0.01639091930025044
0.093067293266136
-0.01750171314522137
0.05084929014356459
0.1194125795687529
0.07730341373737237
-0.02320771698752076
-0.1103666016497369
0.05336018098220076
-0.06029257458931357
-0.03928864409995257
-0.04742815553032478
0.04607775385251665
0.09680491212776018
0.01259242253889664
-0.02111053564574697
-0.06992537915240339
-0.04535315261797452
0.05019849102588591
-0.009002995942462368
0.05389737893167838
-0.00608485198132569
0.05916523279810726
0.0645234064386028
-0.04145769716539402
0.05404719786326036
-0.0236981023086749
-0.02244837331697102
-0.002369709419547519
-0.08709239973832004
0.0284750981837379
-0.02857583782219945
0.0443992748962565
0.05751316392521148
0.03758342089967892
0.03102273630374727
0.02213946684368713
0.0370443227774916
0.0365952286751469
0.05905265593248003
-0.06292133415168008
0.001587639444233346
0.00819060061981894
-0.05597850573577157
-0.0572184148505015
0.009373706481577346
0.03001219383172314
-0.04820805403123014
0.05954515038816992
0.002752753369409291
-0.06205022301436781
-0.05594254614824365
0.02750225380174611
-0.01063102510641009
-0.06721829783136965
0.01817619833373931
-0.01297382762426234
0.136095986464914
0.03549780713858965
0.01246331625382516
0.01520624322057452
0.01518606136915542
0.02915998643603743
-0.0561072638546659
0.04498907438700275
-0.01068386720355397
0.05780643470667195
-0.02966862766924221
0.01950153148155062
0.02795027129294376
-0.03911233001516478
0.07124976971054384
-0.002417541954199321
-0.02808421721554575
0.04634478380834677
-0.04459564549113509
-0.003283298548510092
-0.06289906684362968
0.1158646827523845
-0.04431033633608418
-0.02919896176450387
0.0326669208647924
0.08568804615369195
-0.08275259669739146
0.04101464514829375
-0.007320010784018602
-0.02329371258969856
0.004870806590351627
0.07551760797014587
0.01487144931355544
0.03557406061637888
0.07368156278837207
0.06694175737539246
-0.09863529441554028
0.02299992793369197
-0.02817432195977878
-0.1830829065493156
0.05059025723443981
0.02667583739093446
0.09012601796912413
0.002403013377888015
-0.02840078463683953
-0.006021727108842065
-0.0466607224172555
-0.1514851950878537
0.06188972531498837
-0.02643563995908423
0.0186214331308709
-0.05843844260518722
-0.007039461214035099
-0.09902776912788064
0.005263875840841162
-0.1220753857419094
0.02375693687114561
0.06144590313067511
0.1204876513436812
0.001907740716424369
-0.1088063374114287
-0.01497505445327285
0.04537054934453711
0.04694299303682775
0.1078209687265482
-0.01539799420259581
0.0979384149609526
0.07470736963983046
0.1329001428574819
0.0230781205703741
0.002867746382399131
-0.08908649559826326
-0.05214774708852062
0.02132512118998594
0.01901520776085928
-0.02580478729020872
-0.05254656218131734
-0.09876275203466783
-0.01312527324238364
-0.001174788427065724
-0.002233161422117493
0.008759703491252307
0.02091731875226907
0.01271475320466459
-0.06234155365357467
0.02421001361555364
0.02182028232950678
-0.03182105965355207
-0.02144451150813826
-0.0251815969290122
-0.05063435135711257
-0.07837158533027387
-0.01524171972733729
-0.02098540014562681
-0.05492966326881321
-0.0378020109994313
0.01111632410964624
-0.01717559585626216
-0.005470101784727913
-0.009300205297515485
-0.1080160344876288
0.09705541183025458
0.03478432766635502
-0.100505599278352
-0.1846899498353439
0.01139148830777645
0.03018536933331533
0.0449009429708328
-0.005486712965446706
0.02524232768189452
-0.000331347336011336
-0.01509149005351814
0.07802289498404402
0.06147450506031982
-0.06841922749721523
0.03142920505900026
-0.03095803533608162
-0.07154808845160385
-0.05331038571929218
-0.08661792792133727
-0.02519361406418857
-0.03885298123105128
-0.1080918200735229
0.003601939531431481
-0.01161578455172447
-0.01853509340503299
-0.02210458619226649
0.01695904187496685
0.05768069095988849
0.04949934245504731
0.0228658489932674
0.08054925154190108
-0.1663414610293154
-0.08988581972682658
0.1128112039670233
0.03103059033013761
-0.04950284210848743
-0.03150465777094643
0.02203459556707148
0.02616566865228987
0.0001937678643288906
-0.0231953863164191
0.04841032813989587
0.02593619368095578
0.03342859647341332
0.03187732679865014
-0.06320072005200891
-0.05410060525525102
0.05587287687733773
0.02958239359424882
-0.08351849324830538
0.04945409572773858
0.09400219299901046
-0.04137649094565694
-0.00368144920021413
0.02670813969338301
0.03162994674635229
-0.01987833722414716
0.06888037204854583
-0.1232759520749953
0.04347295817423928
0.06114909450627083
0.07554319014471127
0.04768935002694845
0.001655229130566486
0.0002023526532698829
-0.01133018660105214
0.03633466812388441
0.1518149874275193
-0.009053648981325282
-0.1639599107835849
0.02533159141827138
-0.033803696340683
-0.008825292475764045
-0.005139420293825799
0.03808758849912811
-0.02153377341755259
-0.06394232925781979
-0.009786776148337159
0.039295682783756
-0.01727806693257977
-0.01323414624291981
-0.02689404911180411
-0.02121220410646983
-0.008915527178993091
-0.04897153742715568
-0.06574084901240362
-0.002344144193461045
-0.001096191057915117
-0.0409165002843838
-0.004734060013823017
0.09816510705199877
-0.1330138599671185
-0.06828594861844736
0.03421405278539456
-0.08382232125259685
-0.1284095747702229
0.09914148805684839
0.1532030212354702
0.009885567084795426
-0.09157026281025318
0.1504292301338036
-0.021327879394375
0.07961030518770247
-0.05859058422680871
-0.06137433199039732
0.04060511779096552
-5.991477529165151e-05
0.1175490980821866
-0.01873909405432189
-0.03770495522071139
-0.01175335678622254
0.01669107083196145
-0.02200133135123201
-0.01713759203084584
0.0764364356944208
-0.03141469936960026
0.085877926672353
0.1234704462255744
0.0649671757973076
0.01849750900019173
0.02120420052317099
-0.04104323433657894
-0.07077538493866518
-0.09756184917897712
0.04266527352015927
0.02579827829466394
-0.08253375253679698
0.03262807457020755
-0.006798811743477922
-0.007974389074628082
-0.02017063122195524
-0.0386539136726386
0.07355971043171049
0.0004436359016282507
-0.01616110369558387
0.01019323745513073
-0.04135227661698031
-0.02499494089267764
0.02964202677219159
0.0144055943878388
0.05550244482778403
0.01986448162970875
0.02680999413388032
0.08740509515014157
0.04207422977930739
0.007656383831944807
-0.0243243165847008
0.01584190896959333
0.01725332336160254
0.1046083046109809
0.1415392101534942
-0.007359394662550708
0.03436030845139738
-0.03030722392434461
0.02813488913257997
-0.1239607361735361
0.06666695944412154
0.002903183190371725
-0.0165337249166236
0.05605199794109662
-0.1065636183710951
-0.00817570866523089
0.09109436634454285
0.09170731710215088
-0.03105133506688987
0.05543345007034824
-0.008553613018492154
0.03809393251729697
0.05002920322050795
-0.03581888799822093
-0.04253995648091169
0.006387357867958313
0.07334581978442577
0.03352078110387423
0.04537977957139995
0.03654900167777742
-0.09416763271400254
-0.1020252929991051
0.1183919741908496
0.01389815530467258
0.05732957111557074
0.03826547086117773
0.04492245062204279
0.1075030193561256
-0.04888068240910883
0.07329313397135157
-0.01131888975872312
-0.08910990322446116
-0.03751354916383092
-0.03160750283041
0.04489167360125018
0.07729821343157935
0.02521205090457976
-0.02921233904548923
-0.04591669745122566
0.056764518564933
-0.0791817363996842
0.106173334313746
0.08363434084446249
0.1410963469420224
0.04976253448235173
-0.08831654658542655
-0.07251312966876208
-0.001536996985878914
0.03708300819155473
-0.04551559888153031
-0.02920598729893629
-0.05489561697687037
-0.05244118404552446
-0.04472862059638844
-0.002482350753100706
-0.1088764010106135
-0.1678508739326482
-0.01501157800645041
-0.00425146833523142
-0.08770764269412622
0.006415640660336369
-0.09758940594617546
-0.001051486272488175
0.08879240251064374
-0.04771188197965022
0.02479671416084432
-0.05886177566913682
-0.008527849384062964
-0.06984644084887612
0.02938706482797119
0.08879046100623722
0.01638909727808934
0.04004112203655111
0.06935408526917747
0.08587658814463037
0.00130645081984653
0.02590550504557627
-0.008873798211706902
0.1487661374069164
-0.0464623602417889
0.002473150793414834
0.05173306196586731
0.1132159693166789
0.0580484712345049
-0.09613181664725301
-0.1010315744863795
-0.02762264887106222
0.01324010617917756
-0.02796194956467184
-0.01232848475824365
0.0736758258729219
-0.0227151482410992
-0.02949172031966178
0.03190018968089076
-0.09285982188274222
-0.009487706517990441
0.062426176623435
0.1052282952876378
-0.04353618499911441
0.1203765506615527
-0.1297607483741942
0.007318869881627308
-0.06380351249006365
0.05826995948845515
-0.02655307912856654
0.04523117307770351
-0.06674678124591141
-0.05140807512114175
-0.0892617592084711
-0.004613021546598236
0.02225542122668261
-0.00187034733504984
-0.05626425046694385
-0.04202947893945264
-0.07665947055066921
-0.02787346258594935
0.08925558969329396
0.03890966947522103
-0.03399515529357176
0.03149109519053405
-0.0775152668499009
-0.1143934343525231
0.06095310091498882
-0.09090219002677546
0.02065175554600193
0.009474180386309785
0.04013050001549615
-0.03769573874266741
0.03937915294079842
0.02020063057366253
-0.0579459486288066
0.07284599614481493
-0.03879627157305768
0.07573173839760722
-0.04063159090307714
-0.08079982219204149
-0.04953750782620373
-0.05671210312547433
-0.04977822987453406
-0.01392286649148057
-0.08182537417979507
-0.04689365360272654
-0.08636590302598407
-0.07117476970491469
0.1146470310932456
-0.04970964960965561
0.04204804051276888
-0.01549200391833313
-0.1030828430002794
0.01496392743391105
0.118412909710022
-0.09855560785202172
-0.03507486055577393
0.08659472695116274
-0.09826271329111912
0.003189370852608078
-0.07387016936096254
-0.004809260187422955
-0.0926663152358911
0.1020035229035566
0.04293498183664441
-0.0442966067587515
0.0248451947365285
0.05703749826604071
-0.0966439156568927
0.02091287447617347
-0.03873441956789316
0.1464226933940175
-0.06133652412449173
0.06946945616816816
0.08505748290836468
0.08912108768990452
-0.0213815385303662
-0.003480806595250616
-0.03467980785215663
-0.02220454060598977
0.0294902780775079
-0.02864462408909085
0.08011786441378067
0.07343851931794457
-0.03352238886736812
-0.05664546654878308
0.07316136331314228
0.03984885355375735
0.01314101414301566
0.01178925103858538
0.02771580396905401
-0.01312449739685998
0.04732652836762253
0.006316805660349402
-0.031574843192399
0.04580363311026998
0.04372051689010344
0.003006134295885823
-0.1094792234212979
0.04158614646230239
0.0505959169946708
-0.09595370923723529
0.1231489129603548
0.03002169961786005
-0.07067960603987201
0.05886664182043336
0.04857490485874871
0.02469176306525141
-0.1113885929470484
-0.1803856532116691
-0.09386105724833435
-0.004748267400936479
-0.07635482011437443
0.05836355229336836
0.04162950833591327
-0.001028581224353915
0.03015393316473295
-0.06357747840798342
-0.07769287871853428
-0.014461756907847
-0.07816665290214417
-0.07464759624174938
-0.03689521698811844
-0.1314785875505307
0.07396082868196008
2.760638073476263e-05
0.07185993677667718
0.02878587857036304
-0.0353345794428583
-0.04675549998016992
0.01507589636874142
0.1343465803990806
-0.04217131485997847
0.02263964112638633
-0.06113247318814397
-0.0250854414519364
-0.04641034404197876
-0.1962583065887887
0.1008878081636092
-0.01567113930564937
0.07511979155857217
0.01147879369530608
0.05948495924661278
-0.09362179725718123
0.01262747610987797
0.01944250355072276
-0.03745245111997544
-0.11438709124144
0.005660788328210223
0.01174618932478579
-0.04212248613230098
0.1298667115838536
0.03186696274556349
0.07856866913678912
-0.0751024867963814
0.05595736624580876
-0.01786328724557665
0.02773613336841451
0.03268114418757247
-0.07375176647033546
-0.0185736277764558
-0.006068725000649981
-0.085934346444695
0.03331521646940995
0.05752858603073523
0.0381614946920768
-0.05913756705166054
-0.03996788619292288
-0.04570847368811488
-0.01289371483765804
0.05020539580831458
-0.04733513503883079
-0.1161326688062666
-0.06477477009107845
-0.02064114406295288
-0.1496760552613354
0.09728420345149827
0.02730481228003937
-0.06664017086901367
0.01801723931336065
-0.05910419310994403
-0.1299212012254992
-0.05027896324556336
-0.01845850491638641
-0.02534993538915528
0.1193577302495706
0.07502630264234078
0.1110172624187791
0.05040549125590298
0.04863280058158043
0.04479818949417306
0.09488080278195947
-0.02777957953835626
0.02687917887506769
0.0365219789410943
0.05377322081424315
0.05456798402507517
0.07696008743103908
-0.04405518806067336
0.03813639687014143
0.05889680077468298
0.0815698734193506
0.06219384998671947
-0.122369448299766
-0.08257137132963516
-0.03514538401071252
-0.07949624547812925
0.127700970047139
0.03848496540347055
-0.06147507563041837
0.009547716547321158
-0.08556495439120031
0.007001440578420608
-0.01883293301196099
0.1046418593570218
0.06831397154991259
0.04311681593511108
0.04170396580218406
0.0147744244654446
0.001986947876839803
0.03609720658042873
-0.02606167539359643
-0.05955370293347997
-0.08770867779420423
-0.05923694552878662
-0.117100186520585
0.04470228830952474
-0.01311921122545943
-0.01577372918027963
0.004348449891592821
-0.06268386714122924
0.005190583501657561
-0.02862287578670834
0.08253572671839822
-0.1395700628770944
-0.05152109718047736
0.04006115738896671
0.0471506472935089
-0.0582416115388612
0.06825417921482181
-0.1103813762428591
-0.06957255781963317
-0.03204788786979056
-0.02192896507668982
0.007133800608778423
-0.04983063682916671
0.01298608250770841
0.0864056288770024
0.1074475208893614
0.03485724933485018
0.01012017306820273
-0.01096567966641406
0.07764962105615483
-0.06564529633276805
0.1159226554777179
-0.004599278353907027
0.07208522411310343
0.125562197424537
0.1007014527245583
-0.0805573819815923
0.006178209915366516
0.04396712062223577
-0.0438371269283437
0.01195315928021675
-0.02533350042144333
-0.01894105183179407
-0.03500698219242319
-0.006094181692862823
0.06858595501531557
0.006050981879737398
-0.06631195550768873
-0.01642691782121283
0.03504051894703994
0.05520345999387931
0.1019113326688584
0.03560422504882019
0.003034820472411614
-0.004950785580691258
-0.001068353694662388
0.02645421642830605
-0.09671615660045541
0.06415650523537583
-0.08259915769190986
-0.03083311276242673
0.03956024240006842
0.07767616831292778
-0.004823959708819658
0.02503781215245109
-0.04303675525016238
0.01214580045060912
-0.1291641246559428
-0.02737194121774301
0.09549493724415629
-0.1490878857790718
0.04418323508181082
-0.1507121520712783
0.01443412942913248
0.03187339979333521
0.04276562615254084
0.06093829305831644
-0.02408717196214847
-0.04918214180239985
-0.004002977820006137
-0.07150321072682084
0.06606951806084158
-0.002222117090443527
-0.003248523559815468
0.05853620695428655
0.0799978633125264
0.02519153211884023
-0.0212022479594487
0.03778189793681534
0.00169096106723318
-0.02549132655765958
0.1512024415517276
0.02332241019411693
-0.04257786263218196
-0.1155513176379665
-0.04566141418904236
-0.02846764746820729
0.004809947461489401
-0.06701174197073054
-0.0959745263764864
-0.1055666291170981
-0.01635999636656813
-0.09927593380666958
-0.04978626657510631
0.02208678068510204
0.05602610768997572
0.03171025378435047
-0.07231158305369904
-0.04912716558858123
0.04510007533965461
-0.05835446592946069
-0.1096792262058535
-0.0599245840470632
-0.06694166445012847
0.0705558158421296
-0.01418020575801671
-0.1176082425435034
-0.004735849319569441
0.08513841867729023
-0.05233810044499106
0.07035968827746
0.08450954583152054
0.1076056036118888
-0.0783186489741371
-0.04134702063518864
-0.05379059114148892
-0.01764532984070004
0.01731586788710506
0.001848675207516927
0.0788791565160599
-0.03315574857597688
-0.02180616494218974
0.09775959642755916
-0.01619525965807867
-0.05984049763140088
0.01875731287743878
0.06868319020335387
-0.03069494906812602
0.08918299512436592
0.03546656002027189
-0.02122469815500605
-0.05408136638576405
-0.0262899887407568
-0.02765192088137623
-0.03219595379965908
0.02148168604973324
0.04667286266819018
0.07118963118328811
0.008965698217590109
-0.005412001849271389
0.01702962357447102
-0.01126072762000056
0.008042802136195751
-0.02708123699148234
-0.01213167791720262
0.0955546433068265
-0.09676789413271539
0.003474398651572851
0.02928115927086355
-0.01638124201044597
0.01350721605171741
0.1786509476921226
-0.1068617042001652
0.001482104552009842
0.07559331629861088
0.06747876779362796
-0.04108047851615089
-0.09225109054723421
-0.05257986304645645
-0.08002250531322559
0.0007741835624140575
0.0515307502887962
-0.03843832234790973
0.02399313303748134
0.01869047685002731
0.05193618481302117
0.07355355610876102
-0.01869108357938511
-0.02010685163217829
0.005983140082962204
0.03611199818596912
-0.07792145492956723
-0.06111335394581696
-0.1007898502518284
-0.02683966767417274
-0.02591859769736099
0.02059753244181732
-0.04350532919390473
-0.03637913174790822
-0.01403142674436725
0.08205046683104947
-0.01222526433548302
0.03556024928145705
0.171477520773722
0.05397071327650566
0.01527448371991032
0.04108123846922235
-0.003129677835007321
-0.05147781700354394
-0.009504804350747575
-0.04847697810451303
-0.06807215309993483
0.03288349663314423
0.1002756066958765
-0.03288889856903598
0.07921373772449669
0.0351106281008224
0.006240284016459305
-0.004297346655750288
-0.05296481057389003
0.02270617998145645
-0.2089011892369731
0.05326862148991431
-0.01334995876518678
0.04294478830008737
-0.06847301284763999
-0.01308050743460084
-0.04091550409734808
0.07419298110011283
-0.02724001598062836
0.05747706435493317
0.1145439247517663
0.01587935483461513
-0.07738242654876859
0.1903528341754538
-0.03964866407461563
-0.05896820378277379
0.07575776904942569
0.1425077974003653
0.03142692596317562
0.008452359685804486
-0.0461840417270952
0.01662786215662516
-0.02935206325968941
0.01032787454214241
0.01937417364824959
-0.03974664850204365
-0.03415059405724279
-0.02413646423273958
-0.02716867325277541
0.01514480214575249
0.04373179072136253
-0.1523028783275138
-0.01728758519529073
0.005439869604797743
-0.1498821649876616
-0.001770932859273162
0.005783482938809648
0.06898801094031407
-0.04004094187624879
-0.0167651822002689
-0.03336551459487674
0.08206118801365275
-0.02647149547668472
0.04004496897334649
0.03969803309728988
-0.02772999900585098
-0.06156947559305684
-0.03602487476302804
-0.0166640254837022
0.0414400298260881
0.1117398961673857
0.01596382416118601
0.05322271526233451
-0.02705318149567947
-0.03800160578834294
0.06976187306189692
0.01568429246934917
-0.03410123473327868
0.07512352503981325
-0.01766692023522931
0.08754647090233261
0.03423366860572159
-0.02221927970046919
-0.01421498986603615
-0.005587131055184425
0.02717033277763076
0.0444167187613002
-0.01296675857810133
0.05092560969609704
0.08317837030889895
-0.007003070706887812
0.04456591699448564
-0.002280892026153955
-0.1203881493161522
0.004652340274232652
-0.01545293743801406
0.02996447453159656
0.02727176210582843
-0.03782530831940964
0.1156714502144229
0.1032704940780462
-0.03321700624665856
0.04551029270822921
0.02311016404492719
-0.03217805745338183
-0.1441695086166678
0.02847074627300472
0.02592129320941527
-0.02404946901723654
0.07504625137959267
-0.03177521027270416
-0.06348861175862913
0.08855371923086591
-0.0132603849822781
-0.006364280329847906
-0.03659103782201557
-0.05877150204148977
0.03926144129587137
0.01733919409804024
-0.0480295109433195
0.01753631036711729
0.06794124834005755
0.0646352379012345
-0.07781450241216958
0.05201192257803677
0.04383647999180151
-0.005669938851311198
-0.06843307859781891
-0.001568947764351049
-0.02037699364794439
0.08473023884513892
-0.0807507322554181
0.06186938193565729
-0.04759119458041666
-0.1246803646771709
0.02682754520776706
0.05060698215795764
-0.07760219949801611
0.03999927097072552
0.008302683813817328
0.03666857765375009
0.01478028530963708
0.003575484734255129
-0.04794431650196064
0.08688931819948115
0.1601547296248455
-0.008272796436519278
-0.02115882172787381
-0.008529693478122439
0.06367798189073448
0.009263320827425731
-0.04037142970383616
0.09692637996297476
0.002847569672199606
-0.05645825660220698
-0.05739853149403583
0.03296423544639255
-0.01123604307319279
0.02301917648630844
0.1043320042929924
0.01310418888970235
0.1074093060776938
-0.0332339102135666
-0.1029479827365788
0.01148747375154375
0.06184498619062695
-0.06451324669091921
-0.04469449017186275
-0.01754259673818507
0.00349583804875358
0.08481017846939087
0.01731369051711391
-0.1089685329254575
-0.1013123310869234
-0.03172600161917012
0.04305308601268986
-0.05778355921054236
0.03269987480593191
0.07676632157978687
-0.02236478385023666
0.002306348536074254
0.07127987695264268
0.02641392608032372
0.05055202518140217
-0.01341664563169901
0.03641976770382266
-0.03838257704719249
0.006041275009842084
-0.06584159787248883
-0.07698882500686118
-0.07297626637406959
-0.02656753889994604
0.04565424089548219
-0.0339663430820227
-0.04366290894140223
-0.1366360479921781
0.003256398385928998
0.01697033430343937
-0.1005832708528821
-0.150244414619295
0.004341340288689592
-0.1346877814547291
-0.01789538471749666
0.03381268941395425
-0.01959077389633675
-0.04865916511485593
0.05054795848664137
0.05870757832935173
0.03338878873010712
0.02021037290318822
-0.06092775907533548
0.05542743745230054
-0.05710044383290248
-0.06042031313587014
0.01733766335165037
0.03404839703298553
-0.01503729225453919
-0.06472834239600211
-0.0420942263796509
0.03723112783932658
-0.03207650263629843
-0.05330277299060555
-0.04061365930551985
-0.0811193472718205
-0.01603529721701928
-0.1232710076484016
0.07905495563820725
-0.03372117557192689
-0.06920887188092202
0.0220129697117974
0.002731980319616745
0.03450434014942871
0.05680051767918055
-0.03122385827500675
0.05242253224047556
-0.07396896677440021
-0.07550788875866384
0.007192971249095115
-0.09134129910180001
0.05484861345841158
0.08727992394272527
-0.01372900005486351
-0.09417034994439571
0.007455332336521493
0.02614461997025663
-0.03587996052004711
0.1044385342651586
-0.06302498895651978
-0.003747478375832961
-0.02343834243750594
0.007024825258337218
-0.006203241505677963
0.05263217217116278
0.00971427869468032
0.04950465311252929
0.01047918359337633
0.02662070296508424
0.06932685223884014
-0.04340209019230098
-0.09304332845033077
0.07839397358464753
-0.05353194380328177
-0.02140424348691949
-0.04561904758150243
-0.08029845042028629
0.03927124118759037
-0.001754141696114311
0.08170844033813769
-0.09013087914568965
0.1024157780097135
0.09823407736829998
0.04147121774622836
-0.01281734978924889
-0.04688427075896204
0.005034032305232326
0.04396484666586528
-0.07591769879077233
-0.0002363962690592955
0.01543073313979652
0.06347208304299735
-0.1187254804466721
0.01192579573174928
0.04246553855839102
0.07566808799924664
-0.08135386360640109
-0.0610604346517202
-0.008768419007437059
0.06807005738270287
-0.02502105819113324
-0.07350848199441137
0.04413363435992598
0.02009661923126004
-0.03378914418299629
0.02584262459355954
0.05444470816334143
-0.06722778795086495
0.08266174664162988
-0.07583708893735083
0.06937028865722877
-0.006671649723953711
0.04346552924033927
0.1502675062811452
-0.05726103768383296
0.03073885624724541
-0.1267025352005018
-0.03931208527425133
0.08339781244794707
-0.1157661960640381
0.009470618945616752
-0.04276951457260156
-0.04209651498038586
0.1092131085180739
-0.016251337837704
0.01960904379670506
-0.1277538248489723
-0.02756605236619942
-0.1077757267682441
0.08748905377602317
0.02108485826530932
-0.06770511029074895
0.03375990455071731
-0.03605266542694768
0.01224851383970779
0.005484838128999487
-0.03628445494519448
0.04985959402999281
0.08165730399602845
0.02256694141830895
0.01077366231753909
-0.06081487152555583
-0.01111373966589468
0.01085631270568059
-0.07630693604818134
-0.009590411019139072
0.02284475765035522
0.1001984828530186
0.07886199559461712
-0.01097882633205441
-0.01109541030472772
-0.005657304497146342
0.0691483624894239
0.05242905750046054
-0.001148193028903014
0.05452906499723956
-0.01754122279652237
-0.0110376804171012
0.009865864734186963
0.03258914015952685
0.05105263607991389
0.005648080947398219
0.009564892124579711
0.06804246976759962
0.05129776564564322
-0.03508581716320799
-0.008607422673440022
-0.05998165165415631
-0.1153870271808227
0.01318574153755215
-0.007770462326141397
0.01271671628344154
0.04168862835814024
0.07407799575928165
0.08370371845614195
0.007494981428808112
0.0648970329579338
0.07046186460199126
-0.01075281691004948
-0.02780432637786433
-0.01231025484480265
0.0830851549512369
-0.05323962081520939
0.05557692673479997
0.005536201822051574
0.06149140405126628
0.02173438260328347
-0.02107680584567863
0.02239135598634977
-0.08124639948659132
-0.04375489376124578
0.01323536751567561
-0.1259394352205923
-0.10544830063808
-0.1071032819489799
0.04469752127193461
-0.0829218426721086
-0.02677977802010442
-0.005529606191576129
0.008022531193752805
-0.03336439284240616
0.05179761324015252
-0.07156821369327591
0.01379018179158438
0.06082657856232021
0.05447765326037817
-0.08614618778596468
-0.04288694898530659
-0.04952195360643002
-0.1232492763479099
0.003294500555845205
0.004023807479984761
0.007023739509806132
-0.0445379346317833
0.03236923436327636
-0.07605152288948833
-0.003905343318003913
-0.03118179909041177
-0.05865437302283553
0.001067646148314469
-0.06737687506741279
0.03907305709048677
-0.0202539048168521
0.101490901020258
0.03653324320554621
-0.02381890603165288
0.01474860464281034
0.04394835027899319
0.02684297352394367
-0.09063296235649541
0.11239509169883
0.114370125996016
-0.0007410060743141302
0.03198815895223612
-0.04033973115393627
0.09092004412049112
0.01144037538448315
-0.006662531443386899
0.002700696056758928
-0.05774913849155395
-0.03006589215874492
-0.008413761678808272
-0.03398740374900406
0.05999920395988913
-0.02826954475123492
0.09035169966710142
0.007289548256210296
0.02101920764849446
-0.02048046239827565
-0.02934246651229762
-0.03101879350305109
0.1059909792373872
0.005224608492430925
-0.0317345994271529
0.04830143722416493
-0.09424149217058872
0.04492362826062947
0.05559653651075309
-0.01829223498476487
-0.01737547478374799
-0.02442621262826479
0.1338913391312751
-0.05295905696224644
0.02306031324328514
-0.0423376534997832
0.04224688940457072
0.01281504167302755
0.04275772268679991
0.01866209573957004
0.02757711389119431
0.1431057481444684
0.01257610360416492
0.0827428781300858
0.03885433508482977
-0.009139885919044823
-0.09838695643185863
0.05690812729746501
0.01030507164030395
-0.03431444970838649
-0.02144057967160242
0.1054546855565357
-0.04314301417834403
-0.1015454933962794
0.04424171692540846
0.02133505170351423
-0.06260369286056819
0.07976028370182561
0.06026915126923194
-0.02026716120891146
-0.1397415839234162
-0.05813702759648667
-0.05069607728492552
0.03993225398030083
0.03900241828838837
0.04379000191743872
0.07509325441163514
-0.1304107449188985
0.02776304121845026
-0.03821820100239755
-0.06004676706864892
0.06557092212459797
-0.007315906158077472
-0.00172487239679971
-0.07836988576231223
-0.0306810119557053
-0.08787806886329678
-0.01148793462305082
0.1534741706439422
0.05763582951310689
-0.0604985470538992
0.0578248643229449
-0.03870284953191162
-0.004026339915366897
0.02171436524072781
0.01899440807130686
-0.02652427413586861
-0.05916817660813579
0.008429652740856095
0.06260165141014098
-0.06068807362091351
0.08311738721186913
-0.02377200066531827
0.01762216382026751
-0.02949291677805918
-0.0007523768905622237
-0.1105070855639413
-0.01314136451390034
-0.05972114188871543
0.02842036075687527
-0.04271582992582235
0.01157345580834588
-0.03735654329278466
-0.02129311362801329
-0.06448166406028172
-0.01599492477495985
-0.03290141279099017
-0.03403393356160152
-0.08227311393777939
-0.04928123033360321
-0.08052212395522054
-0.171994069969864
-0.05959399613510087
-0.02458275798575233
-0.03747428050716416
-0.03862854321277742
0.05750381508439786
0.009241319042569564
-0.04034389605462634
-0.1175559241912638
-0.03183288918742906
0.06051416182786366
0.03810609746354349
-0.08682738031408407
0.04822593020309777
-0.006354607369813088
0.05408994561628853
0.007345609390583218
0.04988813390462218
0.1295125701008351
-0.03462218895030148
0.07060980078556393
-0.009702125860516907
-0.03535192715533409
0.07936898354080754
-0.02094004330299112
-0.03307252327712396
-0.06949530095578524
-0.07780947189188175
-0.01062119990790226
0.07342050121043911
0.01553635438566679
-0.2136033976435819
-0.04051261883280022
-0.0346141701477523
0.03738927121248744
0.08076411005577808
-0.04495243221491454
-0.05746698385025279
0.1274981928606874
0.04853614572843283
-0.02445058455187353
-0.0239884680748654
0.02027124079952666
-0.1028606196232417
-0.02592899449301196
-0.103796981414024
0.01126604325293179
-0.02312975398805317
0.02426486041133667
0.05366775290733812
0.01102792171667706
0.1493880672343137
-0.08790259839038463
0.09869334783227245
-0.02866572869112716
0.02199081533629063
-0.03898803361163539
-0.05261182635018812
-0.1163451687316301
-0.08920599785875147
0.02452008875225466
0.003145874987427917
-0.01421268307483871
0.11172048839332
0.06883235317485677
-0.05638572190988304
-0.1213017712817329
-0.03540382196115893
-0.08127395399631063
0.05250536728150888
-0.07504146004769627
-0.08314469743440196
-0.07365674458000235
0.06401001443902145
-0.0302299299525432
-0.0850458363756714
-0.03806576822552388
-0.05228497477454878
-0.06223797596213605
-0.01431987016681552
0.09485716593183455
0.05120865880727342
0.04211993563175995
0.04168195864446955
0.05482832452106875
0.06182412171609897
0.02232758693275395
0.08092897056386644
-0.03603790562159648
-0.04455397174097351
-0.01850659665366252
-0.03669094214983856
-0.002874387585494513
0.02037156430676349
0.004941293904200082
0.07914320219242998
-0.02030332696734113
-0.03302024619675882
-0.03765181112097604
-0.06368793594405232
-0.0001876548052120036
-0.07816433440376752
0.04951099066066494
0.07984768106010862
0.02964025408410171
0.03052623205777179
-0.02957983486053569
-0.00453395289822222
0.02344130345846415
-0.01441250108847086
-0.05986312053343545
0.08257767757350677
-0.01290549369210739
0.04259279736516886
-0.01250930875865591
-0.09888411585251752
-0.02212968844838455
-0.01448771676131535
-0.03469329996758656
0.04135188713963269
0.06808769471639507
-0.1294600940413941
-0.03716146320323403
-0.02620939792793326
0.02537660662238182
0.03110709146794854
0.06685287285320632
-0.0239748177254139
0.02303068142249345
0.161703018231612
-0.07962403490836657
0.01019654722865044
1.767003458150174e-05
-0.006178730694673628
-0.05395948369496184
0.06387036701665727
-0.06623173633441101
-0.09880373165965965
0.02932171122735155
0.126006479707153
0.03012945201276496
0.002019347414307884
-0.01444914809283462
0.008433678773242106
0.0335267770626398
-0.01440629567152295
-0.02409058931305914
-0.0572321552662117
0.1543037627371019
0.02524386786131309
0.07881542130804889
-0.06814139822584565
-0.06136855935407796
-0.1104692133641413
-0.1433286138712388
0.03498239205218007
0.05058646377415051
0.007696259629809778
0.009094691419082132
0.01919131973156201
-0.01189599097263024
0.03228533858494502
0.09634207260533736
-0.08855248507179087
-0.0433850398137591
0.0540569559577225
0.06273492556351154
-0.05699617570842066
0.0610299553804034
0.05048215066730836
0.06882700303950585
-0.02647393807148377
-0.08312870740904393
0.1307043728065317
-0.04191377632517188
0.04162787014166058
-0.03137008193044177
-0.04289257218933082
-0.04040648493927031
-0.01692785422275607
0.05481278586580519
-0.07793922628295785
-0.1028564808961691
0.04820230284844859
-0.04028385966668253
-0.08249936805964896
0.002165601018015113
-0.02996365332763445
0.03527830300006615
0.004488148012885253
0.07207464331015925
0.1113691408272695
0.05070138258997306
0.02870858871639902
-0.1292211712975569
0.0500707713716507
0.07137760593523222
-0.08945123955758556
-0.1901969081151022
-0.03939392709916938
-0.0446696315642212
0.03506656861687655
-0.135427385536948
-0.05724828212271281
-0.008638556985829944
-0.08401523131252747
-0.04620146536538514
-0.05137623057115262
0.07931765885733713
0.01253127495444208
-0.08285522722743184
-0.06524563781670822
0.03472666012907107
-0.02799449751616626
0.003898785299346497
0.03495277385068404
0.05525719802952261
0.002079081470709527
0.06323659566508531
0.0643614190261674
-0.06838990453515742
-0.05769267995327301
-0.0109991080703427
-0.07721196973597387
0.01267096218303696
0.06560500165589071
-0.08814226612848988
0.04841954026366374
0.005681112601604747
-0.05398321217159233
-0.01829793589025985
-0.0759502809228951
0.03515407843594986
-0.03117358210768252
-0.05134404485751403
0.002688651284003148
-0.08688966899187535
0.02231674428324818
0.1336066968804774
-0.138487364944825
-0.04532641531356429
0.1137307576749547
-0.002549121696234995
-0.02506369467542686
-0.009144394226338518
0.07457764083011525
0.06624048628045796
-0.1018654315416829
-0.03622271156634203
0.01407568002979365
-0.02533670093519925
-0.0753105737532405
-0.03331467167634268
0.139484968036133
0.06302879981517331
0.06848958647085128
-0.022583352483454
-0.110202365625089
-0.02425043032485749
-0.1188042306048525
0.02681254485234694
0.04382946149874336
-0.1179657126592304
-0.09747053952462903
0.05967018657968431
-0.07340862390814419
-0.0749130266743287
-0.00478049042860686
-0.05556811528749565
-0.02192855983998528
-0.02248127212207592
0.004501234736553131
0.06354446568914861
0.03936390395316761
0.03359893585918544
0.02576275673417379
-0.03654615088566051
0.06675350143526032
0.05888996085425204
0.01217160687958108
0.004475623116720721
0.03919371986154546
0.05141708375980741
0.0009643385172224475
-0.01764865439044963
0.03698056654436137
0.05062327202954254
0.008439324746042115
0.0114505590384344
-0.0071149459112963
0.02619177269899187
0.1098798835324984
0.09892796076014493
-0.07698477014586119
-0.0587361109726818
-0.05143844221541303
0.02476426843110467
0.06342782183330382
0.04144658805706768
-0.0115990427551489
-0.08499858040646671
0.02201163425275771
0.02239010322002632
0.003465803066586923
-0.02841181671864515
-0.07609261817800325
0.04919521208821465
0.03874741594129305
0.03108222373665517
0.02602431466939939
-0.06333494902186851
0.08939703200290251
0.03936181054549961
-0.008090934019971682
0.01359971211788626
0.0863027735869
0.0448381187282178
0.02199543166205295
0.01739571115795536
-0.01244823824434812
-0.01981576106349837
0.03885047197600525
0.08798817557140806
-0.04408732834421747
-0.04076123991662862
-0.05062303415814428
0.002795963976718177
-0.02891557604368778
0.1131042069156964
0.1364213386910025
-0.03676534845973837
0.006897174916648832
0.001378614043120528
0.09189560981533269
0.01475552394476045
0.04515488261570202
0.06924561003283711
-0.0123353202304757
-0.06161295565764896
0.06393338687564992
-0.0009651800026435411
0.1076690422947506
-0.1456776411122759
0.03022536076286667
-0.008170022598493342
0.03188791653576124
-0.09004725281743654
0.02905498835883908
0.0473189997133381
-0.0771145244517861
0.008020392217933993
-0.07488799021784409
0.04614492463368352
-0.05591301303191265
0.04198838471214721
0.00661934829554197
-0.1212169636438887
0.05745352856770621
0.06590323248408608
-0.05502608062024213
0.02207142880194065
-0.07442940456918003
-0.008172633941541245
-0.0788388377184467
-0.009506524091869778
-0.01957399752033697
-0.07611631918626757
-0.09368527994363246
-0.005117432619634297
-0.1000045753761737
0.06008070380587775
0.06087817106315235
-0.1266948988208159
0.00625055203157841
0.08590132275574401
-0.01086771247902064
-0.0468468069982642
0.09511748846134646
-0.0792757644363962
-0.03070178950739157
-0.01642153280010643
-0.02692157445939429
-0.06576641591262758
0.06554616580175987
0.0925090225514472
0.09230679726869179
0.1082223602285633
-0.03243848659973898
0.02946209404865859
-0.1501989247995107
-0.01147897317583369
0.02476294629872147
-0.03077340185014597
-0.001788119507331681
-0.04548473162034399
0.01944684827421528
-0.07152677910608957
-0.04713249249348376
0.05754066616102081
0.1589282122757662
-0.003127501250886032
0.02636779920668975
0.04514652747190991
0.06822993500974783
0.02616870149828967
0.09302912770639986
0.063997890552158
0.05761793905875899
-0.02961767058471263
0.124907395149722
-0.03355576461606224
0.1344866307291361
0.0274615183108242
0.04763397836418536
0.03805284153030896
-0.006800180147784302
-0.06631505612925467
0.04915344267976076
0.007796966761569855
-0.08664995885832061
0.05547754047991294
0.1204137620768605
-0.01791647032924844
0.07813832966085973
0.00160601211189047
0.03831486662895489
-0.03113474987499939
-0.03729055011652439
-0.03773225351033439
-0.04041697235105295
0.02496458567280248
-0.03037035500260925
-0.02224030933440941
0.07021185621652326
0.00107953106299735
-0.007618443265529164
-0.009124971719599972
0.0500843976441781
-0.1238041191529131
-0.007512059223376805
0.06523144378845819
-0.02327173786885609
0.06001502623925395
-0.09525788360330081
0.03373058236789904
0.04655920646567269
-0.0842161844223337
0.006197447869534405
0.1310461442558656
-0.03605119967984112
-0.03765405543738912
-0.0351572665797292
-0.09179377799757976
-0.03421800653475961
0.0209499077363398
0.02904665656141445
0.04086771256989681
-0.0557327607662898
-0.04861588658826602
0.02809009087613192
-0.03831358232252988
0.05972595946457183
0.005626913257784904
0.03597224318677585
-0.02586901664119419
-0.01059946049089873
-0.04013823143319657
0.05372668345456667
-0.1075496978632896
0.02748834223451838
-0.02020567430882202
0.03792252776601813
-0.02331128552027229
-0.1559712613128372
-0.02486101202185089
-0.105736918785633
0.05733443140386994
0.01600819622876619
0.03249017998936685
0.1133552593786662
0.03624058826401265
-0.0082805822268237
-0.05707648923905711
-0.04987120965898742
-0.01205929005416906
-0.04449804747847765
0.08085343256480894
0.01520076274484751
-0.02048071262382048
-0.006977504144206391
-0.02579259243573015
-0.07413356831994029
-0.07263185332062644
-0.09895640461937763
0.0214944124573687
-0.01951741882928558
-0.03490535284403203
-0.00383728865478862
-0.04124534607435077
0.06028927197600321
0.03458310202968612
0.07394185227650965
-0.05435527978408024
0.09225134492026141
0.07413232824958954
-0.003103750591722871
0.01931439138663656
-0.02695569748510331
0.06524992939160665
-0.01573739573642951
-0.01681825441653537
0.05380211120233687
-0.09398864027362233
-0.02167333606171122
0.05834181352863928
-0.04086766647441283
0.09022222529583379
0.009093743708737952
0.0054184151970405
0.02954325844892371
-0.0623558322090902
0.09429145906147546
0.1596502269149285
-0.01686251384753726
0.0582060443354916
0.004946451675360258
0.1339029162760833
-0.02303270641885975
-0.1031502029744665
0.007447881748916731
0.02191225080642179
0.03144168771972734
-0.1014369005761913
0.001566707236259391
0.01332449971029537
-0.06857004775497821
-0.07529620566618755
-0.0004579667457878731
0.003331490428397213
-0.08177271397580749
-0.02681361580757016
-0.03875360938970684
0.02370286616175246
0.1152067818620808
-0.01748533554595879
-0.04141514344053506
-0.07097824135078026
0.04063212625637239
0.0498645077688001
-0.08063078948574218
0.007656474544774153
-0.02429057132220095
0.04240010319202983
-0.02870373307936189
-0.02814246169563065
-0.007616285039334881
0.1079794848836328
-0.01515289692860228
-0.06013788047085514
0.02035586049312607
-0.02697247107286593
0.01839380180591391
-0.03256558717018486
0.06949609330900104
-0.006156231859097777
-0.05609494115399428
-0.08723075897057357
0.01410034754026634
-0.1625893660188529
0.0266223500219509
0.1662107252173569
0.08881595539174997
0.08416567846367155
0.02888177280900437
-0.06766896822822491
0.02381722327049014
0.02405220879805247
-0.007533483346173226
-0.04966035021991475
0.0427178245673219
0.01715993541965909
-0.03490186958839303
-0.01606163792976465
0.003386423271895415
0.1439009572945827
-0.0001210134310143038
-0.04771012547072015
0.03277367418262421
-0.01144017988487402
0.1096906195091075
0.005352823695544628
0.01902872901485447
0.0216031672536216
-0.1094846236357681
0.03267838514215805
-0.04519712809059238
0.03179991508305943
0.005149634737371435
0.03087885186281395
0.07997453620484118
0.01971292843976745
0.08422315311154373
0.01257327510129411
-0.04054856183412497
-0.002487252663965472
0.08274918473318998
-0.06784018745899965
0.128211966544772
0.1737927937933195
0.05384892363113589
0.142249838073546
0.005115161572348507
-0.05986889577816869
0.08543433760343343
-0.0918031518540274
0.1131688535713322
-0.01509402493716141
-0.02434267302135142
0.02367474553584496
-0.01112489608185872
-0.02863717640440298
0.04933441229209
0.06202209713840363
0.08389838095487298
-0.1205763096194684
-0.03931808667690303
0.01988341418873847
-3.352611291392721e-05
-0.01172261852452321
-0.02324203314182781
0.07054769623024645
0.05982118782950907
-0.08044327643165167
0.0355669322849424
0.04731320416600002
-0.02900462665917879
0.1718227402214574
-0.0169583286175368
0.02799535937318547
0.01712415799715398
-0.04344381025197883
0.003439053018400142
-0.09894265551853033
-0.01581366041311648
-0.003734825738049308
0.02721745968155206
-0.02054492313204943
0.003924160010754751
0.11804192318218
-0.02789213223858817
-0.1115964309873572
0.09720395450526256
0.03417508428854502
-0.03888000819542348
-0.04434743617326841
-0.1656179331311509
0.007945715537132685
-0.02166166598944522
-0.04451333448569672
-0.02313326444404163
-0.031359969087751
0.02253224578801887
-0.0164733574161402
-0.04727127889329528
-0.03553166499584212
-0.07037316969960587
0.071531376393112
-0.1011843386199639
0.0253143494137251
0.06391986231543773
0.02532682959479473
-0.05031327317218932
-0.02856211293716822
0.007509171333627024
0.04258020650799083
0.02540921192439539
0.08581136401087039
0.02223908628484366
-0.0949475069700416
0.03372070863195106
0.02988621296331683
0.05194093795286788
-0.04688529092175531
-0.05483079055501716
0.0001747643388939086
-0.01248547654464476
-0.05987145334378952
0.09459558586719169
0.05156576190856756
-0.06344306982462943
0.04989533457721898
0.06926456905686451
-0.02629657288336141
-0.05040176868704463
-0.05267539920912993
-0.04852771969855253
0.01873961721080867
-0.02123206647697418
-0.003473094015910054
0.02302855728454887
0.05654410115174579
-0.06214859381155981
-0.1059879457804514
0.02773535120016135
-0.01168397925072677
0.004912126530043519
-0.0299424388095307
-0.05250806855380982
-0.1032698075473887
0.03183625437725343
-0.0121040900485136
-0.06941607710546667
0.1408146152846609
-0.001889535441460852
-0.03846608589871785
-0.02286106051198783
-0.1342185256884894
-0.01280058926599274
0.03033490228702751
-0.002291174072449395
-0.1125406022541555
-0.08731894037233011
0.03434917541977689
0.01703348094321866
0.006610629287704981
0.05343347695664105
-0.02479001906476194
0.04660061865525133
-0.09560931053924934
-0.00272007918459264
-0.03061740681766846
0.09018822755926437
-0.01080672989045106
-0.04285816984943117
0.06451300882705742
-0.02512497664739279
-0.0159979545802649
-0.0172138898364072
0.0584292422361888
-0.08392805577978785
-0.01744911708205042
-0.1341714335266329
0.04472922284090122
0.03301170414188383
-0.04193356088960666
-0.0962191684430509
-0.02548701066916904
0.004158445382687091
0.001906941504000177
0.0283356086646491
0.0394807093193791
-0.03146118914063598
-0.02163705462204402
0.1130407849255581
-0.01925068363202345
0.04843026261377759
0.07568087500927707
-0.07254908586961867
-0.1027973873044076
0.06764788080044887
0.0797567770664977
-0.0160202885887983
-0.02797929583978091
0.01161707671130617
0.08490624665974217
-0.03438058601768981
0.03211642490742714
-0.06334984565531478
-0.1261937554199238
0.1006578819340071
0.03097444854216291
0.04953127331077271
0.04078721485631959
-0.03979992475998652
0.01080132715615638
0.07452253819355953
0.1290200917358215
0.02821326824680796
-0.1016197002695583
0.06340457520040324
-0.02037214515866239
-0.0247828258865859
-0.08395460437808977
-0.03559720620917737
0.0203413592458947
-0.0536997152791903
-0.01657832022855674
0.0116304930815295
0.01463782081508198
-0.03531355321509212
-0.02291076681370706
-0.08051966916848
-0.05515688408096446
0.01515876501898427
0.003592410349806277
-0.07612798087870187
-0.03430233614388539
0.02628215879123847
0.08392564027442262
-0.0002803070404350447
-0.008137179588700616
0.1030253367680149
-0.02004390616202883
-0.07751464042792268
0.019198826990633
0.061527117752004
-0.007019549188831275
0.003499110374129831
-0.006548365974301897
-0.04406936836260553
0.03873889952430013
-0.07229365173055884
-0.03156626202167367
-0.02185712911493854
0.006589823471353375
-0.01085370483281884
0.023276289245041
-0.01963776585844571
0.0983508386521797
0.01898724932564327
-0.09463110849692766
0.02862930378346468
0.03858783805086734
0.06309997223469271
0.05581432750805388
-0.05172653364831585
0.03964788848993335
0.03103130720862271
0.02074871498270927
-0.03787658937742675
-0.09359781837211045
-0.05482760890114585
0.04735716101758019
0.0243694215340312
0.007039312373433099
0.0140952855406597
-0.005492080375987529
-0.1021874767806135
-0.08743085122065145
-0.08094583401884825
0.05419067177780038
0.01967944343205177
-0.007160173572953619
-0.05055110819235503
0.04496894431108185
-0.08252551819662568
-0.0589664932371932
0.06367317930917055
0.1053756216645979
-0.06235708322557455
-0.007653610403982176
0.02707378913474993
0.009627092622034941
0.08109851889650815
0.09650838576426389
-0.03930993022409564
0.04761553247229662
0.02668593898062116
0.0359888324960127
0.0895203232516793
0.07468270103577852
0.04544908135266393
-0.03958768529890245
0.04154383104180216
0.01571077771634456
0.1118107498437854
-0.0409038297133324
-0.04221553934140296
0.03852538539491866
-0.08202204579136214
-0.104880947957103
0.04211471724637199
-0.02127493446847154
-0.07978042028412972
0.0001040006297011731
0.07897093561984764
0.04176095743290979
-0.09516039584094618
0.04049091598674439
0.03537295608645851
0.006821459217025469
-0.0725336430224684
-0.009190017151128906
0.02364587159127191
-0.02122546113970296
-0.07231624995578122
0.01382643913484547
0.01767208580156847
-0.01723302070421424
-0.003589076121326331
0.03098472102616634
0.03330105020940677
0.0747408909222318
-0.038380414793514
-0.02301221946736762
0.01103441223638697
0.06660236821216579
0.02859373407594887
-0.05589941259593166
-0.01106322329145538
0.04452184473231265
0.07152488415463761
-0.0850461816798148
0.01176364436237372
0.1349257695108446
-0.0916122418182298
0.003535656509292863
-0.1345836997318191
0.03466849954808113
0.08757846694771412
0.04301141285669108
0.06901667907136125
-0.01748919924410719
-0.07048581181625484
0.02691870893972888
0.0320102733892926
0.05073916772162394
0.05997074306487064
0.0520919854121894
0.0136400441777989
-0.04883351979016994
-0.08870593709690996
-0.03791382594972154
-0.05526024519945798
-0.06498864007994307
-0.04240625334582309
0.0002690807881172205
0.04790341450987092
0.04523561620572224
0.04173432481319134
0.05656288677519789
-0.00506710311225686
-0.06387311783681909
-0.02109064012792516
0.06994182459396346
0.04544094860584549
0.01924064311510922
0.03030523902077998
-0.004964277322775389
-0.01540085120657477
0.02104473166947831
0.03767632503494454
-0.0245768201374616
0.002917674655081351
-0.09504814983902725
0.04653289279344534
0.01234520282968485
-0.09184230479623964
0.00129470477953517
0.04470682304377292
0.05986365376497942
0.03011759458438848
0.1073418915999178
0.02097270732106873
0.09863561407235734
-0.1368836586383587
0.06360758055841348
0.04136518113325291
0.06673358186600691
-0.04716275469701994
0.1189563498762831
0.03410739066293946
0.02046374635738624
-0.1360926890645157
0.05067090381594898
0.02348619345351024
0.0124816474386032
0.09951603679616823
0.05864205430621704
-0.07240742114738276
-0.05181330485624856
0.0399125459467124
0.03678593458826487
0.09097372048649288
-0.02057722229922001
-0.02924055673743375
0.006927015045735403
0.008821440271016601
0.01212925027306335
-0.03428191304015662
-0.1263568395706186
-0.08888845027079109
-0.06879409938016089
0.01988021685895999
-0.08936838394039956
0.06435654907885338
-0.0306461553198305
0.05651571596376054
-0.07017563644591562
0.01452217345199402
0.005684531413498027
-0.03369694127041521
0.1384460489386566
0.03030979106578417
-0.02980598684922846
3.959087353079538e-05
-0.01123845735207632
0.007085277042014195
0.0821907455375753
-0.07786937267520633
0.02971631727954905
-0.0270864409434806
-0.07370763414056902
-0.0691678735561535
0.07960871296916569
0.1580478585158705
-0.04380625817488705
-0.105906151261539
0.03132796194348221
0.06803988444852486
0.07636660512291669
-0.1226626044634961
0.1284223738895153
0.02727044129611491
-0.1407042965571125
0.00214409103771555
-0.04640759264267103
-0.03169261093802288
0.1200419449808114
0.03447411890678085
0.05790753167039968
-0.003343360559634655
0.02112571666924329
-0.01533973311030697
0.03158956912326978
-0.03658839222846766
-0.01361083951377715
-0.02528664598766885
0.01807132682004982
0.08039347299906285
0.0759288028132694
0.06220776236560052
-0.07053581683123952
0.03833973797507471
0.05539441192051327
0.001062109978881169
-0.06945780801249098
0.0333478059966416
-0.006875966724021691
-0.0227022569383109
-0.04164765933287132
-0.07960352097646964
0.03824303681542281
0.04632067471071663
0.06088481993564977
-0.08202576174232565
-0.006213045856718554
-0.009657839770738664
-0.008591503289486907
0.01336654009267995
-0.02209848501547188
-0.03649192250519083
0.03650401317280669
-0.03137018903569713
0.05898544519314813
0.03587403344397921
0.1559948155612351
0.008731255598717819
0.1034123409746409
0.05105331682687371
0.02556211434130672
-0.06337907054118144
0.07919830242599563
-0.03026492840441996
-0.06424273073263279
-0.02082921020852583
0.04620840157950641
-0.03735804685200015
0.1076681834207241
0.1095428318110101
-0.08978755383405657
0.06646228416394452
-0.008392856849812596
-0.0439081343722506
0.0292567259185802
-0.08473560663656071
0.03217653696926666
-0.0333140311965742
-0.04250983871761977
-0.07755603442208972
-0.04566951327562951
-0.07511813809055537
0.02396381195811624
0.05988598584011531
-0.04655096176897266
-0.04830104927289493
0.04116367928122416
0.04193330879351996
-0.08920261957484005
0.01195093749468497
-0.01006599959752941
-0.1364563032965218
0.1055851268137979
-0.05653481958963534
-0.03998379704046368
0.03607095470097539
-0.09834900274144642
0.0175637074126003
-0.06051849495345922
0.1194081715497295
0.01909105743552872
0.06075265287511092
0.03042560616697748
0.0787452923200601
-0.04776205690006182
-0.04004645325038496
-0.006531786764798382
-0.02063760452320312
0.07697684416390681
-0.06851331001187379
-0.0417870763126398
-0.02119123012413843
-0.02746600728764321
0.07928518764308268
0.02103579833728027
-0.0250710854137869
-0.06168970779265973
-0.1071980277835787
-0.09099206663905786
-0.07259057926633181
-0.009021535050927086
-0.02753904428654455
-0.04953762291067484
-0.02669826494058864
-0.1989737781783924
0.02644559328008091
-0.03755161232517998
-0.0703935544220059
0.1443278884903582
0.02403805835443963
-0.05520443514185526
-0.03965956197048316
0.05208639388247911
-0.02121300792193423
-0.04492619106827908
-0.03698801738182493
-0.01970261214630697
0.06804812926828377
-0.008833766134392546
-0.04162291944164079
-0.06428714417700793
-0.01492227484957441
-0.05141558419972519
-0.025011488626442
-0.04703677235967687
0.009880076391690508
-0.04218375730690647
-0.145644472767059
0.05195200658145036
0.01814065093752205
0.01444528681768491
-0.1956777555937445
-0.05776444110567404
0.07453920689631324
0.09614580231696149
0.03958035756091124
-0.02795457029008747
-0.06355556915734076
0.04829887630640212
0.01423513259642241
-0.06600811171324435
-0.04805646053608133
-0.08907529628724278
-0.08597578205332214
0.05189153866343469
0.01219358514202003
-0.08196451572572938
-0.1151079562954085
0.007661966092112987
-0.03988155337968494
-0.07111456770244695
-0.01100822004966375
0.03690546858287271
-0.06214741779267077
0.07777477884947093
-0.0443301147970972
-0.06272497709876532
-0.0643070014580325
-0.01163913057550196
-0.02646310236651203
-0.02766588251127915
0.007356891477605682
0.02833636822423573
-0.05805797428955971
0.02906147399445953
0.09743657461292021
0.003182872042949215
-0.04592865098145174
-0.0418435912141186
-0.05382862246404417
0.05104445356166101
0.004603247516179264
-0.003106682776858983
-0.03621801206079615
0.05269449321489635
-0.002081455778700397
-0.07205299454778144
0.0127720185927515
0.09445675199722442
-0.0458928926177047
0.03713594895947157
-0.03569666981484967
-0.07569241912754579
-0.0780508677733173
0.07777582621915499
0.0224742408265323
0.1114869348723666
-0.110374752449148
0.01765030839708797
0.08210619986377925
-0.03432704288508496
0.1029388295007322
-0.01588891018353582
0.04248041677003823
0.01966583704595077
-0.09822241356072403
-0.006275440518443379
-0.02371548296084927
0.04695807119172517
-0.04316997970162132
0.1137923350819036
0.09686725498816791
0.06090188760660917
0.02973065518625972
0.06452931886909394
-0.05878909941611752
0.08690344083370294
-0.06914472900918958
0.007548436549940231
-0.02177323214799065
0.07844125802738881
0.02444888809494565
0.003435848496938601
-0.04955823686106237
-0.01171213751024555
-0.01598011552950223
0.05743740114738632
0.00931674519710797
-0.01799676854886391
-0.05353818343521075
0.008754795624043686
-0.03925257286731191
-0.07689676343660044
-0.05075762712263886
0.08253070075886534
0.05923629945067361
-0.01863780910098528
0.1465041265507994
0.05297780224665581
-0.1283996479355972
-0.07883489479273101
0.09762753284840353
0.132823589954467
-0.01673187447528766
-0.03115613308926671
-0.02876046942499107
-0.005780856609301738
-0.05522657614119786
-0.04889151973004795
0.09679936264173619
0.06382800256250631
0.0127833455271057
-0.001232535654486109
-0.05130840020863033
0.06174440885642065
-0.09886174726407145
-0.02843112239245422
-0.07016852626413037
-0.06016752882469238
-0.05200960890752722
-0.09590563808591226
-0.09601088143935765
-0.0200250376728254
-0.0308465042514624
-0.01611847440066123
0.03894684580734296
0.02226370164309752
0.007296689145381903
-0.08574503083236988
-0.01100757295241626
0.00932105594889562
0.04850055463805326
-0.0677115746784312
-0.004221057460244381
0.009204207185898542
-0.02533018691100423
-0.1174202973414283
-0.06521076601360624
-0.0636078843555215
-0.005289769533048955
0.0740325123959332
-0.1370961417184993
0.02565049655252594
-0.09072416062894907
0.005840276639205368
0.08818492110169204
0.01618949521230894
-0.1064280703261274
0.006188141370412542
-0.02976423622472331
0.01938879442099216
-0.02890334878029517
0.004989351142088734
-0.01388875075408558
0.03411649617938539
-0.03206657753488603
0.02577106384511535
-0.1543529976402648
-0.00981071296246833
-0.07962030030771686
0.07619226987613399
-0.02187950988585967
-0.09043475557346134
-0.02695246576265985
0.03588616408052467
-0.01196934807436549
0.0009690795794364201
0.01940991718398711
0.06398373239730012
-0.003326321182661327
-0.03814935481580747
0.01690895503331442
0.0289282538949398
0.04013219715200896
0.07302330981317481
-0.08147308986274442
-0.02501942990531568
-0.07028066640593361
-0.0145511930916956
-0.08268227987247888
-0.04250926476116275
-0.0273449569536524
0.06431302093489064
0.04354560101088171
-0.05415688904947323
-0.039732871227282
0.006486511780726033
-0.0296528233794031
0.02212287464846908
-0.1209690115636942
-0.03963319394017743
0.02966722254108907
-0.04353234441791019
-0.07382214386687957
-0.1300563417238639
-0.01363321087683961
-0.0344225506868613
0.09523032189676633
-0.04547458505910205
-0.02410572913271157
0.0702834430494168
0.05777775581998418
0.05054906202421286
-0.07149031297416555
0.1040455877688563
-0.08533135683470602
-0.08831121899900232
-0.04529742735750435
0.004600174974700451
-0.007240928460149121
0.06396163974785932
-0.04406728796849986
0.0009563747724339912
0.04393443535343832
-0.05890319149348404
-0.08420195287526309
0.006069465263714109
0.01453237129668448
0.01215874063214059
-0.03720693359209101
0.02678386372307061
-0.1069691644778608
0.03451086631040449
0.03934244175508693
-0.03871573031969557
-0.03552036791481921
0.1017230423846748
-0.03636498212670179
-0.1109908755626462
0.01221544706282408
0.01692908049936283
0.06958838589024761
0.06739468359433239
-0.009984976275223125
0.03428934828124128
-0.006980455804551153
0.03513639486317628
-0.1408359924402945
0.03230326027732505
0.001049058929654199
-0.1246930815803066
0.03768394226464648
0.04920997518456115
0.02100443781154807
-0.08856982475331741
0.02709988749675622
0.002804396707252918
0.08610054525325159
0.02881776385250508
0.02545781812672467
-0.01171031618290502
-0.04681845693462678
0.02555723951274601
-0.01279769415460465
0.02147666259900571
0.04324478381736022
-0.02141472162007525
0.01489962599107466
-0.009245340978964879
-0.03204935508920446
-0.004809111335100764
-0.05530629892335058
-0.006216693345260968
0.01806245292225545
0.01057272471364627
0.1186703305956599
-0.006628888905810711
0.03294509383250788
0.08933216430316343
-0.06762795402703009
0.06714406252374561
0.1296541832823373
0.0282096549157364
0.08527880167668066
0.08563620529359492
0.08567996451057669
0.008261930772979528
-0.02459521279857395
0.08179633356956752
-0.03688512287285032
-0.01274037916685368
-0.06539575032532893
0.1167026719061334
-0.04434744129594702
-0.04631011073785832
-0.009797958657976426
0.05905173898893092
-0.03472347541968658
0.008251372109055508
0.03772246651047045
0.1220380979733891
-0.03333500175262865
0.06357704874524604
-0.09745250639036093
0.06242220287282471
-0.08536684829032146
-0.02582961695566041
-0.07930870579876516
-0.06409567479736943
0.01823545669138253
0.02257022022652944
0.09777395167117645
-0.02472555686147997
0.02506740540398764
0.07803029716083695
0.1313779443542468
0.04291842737649182
0.04978751262211149
0.01344350521768094
0.02599779723265668
0.01180213868476418
0.05523143739357557
0.09254167745160778
-0.02863669350673966
0.04786962683732316
-0.03989065496115987
0.07752159959885588
0.03788718966039782
-0.03155668941892518
0.005538192357764857
0.1009306779366507
-0.1623580224917424
0.002360595474538631
-0.06280778092086321
0.06037204449099062
0.06940175379518804
-0.114045857269958
0.09705879359732153
-0.01623425404072414
0.1555621800766333
-0.07312792336439713
-0.07514029978718953
0.02883449630095729
0.1020162765400362
0.04456444897026718
-0.05755943851460004
0.009519671758658033
0.1472127879737019
-0.007282768477120618
0.04598204302456969
-0.08884881827466928
0.0889302454764712
0.03065240703143956
0.04155211280084155
-0.04840416030185064
-0.01866701967035314
0.07754558436463473
-0.03159721450370412
0.09679588886616958
0.1022852565669007
0.04909412750873077
0.1095023351157557
0.00455150080503517
-0.01622825404780263
0.008844687503119245
0.05817723856083371
-0.03298465164865705
0.03906800653960152
0.04873949900581551
-0.0008196911253068734
0.0162579193118078
0.08976947218297301
0.03182866946810331
0.09619645086104336
0.07864940914533794
0.03606607550545629
0.004519847851795003
0.1399446666480889
0.02359235191179904
0.06313551949886809
0.004763390438191233
-0.02202060215801046
0.02595672500515306
-0.01179343963813234
-0.1219173775287877
0.05124027854165821
-0.002423173927615242
-0.08517307859790928
-0.1099601958040891
0.09983510828930874
0.03467170179978983
0.07663353574502003
0.009361770280144056
-0.05286278712315591
0.005799001123450184
-0.04572386349285754
-0.08278009512472873
-0.02934308172816521
-0.06082168790523954
-0.03011762786750415
-0.01183044294170857
-0.08070627274010157
0.07493237701527442
-0.1056455259375078
-0.021101663890323
-0.01483778057931475
-0.004336285224830812
0.01759636328859226
-0.01673939482434828
0.02133944185476518
0.03076242351389961
0.07112487850425242
-0.009974783798301669
-0.05170792979493636
-0.1639335607019342
0.02780320474119477
0.1195471613987967
-0.0756612424006346
0.07953528868054745
-0.02274259176016483
-0.053450866756698
0.05185396006316698
0.03604428109308954
-0.03907108156713773
-0.05846258193279572
0.05291050852100042
0.05779808468750738
4.901186320153267e-05
0.007275392106092028
0.1653140433081032
0.09335170956224395
-0.02604271332469029
-0.03186556754085311
0.003509279570219339
0.02846849243017077
0.08428959084732447
0.009978161891896487
0.06534218759158368
0.001754546940457027
0.02404358912999779
-0.03596752496709116
0.03679507726456117
0.07545369753603948
0.1293301757923982
0.07635180164428609
0.07957988779517948
-0.04622661148794912
0.06363207058487005
0.0803258857106493
-0.08055374665849799
0.1066616606709026
0.03331352058254389
0.0004149104229649071
-0.05696057649938487
0.07351470299919088
-0.04485360129975892
0.005497562416625253
0.0006693023264117883
0.05446701291386669
0.08291472393139068
-0.06556924406850122
0.04678113159387987
0.06891773803736839
0.01089080957100032
0.02346475085054835
0.08352503058736679
0.01620798946953811
0.0008763763076456797
0.04719857448241949
0.05345176532071305
0.1408678035276039
0.1199250511514181
0.02517170820654981
0.0742636834781305
-0.005206325732747527
0.01475201897306871
-0.04071037201812697
-0.06932904821821287
-0.0326676109106612
-0.08513420478297645
-0.01343443432260499
-0.08339791621765749
-0.07073450015953339
-0.08665208399318131
-0.007533355280259724
0.09550128939611925
0.08318353361807428
0.04339402532842539
0.06302640710397671
-0.04147848278338862
-0.04512245981624651
0.06989719845092165
-0.09250716423085256
0.02686242248771607
-0.05822829345582234
0.08609896887056868
-0.04884133751581212
-0.04259935875296429
-0.01647572217427219
0.01717928230246264
0.0456093626852255
-0.06988689047631902
-0.09415761661575822
0.1415716877104675
0.0138437074635004
-0.0175025162165422
-0.1031765080460049
0.02360552471596392
0.04989371276193399
-0.07106141876099789
0.02465878438036732
-0.0108126256216681
-0.04013474226974001
0.08296690330848618
0.017548496588871
-0.05551439458671631
0.001513454770676392
-0.004103271661121257
-0.0855029902348228
0.04397625848963273
0.006802615184380061
0.04272126893596863
-0.04019121432522689
-0.01588126743812489
0.03817339753654225
0.002463294287481054
-0.00349051092906617
0.01303539749625999
-0.1003723975515489
-0.1099830650880083
0.09452740744581511
-0.04452258942950876
-0.03801947556432815
0.02018732365700556
0.03352779781342163
-0.02554527976418865
0.0614694781499372
-0.009875004537271076
0.01349594610592343
-0.02661541437867102
0.1246996603866118
0.04890242007284171
-0.0399838295913178
0.03812295698029886
-0.02188517311743892
-0.02003560937976514
-0.09673192078394829
0.0843418240376835
-0.02927795433899029
0.03293049084533388
-0.04655121730654451
0.04265501929305515
0.04116462306178573
-0.0204676596962285
-0.1285994749571315
-0.000755864996476216
0.1209633635933509
0.04993276778151939
-0.02507316332012957
-0.02565896520265657
-0.07692243847159372
0.001461085521336745
0.04091385549871415
0.01645997011034494
-0.005580029936435187
-0.09399822142351369
-0.01891868719031325
0.03195297098577336
0.007023530291455932
0.05643606052212136
0.07003615457579103
0.02820484773941704
-0.04413742998110021
-0.05468098509306624
0.1788514702694123
0.06288434039661447
-0.02836837808830914
0.04540672305398499
0.009467292356164902
-0.02763244796772125
-0.02585610915730999
-0.01717753885517655
-0.001400625135079936
0.05880814965377702
0.0247304483568526
-0.09381677414298689
-0.00884302695030225
-0.02566335542809609
-0.02330083981281024
0.02829568312938092
0.03759986407195999
0.003923809960084179
0.07253718789776854
0.1162650273911014
-0.05271388518286776
0.05136895638614682
0.05487775458500132
-0.09488594886604168
-0.01845548893541732
-0.02279990581647207
0.09826066369808775
-0.1058680321499156
-0.005430697174730605
-0.03734652792676936
-0.1074111402601186
-0.03339759553989269
0.06143609089928962
-0.08093559191486785
0.04205967333684836
-0.07722583016667321
0.008362270670932856
-0.0669159107351321
-0.0207507686210773
-0.02551813830359488
0.006357630037091938
0.03008441352783444
-0.09088043522367928
0.08632688826923826
0.03223536127165297
0.003549208054605939
-0.03495405204104682
-0.04135450747130166
0.01696596675226004
-0.005794229092819601
-0.09495546878039965
0.106108026347238
-0.02910411103975669
0.04114741458536681
-0.01353526812354616
-0.09158721870137138
-0.02967467439511216
-0.1319027622305185
0.1237433792660562
0.07544240022637475
0.08772868606835932
-0.07433082938753999
-0.05385976101900294
-0.09250077347014304
0.04002173123510255
0.05384892810087868
-0.04492894062324897
0.08274974073206624
-0.08269238781295796
0.03051540041748216
-0.08505678306888317
0.054263344891534
-0.08225622332183311
-0.002390236487212549
0.08132142131893359
0.1007096741453061
0.1432423100063368
0.180158361346598
0.07337109321189929
-0.02532077502552065
0.02074157641342826
0.04767422779894491
0.02190168825378251
-0.0085805782590542
0.1135508643609679
0.07092319624713066
-0.02553807964099378
0.04061160950713583
-0.1125004564252876
-0.06411944344596782
-0.108338634716458
-0.1545814099711436
0.03048057431264861
-0.1470376607066053
-0.07678408995567861
0.02448696843058833
0.07103220256019259
-0.07279589821753872
-0.04847339594879294
-0.05347940974859761
-0.02902809737517818
-0.1676657740513438
-0.05196890391045412
-0.03216637370189983
0.04039495181102091
-0.05055976883046273
0.03912091446813459
-0.04906051684476587
-0.1098400969726385
-0.0002764061957807318
-0.1057588026036817
-0.1699353463236939
0.02013665699185507
-0.04467814522237019
-0.04270398452676168
0.04129344476921562
0.04414572740429716
-0.03494180654665047
-0.03458926051453365
0.02307227246385689
0.03031888309198198
4.67055732428015e-05
-0.001807812692933458
-0.06182305722779352
0.0154245676257203
-0.004285078138238863
-0.04743898834985046
-0.02390188857360362
0.05221010426613722
0.063224924308198
-0.07525060121413912
-0.04030883798078886
-0.03125776181843366
0.007296039032265195
0.03293987059572746
0.003167536797187648
-0.02958100633597999
-0.03403343935862554
-0.1215887807347131
-0.01227580824198577
0.06684097613852547
-0.09747683489274211
0.01598502837620809
-0.07847500825538541
-0.03678974117031344
-0.1073014332922488
-0.09629020172176578
-0.02976180992780647
-0.08796786284497468
0.02478305501107882
0.01136934846740392
0.06777860913260673
-0.02321612520906446
0.01900855176527683
-0.0221983162256548
0.1153735299946192
0.008877119428988587
-0.08600141772854533
0.03132560442963912
-0.05833921467584349
-0.1075988537776641
0.0001250387833064345
-0.05608937493299893
-0.08604225970413623
0.01103967953471573
-0.06908343885789832
-0.001184540479101171
-0.02996684101187105
-0.06590717571160025
-0.08095768708253842
-0.03454506599464321
0.01364145551888032
-0.003444923924154335
-0.08536935935833058
-0.009655763987083382
0.01681575946231426
0.07087432025367604
-0.04483891627259484
-0.182687985422033
0.007199210028419016
-0.01350022706332861
-0.04826395328137256
-0.04291564079483298
-0.0016000611203392
-0.01842486275574604
-0.01215375149002785
-0.05034875307671692
-0.02419919096147086
-0.1005695552978635
-0.01149235754577883
0.04622545217201068
0.0285289292392124
-0.09213803384995642
-0.008000814881258006
-0.02371790543665816
0.0009152313958878631
-0.06496775130760882
0.01220960843389473
-0.02372118921495763
-0.0245270551300403
0.107488609336519
-0.02388940356501637
0.0360760213346645
-0.08314039992940406
-0.05649993169800921
-0.06860109512891011
0.04801640597323709
0.1637323547761743
-0.1294987223395103
-0.04784633244190827
0.06025155053910139
-0.01530514347290845
0.02787710868278463
-0.0001967753836568959
-0.05660714136263347
0.08206057570080934
0.04790363577969322
-0.006663457634808688
0.01204485036752426
0.0489632020857109
0.03292144426521842
-0.06944230036816298
-0.0346222875084214
-0.06194117756980485
-0.1217364232340823
-0.06554235906233771
0.1492071407753389
0.0003817675936494368
-0.07933862149932072
-0.06457349199636829
-0.01222382152901445
0.01022404496289987
0.02376857207580641
-0.01369345496379872
0.06651345068360316
0.02471152806182835
0.02523842516988666
0.02210773234241627
0.02953180219083361
0.04176881146673307
-0.0119505457353158
-0.04747574815087404
-0.02417508400010161
-0.07014448546840577
0.07053290042388574
0.0114452056986879
-0.007208142176151403
0.004192029125561297
0.04053869778552308
0.0739090722581674
-0.09269305653667988
-0.008997272583552318
-0.09254848081381194
0.026125427141687
0.1004072518152327
-0.04166797772106684
-0.06610140616359172
0.1180753300513788
-0.06899214384495618
-0.06253588561544954
-0.03789738753585058
-0.04524105924779099
-0.03858293892506237
-0.08158265322727852
0.04103871882927471
-0.1020034080711801
0.04243330549659226
0.05611879398432583
0.1050323911141317
0.05381282506586174
0.03476439266509139
0.003728555961051594
0.01519424761314096
0.0988212827616331
-0.04762530377366796
0.02987640903949081
-0.01548805345364229
0.05158165105978789
0.1060985529483568
0.05477597471654519
0.005135897466991429
-0.02815632537383694
-0.01798790434793751
0.108262994603622
-0.0113088880545768
-0.01410022598701251
-0.01483249940959761
-0.01931560278577893
0.02999190720318896
-0.0508367547695899
0.02361775344729583
0.008962229700675868
0.02910299298995454
0.1250229266014186
0.09938909402045272
0.03443399290550199
0.05307603751975037
-0.02434302574145795
0.01731600991918176
-0.09146258343952535
-0.0957096128211349
-0.01727224008973124
0.07548640355361379
-0.01242889445969549
0.009369342243345843
-0.1041311379421833
-0.03120818283806498
0.001327563622709367
-0.02530127526174901
0.0333651621309984
0.0686740388994275
-0.02208066811549614
-0.0168166742781695
-0.05868690991580175
0.05218819534328838
0.004951611417247963
0.07068882044882983
-0.1326076212951227
-0.06789330090053523
0.03271091633912827
0.1066872977709654
-0.02865308710093493
-0.09340861550560327
0.01121100186356171
-0.02511599116441796
0.04990472891931465
-0.0325229976159352
0.04358539046862147
0.1369191066495762
0.03161613521666265
-0.05982792220738792
-0.06700528366271399
0.06446514721846706
-0.05140306414677519
-0.0919857742325219
0.05284687421118818
0.05673418861770241
-0.04391383684082939
0.03925769452915806
-0.06931353810004037
0.04313245837107566
0.01431635723915327
0.04344929741158894
0.0004659110190841365
0.08308328767000775
-0.006521767049339652
-0.1257024048542851
0.0158876589017634
0.08542548121873143
0.07036734224339536
0.0241109619791075
-0.04292053252338437
-0.09814866604498987
-0.01510188474997556
0.08892729335628921
-0.03906517120201418
0.05211439926330773
-0.06062185134856817
0.04947404326623323
-0.0431588769321922
-0.02967522356212916
-0.02211366588402516
-0.08068809412691486
-0.05660623379079117
0.003634803481494767
0.04912366248706906
-0.1004732567839493
-0.03975617202373071
-0.05589710918128035
0.014305726533342
0.03849331970327374
0.02532945305353389
-0.0474997957471609
-0.03391067695685551
-0.04399924625745308
0.0008250482911815078
0.000420962467799324
0.1071891234303361
0.05413416547812999
-0.05639939303393762
0.04374190084952677
0.0193240462365285
0.1084981961250683
-0.1644691253764626
-0.0339397561912731
-0.02285829572059891
0.003294593626153072
0.09151830409430484
-0.05502101390817787
0.02358674542827737
-0.02000074042602164
-0.0882769278117361
0.06801294388116892
0.06780616459512713
-0.1264287141974723
-0.0528012408074162
-0.1801684981585355
-0.09738402079996208
0.09472523405899613
-0.04403050414735979
-0.0128089176422394
0.08990918643693938
0.02638855929489941
0.02676725253054359
0.0479960027627628
-0.01605566644907906
-0.09697354761481716
0.0234437665341041
-0.03901219550929991
-0.06312268718883896
0.04743168598556655
-0.1086629407988524
0.0566767608500486
-0.03472323433049296
0.06359109133751228
-0.04177417629477186
-0.01879900868164187
-0.07986298122468832
-0.02586372558185354
0.09028109684934493
-0.08111633055160745
-0.1062812276082071
-0.02710501394105801
-0.04158448686291941
0.03562367110058062
0.1282151595640765
0.03679926673642942
0.02474507515667261
0.07127606437539089
-0.1708594867461184
-0.03655379883788717
0.05282809897332679
-0.1234970406480254
-0.03561136402396033
0.02777598778951733
0.03636538959342736
0.004358488111073085
0.01825259964845911
-0.09072840537948884
-0.1513728508865778
0.03581840928949429
-0.02749675076551007
-0.05503085669395216
0.0237469176222466
-0.08578449597775337
-0.0576584358175652
0.03522145373223158
0.02160746820129027
-0.02093487282156659
-0.05327701027014692
-0.06296894029190009
0.08657326322679898
0.08567669309912358
-0.03668511207265515
0.02363530696846165
-0.09673843717217906
0.01782499100182883
-0.0921820716123329
-0.01990075454706674
-0.08370197703369842
0.03019633626533193
0.08433228860368666
-0.02628958796325717
0.006237533048554914
0.01002255425151179
0.04613267906646067
-0.1042088483175704
-0.09286249346620254
-0.07809876759522053
0.05353247823974754
0.05843372367527517
0.1043387416366226
-0.04621304798760201
0.06826894398124263
-0.09853952703433598
-0.1052409090769544
0.031651024241361
-0.009363985481213508
0.1096861840259522
0.05691721722744251
-0.02353965304739461
-0.009713476927838388
-0.1102076804629345
0.00783319095198276
0.01551169780217584
-0.02231173999398726
0.0448899603105095
-0.07973684192924436
0.05987983950662119
0.0196699325343782
-0.03258337629648073
-0.0009439841327155626
0.06588847934662143
-0.04229280678341824
-0.007917914863429854
0.01319888766314695
-0.01403788211830297
0.0003571351169531656
0.04879703563734808
0.02185165208189321
-0.02582745954806107
0.06259157589857517
0.002446720444455409
-0.01378628202839812
0.02056216854228289
-0.04225030523135835
0.006048457243135222
0.1217439934378149
0.03657731426240488
0.01095293959039099
0.001537190258202759
-0.00766021400335757
0.1056909052271618
-0.04045769978555319
0.002060266754722373
-0.01019239068262846
0.000502576232026701
0.0270518906873578
-0.05326042169835514
0.03644275452997398
0.06431891985599925
0.01061977651150354
-0.06393523253097741
-0.1248694366988649
0.09385549907311287
-0.01637514430998762
-0.1164737961096386
-0.02502933317344107
0.129746537320803
0.006013848916211737
-0.006490170586374074
0.1042728816634364
-0.1671405335751476
-0.02449588488216527
0.06626793264264569
-0.0296152486580467
0.01687956552328804
0.0304771020227083
0.009538873285507295
-0.04208585834653751
-0.0973450936267147
-0.005224936469426154
0.003116388858877821
-0.03428028947285462
-0.01340193511768726
-0.03239087564567475
0.08214619047323515
0.07397952017139064
0.02183772877870836
-0.1101720723442972
0.1193221254930716
-0.1144292492421719
-0.1860018929145607
-0.06461532990327751
0.06289223143494117
-0.08336975303509465
-0.01377204653914772
-0.01341013528707098
-0.05704239567996532
0.006747758429112252
-0.01573097841209021
0.06950835554178206
0.03863878043470987
-0.1124284668281852
0.05395265761923034
-0.1082449706730022
0.04344314121737325
0.001025875903811188
-0.04047161308894574
0.01394749173385842
-0.1002980612049683
0.01721109554960743
0.09364354353531087
0.1074638925699887
-0.01807094688574794
0.06806186914472664
0.1057880656577614
-0.06022184587281151
-0.01389788554019715
0.01910484695449386
-0.009440857623912606
0.05323888037735423
-0.01442439404176251
-0.05209925106893723
0.08717320741483719
-0.04956184078521673
0.01792908488261302
0.01073079196554519
0.1312248027987879
-0.02069724991280963
-0.06830309872893101
0.02379196551053343
0.02696954230212984
-0.1249733982417737
-0.09681434644255403
-0.01209177924543642
0.01956684055524641
0.06287822408684149
-0.1218977148121367
-0.001957934973725239
-0.09077490957277487
-0.01986311976454455
0.06612221774025816
-0.01269101861368298
0.1248332274173758
-0.07937040599811715
0.02475032052284256
0.02320348990010453
-0.09407540095083251
-0.09132326073289951
0.03934401528789601
0.008843518204514116
0.05167819934857459
-0.004168404194843892
-0.02355524578108158
-0.02599500256749403
0.03945864343292058
-0.02222418830051674
-0.03245546339470562
0.01233426100047191
0.0393638575878994
0.02551140654767758
-0.08527495668097536
0.08469036046945889
0.1138478753280359
0.06241828545171309
-0.01472837402646724
0.1190700306677856
0.08605355877795014
0.06396060579221718
-0.01654175872021313
-0.07040886685838071
0.05869381507187864
0.0006810926490466579
-0.1646475464306688
0.09880341522955126
-0.003875655849755955
-0.07386394986135233
0.01205555469508438
-0.004779890231285611
0.03548827526871466
-0.03554437160694497
-0.0383487745120353
0.06056449749900807
-0.02762841009380312
-0.1554895819689566
-0.08353989668684594
-0.05843289542292535
-0.06567071226667005
0.01722717447962305
0.01816198778800856
-0.03046209975166419
-0.1109476364177661
0.05931334995363633
0.1651066466335429
0.0662042613066984
0.006637130479151848
0.06472965034678305
0.08604688395569372
0.0725822907337861
-0.09021384846452438
0.05110556877663652
-0.001672659639889849
0.01837297309173966
0.03759739945968003
0.0336921930704008
0.04124444971657533
-0.003955550866642635
-0.0207613663524405
0.02169332169411355
-0.06401722844804558
-0.09421712886119163
0.03664767954191393
1.317021230888907e-05
-0.09081531809026269
-0.02937737618965181
-0.01554565453873477
-0.005052025626721437
0.01422677441599011
-0.02524374629576329
0.04743119690809539
0.01701635013905693
0.06578872076723359
-0.06269624730209694
-0.037379988621966
-0.0358959614532148
-0.1224579458555413
-0.004157830836856953
-0.05742205670704312
-0.02700670266471814
0.08949967867849373
0.05830922251119273
-0.05496795068230344
0.06646419726281884
-0.04994667483591286
-0.05093498989805902
-0.04723676549867603
-0.06024871699430406
-0.0312241346472617
-0.005841764673468702
-0.02149215484959711
-0.03571568996803548
0.0250957362561719
-0.1508334214590116
0.01625263100186635
0.006423180316319319
-0.08293888493388733
0.03070462688442542
0.1822154552356831
0.009448885886604544
-0.09720873209425107
-0.07119871247491637
0.09081988887275624
0.06313483097453366
-0.04657153605807406
-0.02695617451066434
0.07336526716018474
-0.01887655776706418
-0.004233343449417316
0.04857435715466125
-0.08507433204761689
-0.003373187514484607
0.01718752023308025
-0.1424376433536896
-0.02660954948823863
0.02452702428357212
-0.009672591878851444
0.06774495108960854
0.08271964117658392
-0.08000941654107907
0.06363258332037852
-0.0993333640847989
-0.04472188490835737
-0.1490158062680925
0.1171469277464895
-0.08002289444474824
-0.001956315900991986
-0.02231666902428275
0.04419249441918558
0.09697513356185064
-0.09196753414826866
-0.04095576014543917
-0.03870862028928905
0.03632353211640089
0.0375492326856408
0.023000287076437
0.009600795965313665
-0.07020150138180963
0.002817439630400121
0.01927938216157705
0.08049037775181773
-0.04685231302848789
0.02748678916643676
0.007155627298522682
0.01614133431919761
0.0184148559357656
-0.0591848745527361
-0.07412424465843367
-0.05040859055897362
-0.05189277350256885
-0.0442294783778642
0.07794125543209154
-0.1182334673509709
-0.0005048567652243402
0.009477184552234341
-0.02319688054102437
0.0372057617659337
0.04763101322560116
-0.02145880530216197
-0.04457640061300572
0.1098847059461297
-0.02496039712464332
0.04816584144792953
0.01309726198841783
-0.09585257828088102
0.05737298029426866
-0.02453741516421146
-0.01579782706898693
-0.009968706192106797
-0.05497347247423701
0.08085727344845714
0.0279083604682502
-0.02275888512182367
-0.03109221901908545
-0.0228258386762884
0.003141876571756214
-0.003308231486089497
-0.02806530270474299
-0.0758951816117239
-0.05390069211641259
0.02633282175773648
-0.005974999258664057
0.009845147575083507
0.04991820578337747
-0.02125582786506716
-0.03107481030928906
-0.09339883167652951
-0.04034632828823582
0.06196912252843295
-0.06673094820386806
0.0468230113856157
-0.03170136081989665
-0.0001265752875624152
0.07322074905240344
0.009089942766082836
0.08311380694802063
0.03645045194860121
0.006260820019441983
0.1574763695241705
-0.1566511825100514
0.03167148535009592
0.0392729090916641
-0.05718989637662748
-0.03664180914979151
-0.02079357842788116
-0.0388956089428411
-0.07478970482275669
-0.0604485656414839
0.001051266430964053
0.1120097238576657
-0.1381068376617153
-0.008369444443480416
-0.07960838711802903
-0.06659875707098944
-0.08236648569839766
-0.040366515953175
-0.07370469735739567
0.07942954510182093
0.06398206702966008
0.1243660369217401
-0.1357529702018601
0.02023342939551435
-0.08988067569822066
0.09725447793771862
0.002616773501227673
-0.07583419984485165
-0.04283443557253371
-0.0763054285029609
0.06242270215141735
0.01988357632631688
0.005332000186225389
-0.07195054598955451
-0.01612599239620735
-0.06400232606240694
-0.02782626212429145
0.05058379116710528
-0.03373261636951123
0.04193228367597387
0.0482601737050227
-0.006854610251177813
-0.1044255821194022
-0.05177319695949745
0.1042760759723284
0.0351509480937181
-0.1568713326630677
-0.09996194206836174
0.06648754768800869
-0.02158413252309717
0.1194589868524102
-0.06241952422905479
0.1033433251187703
-0.08957309770329062
0.06048339408931964
0.01294178417667003
0.09074369282073402
-0.02446917081265095
0.006683214037868521
-0.002736403646973983
0.04652000190968669
0.006275955002320484
0.05797182804772803
0.0131624780660296
0.02618597823297864
0.01167436646641132
-0.05629808618375409
0.06385262805568351
-0.1163049509112607
-0.07125195847066183
-0.04222540539962576
-0.07133616799164291
0.005804438479240281
-0.06944306383380229
-0.05291771980703744
-0.009808856222918747
-0.0334097599014762
0.115324241099794
0.01094226669575456
0.05348694315772334
-0.04944440667004606
-0.07427399819974656
0.01508480623298488
-0.1703570728313661
-0.03264000150403931
-0.002884033547968217
-0.1096344022966773
0.0126254002303321
-0.1059788683537965
0.04684609240457058
0.02976954302984615
-0.007014510925133055
-0.05313030370983286
0.01319082769027444
-0.04553555050275862
-0.005510395792473165
0.02015239982022206
-0.07852801833760001
-0.02721383322823897
0.0002652376718848617
-0.003412971984130538
0.02525325552719567
-0.001608016876122172
-0.04555808499834836
0.02194998504800877
-0.0367743126075648
-0.02418023699414561
-0.07518293639638426
-0.01246520307444596
-0.003632776524237415
0.04488910394998846
0.1708609107948495
0.05806843532874683
0.008240583758493174
-0.03644974167259461
0.004757811565925099
0.09218226944464644
-0.0885592031964508
-0.1550573890446136
0.09644459481431078
-0.05182813842769893
0.04312836254490395
-0.03228890794589277
0.0177598356215672
0.03331495399853716
-0.1104731575900152
-0.02393646279114692
0.04776112821983747
-0.1138818087994029
0.01230551382750012
-0.05534268485668825
0.02484240643387103
-0.02861161986018392
0.1751318399890509
0.04628903713735509
0.005213446345521851
-0.02358684976545399
0.003675855955256636
-0.0800771683070538
-0.1637175745476164
0.04344168727309207
-0.05826165729696472
-0.04139992513845525
0.06601241807306045
0.03746644691318629
-0.05293911449476273
-0.003695859704670998
-0.001197703870354524
-0.06625076783877573
-0.001803774889286118
0.006089977880772712
-0.1208904106370644
-0.05107371348238967
-0.02663529288861512
-0.02690508468552909
0.01264790903001581
0.06396832474797483
0.02779520292154074
-0.042691814071212
-0.04725008928715612
0.01777866168810526
-0.1342927633603857
0.03178431244942055
0.04259827107102819
0.03386800206315678
0.04302140930338184
-0.02950334408896794
-0.09331658937766202
-0.09862907116588346
0.003742480102677002
-0.0007613231065810196
-0.0690090076256393
-0.03877244990633658
0.03048025376396062
0.03955158175687058
0.04853776987740274
0.01442250626980947
-0.02844065748014539
-0.1109021719839696
-0.03110364263866051
0.03873077326494224
0.01399266201657705
0.1589766152123551
0.0379756061597932
-0.03326339486288089
0.03389794608121401
0.05506036792682134
-0.02266367840821421
-0.04109225786789404
0.08216969529254994
0.0539355238137032
0.01622397336672141
-0.007674528948472606
-0.03498712158994115
0.05566699613800771
0.03922960655348409
0.008721206319355065
-0.0747944952255693
-0.0438561951736235
0.03273368361179885
-0.0122331539583431
-0.06049539438494165
0.06796621230377316
0.06261492648149293
-0.05822669484185966
0.08809537830485212
-0.09400475143293519
-0.01139609894754313
-0.03427662722022425
0.00971570892043035
0.05242771806492775
-0.08766352279329302
0.01059974905285837
0.1558802408152698
-0.003207847384215687
0.01185963116254692
-0.09527480840663984
0.1086272813817852
-0.04194215331657891
-0.007674901229193273
0.1133770220928003
-0.1114614564353208
0.008819082496923689
-0.0004370400524777718
0.05386643314512467
0.04581780478433455
-0.08942712294384428
0.1228267760861542
0.05261879150638764
0.003706775756828819
-0.005777254805528466
-0.1342209349416621
0.09255029374565851
0.05066821400916393
-0.06102348673927518
0.06003129202260829
-0.006599207070776041
-0.02858834795100559
-0.01520602461908778
-0.004037573012712604
0.04094069510747357
-0.04871091569367088
-0.08528147764017618
-0.06198469898291529
0.07270822048351999
-0.06399391088886661
0.01117742980443439
-0.06857130177613591
0.1141692425629284
-0.03012083123107186
-0.02777587435467782
0.006272374375226045
-0.0544741950071202
-0.07838325653985503
0.09354029968936038
-0.03003923108936296
-0.009116417425800275
0.09920323167227998
0.1505066614471562
0.073208315063528
-0.02551964542493234
-0.1667210048970225
0.04660781358054034
-0.007863916619134513
-0.06495169441296891
-0.04489288534389026
0.02090047883103771
0.1116906225165579
-0.02409902355951342
-0.04474529915907535
-0.05424187698649406
-0.1576053564536548
0.02348529008658374
-0.00375645277680816
-0.02611255037540906
0.03719508805943812
0.09639951104193628
-0.1047013349588662
0.1284421701954866
-0.0309075681617706
0.03704078429439825
0.01462088088656881
0.0520657989657611
-0.06081224492282016
-0.02689129583631299
0.02071839733269823
0.004999245764439351
-0.07830286673807393
0.04031004284018021
0.0122238922109341
-0.01831700633640189
0.06892561546170772
-0.004074803347923006
0.03726217182014605
0.05644688008965542
0.02878897709795442
0.009586497651486163
-0.03887568362654389
-0.06980272510635085
0.03118134906793143
0.07420876604311291
0.007500603043581293
0.04874303499072756
0.0003480164511123832
0.08691477521675826
-0.09807818823844142
-0.04668157508210514
0.05155371449301677
-0.02846157335346159
0.1209494559346667
0.1031750110855419
0.008045435486609454
0.05704178592357295
0.06068687665351375
-0.009477546314889507
-0.02753529585996609
-0.017918801850235
0.002665113679967981
0.00154683585751678
0.04072805196248902
0.002675096570083212
-0.03920100712028042
0.005890696478451175
-0.04208794060909818
0.02461915735868931
0.03040049948920589
-0.01063984188714861
-0.006826828084936783
-0.07858311792357968
-0.07961360762040363
-0.1253295837536749
-0.00506930373633839
-0.06352034554049521
0.1642332830038688
0.03377876687728201
0.06996370903232568
-0.03282163943416112
-0.02084862829851712
-0.02982747330616584
-0.009001239198499909
-0.09717125365959076
0.01617378017271085
0.014160043937955
-0.01709767879732865
0.02948154942923731
-0.00299445389410672
0.05861527141844001
-0.09666936447352571
-0.08555567488106489
0.04413908143046802
0.03053750554802203
-0.004653064513137465
-0.05176462582426545
0.0247575713011285
-0.02007416009861603
0.05551438387890172
-0.02954530307087588
0.0913346327989452
0.03544019972948606
-0.001336891436998236
-0.04538201609027653
-0.005517829261996104
-0.07201355531876606
0.06887858779037917
0.02487425563972189
-0.05862481430757871
0.009893754941381328
0.02353237939492971
0.01107404725822862
-0.07847515368575109
-0.009970864710746988
-0.06400730706627976
0.09192950180093928
0.03183378525065619
-0.09254002058188829
0.1451076522458812
-0.0565468393022466
-0.0113084352978952
0.008780603381437171
0.03496825740626099
0.01678818421534151
-0.0701664754628718
-0.07850330829445418
0.02755465655022885
0.002215608161729124
0.06345041590440674
-0.01214297337734906
-0.02123380426290349
-0.04326283298053304
0.03384681892687675
0.03345419627464054
0.005735377885946344
-0.1011367249495786
0.005111813292231385
0.1085546807592678
0.09056108140146774
0.007933233289569725
-0.04652879704959732
-0.04174682342432819
0.09174793849795616
0.06023321167878505
0.06950356602919107
0.06558329494287218
-0.01651973295745461
0.008434182584231668
0.1112599838058922
0.06887082136080505
0.001323028226257829
-0.01748135087904297
0.03751272706819634
0.04280864974920306
-0.006933653594035628
-0.09319285323697031
0.03002090808136994
-0.1449980251699373
0.08005393886173488
0.1080242370731812
0.01402528158952163
-0.01383077340708733
-0.03491033990401825
0.1215957516102285
-0.00710439681516772
0.03875641754071547
-0.01927757729257917
0.1101655293717775
0.08140741505288047
-0.0502182907051876
0.1193666290237723
-0.02360737864094986
0.07820982651524697
0.04460869416030096
0.03538846236157549
0.07154072350843824
-0.0842634445701835
0.02177778376301811
-0.04258258941929961
-0.1020032689825147
-0.01105801723607218
0.09754754025451412
0.02161990827381723
0.02238692192666141
0.008309278752427623
-0.0007707276644404425
-0.1095909080540575
0.04745462896434745
-0.03827310606145154
-0.1177544308415295
0.004162447175518509
0.05898390125945484
0.144009556181434
-0.009217128172041514
-0.05044445024881278
-0.06083169509587101
0.08006613312860154
0.0483209720448852
0.02924781432378549
0.0913700839576507
0.02071041670048986
0.03053632544514757
0.02365762286655939
0.03780943588582325
0.1263332080396874
0.006649579625770584
-0.008766584732864166
0.02084238046346774
0.110035465008448
-0.04362377899715683
-0.05583942847715363
-0.04079334554290347
0.05352900131337582
-0.0170551036197641
0.01735305655721051
0.03680977023557305
0.06050418039739762
0.03993116041330817
0.04508545411869643
-0.005426291281642348
-0.06568877956439101
0.08502919431360148
-0.006999941752098912
-0.0115449810778425
0.09243606164303249
0.1082982931158785
0.002032349638494812
-0.04728792706981028
0.08785601636423228
0.06844895078035483
-0.02666074798569963
-0.03914029142642664
-0.00134749367224333
-0.09662759808278076
-0.01076232627358548
0.02281244388713345
-0.01959131497255379
-0.005284947741193646
0.01276543343885667
-0.1037232522792326
-0.0009206671905038419
-0.001430437992428441
0.0008485486767544539
-0.09709196874221544
0.02352661401095833
-0.02375511334942204
-0.0410093848095106
0.0557091266334815
0.0659043041406519
0.07878702895967959
0.02879555777124491
0.04116472944842579
0.08088681294028874
0.0498555640428935
-0.1124896408336365
0.01202515197580838
0.06025240081132347
0.04637806953358023
0.01917704495545948
0.01958597499800512
-0.06451140235269069
0.1075486031756395
-0.03929675780444594
-0.02370743328687418
-0.03171305426667313
0.0608649342192384
0.1133307993699858
0.01500653373938123
0.09143765167473614
0.08882656610465574
0.02603123930799043
-0.1166308389089963
0.01712511312783847
0.07176093960483725
-0.01045204244469688
0.02280203923621562
0.02949188931632275
0.0005873738185374899
0.02639750768691096
0.02082519795936401
-0.05279979998328052
-0.1062747459987919
-0.1112502680962897
-0.06068408699923526
-0.04000551756411086
0.06597682942629315
0.09693422133957674
-0.04440001587234413
-0.09209020919590674
0.1827575842179129
0.006726974158207642
-0.03807533450401118
-0.07596179966205537
0.05980558405070595
0.0377002639985573
0.07903672985256016
0.01406474237410165
-0.1715441377877659
0.02347334200240714
-0.05582711269957577
-0.1263575030872074
0.0004102711937866987
0.07276840069580343
0.04973170787571353
0.01108056891967341
-0.1200558561176891
0.01617575484742439
0.07330099314540131
-0.0240111498688454
-0.04232235807689926
0.01677399858260915
0.1015620401869293
-0.008539881218602451
-0.003893751479200666
-0.02538176766179602
0.03336691581767235
0.01868675535742413
0.1505290330621064
0.05718567669075561
0.1290569219781198
0.004774213722863831
0.004520430623010118
-0.06428077505163081
-0.07322028217909209
0.05427042302933446
-0.02325356555930901
0.004781274058060558
-0.01023998526617923
-0.008576589367180934
-0.01145954507268434
-0.02882816220638541
-0.04315601440736462
0.02067854949714279
0.03554778073662103
0.01986655541410896
0.0610674532962085
0.05298677278930771
0.03992653042316237
0.01912312712600412
-0.08844731913398317
-0.05431779072378493
-0.07944826269986484
-0.05064302676861705
0.01550290215815327
0.09662751681832066
-0.001180822358737225
0.1210849364090114
-0.02248347743694959
0.01950063269995102
0.04078921594902088
0.07311309647074807
-0.03166744479779615
-0.01571399677161487
0.04688919472996418
-0.06521546177072779
0.03033128694306232
0.07946808139301198
0.04939645797987553
-0.0008658266100454587
-0.009203200491921387
0.03982038425087687
0.05183065407187878
0.004277796162239986
-0.005013470668349685
0.03801385318252821
0.01228184886154804
-0.06783986035514607
0.07464324775444638
0.03025299951255097
0.01131098351576711
-0.01796275167358867
-0.04462960482188783
-0.05650430971629657
0.03834815017479713
0.04098251291706744
0.1029077907842659
0.05736454995211961
-0.006236327369347854
-0.01764129784230585
-0.02922361094260476
-0.02866724633478015
-0.02375270175697637
0.1070580510548779
0.06981236869812642
-0.05230979782673635
-0.04855807070767236
0.1193119788152702
-0.03529471348677277
0.02213586373063795
-0.07324796231333577
-0.01369348617752461
0.04863957624084212
0.06659025861819062
-0.07776345060141857
0.03025642067369896
0.02544549015637156
0.04275621461164861
-0.05623625115948992
0.02064312156758275
-0.04713901016234814
0.08840820580254899
0.08051226262197007
-0.1091099838439986
-0.05128791209343345
0.0247681383622821
0.0707243172814018
-0.0576939200684124
-0.1208043871190563
-0.05305968555119574
-0.01218928928494658
0.1124046973006718
0.0961957997873088
0.07854838087615824
-0.04098827105244196
-0.008000236944494005
0.0669594645013874
-0.008423164938216945
0.02433878520485812
0.008631137456257015
0.07222337761249818
0.07813893006081399
0.04743155655537581
0.01971682210662754
0.05707264678370043
0.02075500404953594
0.0265700544682163
-0.03173325439326119
-0.07938705359369956
0.01671450872331394
0.06105290694222641
-0.07865501321981275
-0.01186492430908571
-0.04379531700812198
0.03499618793134078
0.05533430593850384
-0.03162883050231013
0.003730412781580539
0.005161390418348281
0.01390259675178583
-0.04944052787312359
-0.05628424286364746
0.03964626238481497
0.03478180636426589
-0.08360796039769693
-0.04167559259015658
-0.09293247782177003
0.0867200627314772
-0.08767963793158449
0.07481711908952245
-0.07370118848513271
-0.12171746522373
-0.02889960140987324
-0.08578248262302861
-0.0009282870555324639
-0.004280886451729464
-0.04736686687890613
-0.08750140288644218
0.03626524630223252
-0.05530030637345334
-0.06166954393942855
-0.03096763420329752
0.04614295597158206
-0.07751553403561176
0.01673857269972463
-0.1021859955799623
-0.009239783043227888
0.04693971567154583
0.01636339251167308
-0.04672167165038469
-0.03559425602259269
0.1277990380218365
0.05248365187929195
-0.06635541106766329
0.001573219687775494
0.007724986070773879
-0.04986792091835956
-0.04091738815661884
-0.04333967433916425
-0.06890913639987917
0.005151348834608105
-0.06687754346724255
0.01011057434530326
-0.0187433907829587
-0.04932700216627563
0.07653341131076859
-0.02649683743390387
0.04705433248783432
0.04544400106979075
0.05499656543374256
0.1401323195299739
-0.05614410624830022
-0.02102390892658119
0.01994894956087555
-0.05283041253819815
0.001621758777569468
0.07241071684043592
0.05793498961507302
0.01133801202447181
0.1189930206163352
-0.03837192445135977
0.01173974101732934
0.04355019113639949
-0.007354988253768523
0.1286020144315624
-0.02719407984654616
0.01861440343519159
-0.0394835974221415
-0.0009818659664371111
0.01539587641589231
-0.100002915319445
0.005183429004429224
-0.03193188132113668
0.08871113495769782
-0.03021879353052534
0.01882411129277665
-0.1111097913042197
-0.0440548929847326
-0.03360925456792715
0.04267385990060452
-0.1254676773102815
-0.02920564233859115
0.1075155863132944
0.03461118711470073
0.08073987356899004
-0.04663062752515977
0.02356838150560403
-0.05711800360610135
-0.007948672355000474
0.03611603577249495
0.09734852920344232
-0.01773508226374667
-0.1041499354010361
-0.06057236930946241
-0.05025999691351525
0.03857206521615404
0.09055988612331081
0.1057385202450884
0.06672794931061644
-0.01412126824233859
-0.02732722054970469
0.02862619514028985
-0.01817442296421602
-0.03842031313123955
-0.005129079918567443
-0.03436675407580432
-0.02496172353308584
0.002311757037848104
-0.004019244961245866
-0.0481913509389571
-0.09353544709777337
-0.0558806806544583
0.03326567892850514
-0.0827329295458198
-0.02849406570961831
0.01004311759551318
0.05501494385199582
0.02558804121571845
0.09594564663606814
-0.04077181408662402
-0.02121524342976592
0.1453244722938484
-0.01111632590714763
0.03198970943900845
0.03033156130431538
-0.01140393864922105
-0.05334972561223009
-0.164008507166372
0.01434357651843684
-0.01210400548771742
0.06012355214246082
0.0162353091937479
-0.03777919184007242
-0.02617346597841502
-0.01446541859761534
-0.1025156320696473
-0.007116037893647061
0.01360877941253387
-0.01234895218902074
0.04015821799103232
-0.08564412609564701
-0.1215805441854253
0.08544191290907313
-0.1201230676494432
-0.1043842154337196
0.09649745132689624
-0.03385238936107722
-0.002264830384955466
0.1029904313435614
-0.04526793019343574
-0.01959758240274333
0.0843512019960084
0.1130654080175831
-0.08707142794203568
0.009832693680709839
0.02247551605575064
0.06772167084691474
-0.007890429868825148
0.02066047519115367
-0.0001790724618801476
-0.02526308592789855
-0.0464660197860618
0.09308712978809539
-0.09818771435408424
-0.1031937191466953
-0.03288078700255982
0.04184795653751851
-0.06207601388038638
0.08010928066413461
-0.1390453485059642
-0.05375648608771093
-0.01261476663800011
0.04261877613987834
-0.02913751477230862
0.09933863512290582
-0.01485121000660232
0.05375486871325048
-0.1607643561771674
-0.08105460806151911
0.01503565908163203
0.04503205220841607
-0.02178934271657192
-0.0333972706507195
-0.008772824450299956
0.001967656515421697
-0.0266952122283204
0.002400829552250752
0.02777382074523525
0.02879009611278881
-0.03975145773677052
-0.06478596651198773
0.09513368399507841
-0.04380824876912427
-0.07266492481911872
-0.1803479852994964
-0.09755211622915036
0.007441943690682658
0.01177686583692268
0.1199809459691948
-0.0724842355039948
0.008535690352242251
0.03120595978491028
-0.01229289832427446
-0.139056004762957
0.08888636089170275
-0.02636526609765167
0.09198840152981259
-0.06100687533298801
-0.04135432866107721
0.1384724386083114
-0.03932941350805298
-0.07084013099972296
-0.03188258655225019
0.07295205454901518
-0.007614633716714329
-0.04664146930352778
-0.01497729322005042
-0.01779562589035252
0.08144976303084812
0.03425113869040336
-0.09168954401516975
-0.03802901991299897
-0.02489934329480151
-0.1177305108404546
-0.08908285842887337
0.02256772186924261
-0.05094966561250339
-0.04047079873520686
0.07275998713535478
-0.01630831852967456
0.05864005376941432
-0.005436193429436062
-0.002238741819970714
-0.0768194184914331
-0.08811264923749959
-0.04241777014387886
-0.05557764553055996
-0.003533950295030858
0.02248454725019157
-0.1570647242912537
0.0116957667905274
0.03261764588174726
-0.01487980761199675
0.06854493917054877
0.03338024600414564
-0.05250198876691071
-0.01975518071689773
0.07338135570703269
0.04235081946138289
-0.05880278327513071
-0.07615222552277261
-0.08502603885029333
0.03876609951346012
-0.002403268439920928
-0.03614776614188586
-0.03719312505630708
0.01819434459911433
0.01586058306263129
0.0635948175917974
-0.118892878134924
-0.04768194372622041
-0.03231234344228339
-0.01883049919328471
-0.005415422176039977
-0.003953759033622432
-0.1344339371386681
0.06345888423311288
-0.05660622910308789
-0.07578132441299112
-0.01152792180654864
0.02574374404881861
-0.1544245810960727
-0.05958963107890399
0.07304616869335809
-0.00851905558705952
0.07769879701361462
0.05733936354268905
-0.05141414906691263
0.07493917432534954
0.02323625007101124
-0.05848780671035629
0.01346414484318188
-0.137809748114367
-0.01154104812099222
-5.72850219198312e-05
0.09028183408586959
-0.06591463207896567
-0.01971837980893799
-0.068454384458377
0.01302086786591223
0.01541055415552966
-0.1072310932506892
-0.09946260952516725
-0.02812396604567767
0.1076723642128995
-0.0387425023431006
-0.01200740683321565
-0.01584791986867475
0.1392580942438069
-0.05944338202052601
0.08857206783247035
0.1649176840155127
-0.0127502263957012
0.05847784797176504
-0.008568919642348792
-0.1007917426443505
0.06933511905226222
0.0001534741023718825
0.02023105051771783
-0.03159205945516666
0.03708718454187698
0.01655552934019046
-0.1742009524724783
-0.03154357756347279
-0.05579472561609217
0.009747858230898701
-0.01773131990401248
0.0318952486199282
-0.07421078571050119
-0.109220223907756
-0.001102639003781949
0.04960110614962516
-0.006526679555986875
-0.04421636681035662
0.02920733763144811
0.08338896955945554
-0.009319222332765817
0.07471093286020433
-0.02832530072358613
-0.04358610705137397
0.101518472562227
0.007035266624927561
-0.0545113750533702
0.08635625969592364
-0.04305376724736237
0.01997925772709877
-0.0670002572309521
0.01941988393685682
-0.08187814199650544
-0.02740536686780968
-0.02710201237470036
0.01615831395992575
-0.02214343382863634
-0.02932369239892493
0.08979640878406461
-0.02398794497080343
-0.07583385573386299
0.09542434444538279
-0.04358179462063422
0.04908529526874336
-0.09868108876915199
0.08128884834002147
0.087357551708429
-0.08040503125225856
0.005144666999112785
0.00237865295376123
0.03384148439708007
-0.01971496470477269
0.03422581621111897
0.005362813969715765
-0.09535153888415621
0.07908685413605786
-0.0539557747554663
0.009027160129317771
-0.02728179478210029
-0.04731061543341113
0.1118356677921598
-0.05314339919765217
0.08182271487237389
-0.0260542139715151
-0.01307941568746677
-0.03735144045581748
0.06622165587269706
-0.02397353237636525
-0.05951927056450929
-0.07460413099096294
-0.03048216336016707
0.0689355736826523
-0.0859960967826368
0.02429602263255547
-0.02846623319235319
-0.03078462377909618
0.03081598768450191
-0.0949947878761862
-0.1673502824819008
0.03445199246763917
-0.002636946433668425
-0.01571030088781067
-0.01033509125941925
-0.02282445947173479
-0.02745673728823056
0.01118520549552236
0.0622835278333627
0.01902472170082156
-0.02958305939483412
0.06895016788388229
-0.09772214299934244
-0.01218755154500337
0.005746082930493026
0.02321230629376791
-0.01449970421138881
0.08926583761542908
-0.07131278262688961
-0.03111656258921251
0.09180028821769762
0.04755388433253613
-0.003917676734170331
0.03110052941663684
0.02354762185018087
0.03389042867735166
0.01341514018490668
-0.04147944286121945
-0.1647461676267171
0.117870540716959
-0.02193843018761811
-0.08901672170636758
-0.08526382463751367
0.01839842176199027
-0.0508218025897141
-0.04865978121881483
-0.05968119331132408
-0.0160630582415072
-0.008216923531858513
-0.06282105166531987
-0.03306654253956945
-0.003166310650800391
-0.04824435860854096
0.03387922099381239
-0.02727861381429073
0.01889601287759645
-0.05106159825677199
0.00363282003730114
-0.03562862044882548
0.1530152466839176
0.04906465478004964
-0.03106238217799258
0.04197046562068684
-0.0404354731612413
-0.001371125927985196
0.07374490729229755
-0.001380890006876599
0.001580437958953202
0.00510910707568181
-0.03041507287208957
0.06029191877541888
0.02704830502544755
0.07334063050956852
0.02071243841301506
-0.01670505902886881
0.04330772584555923
-0.06941472332003187
-0.04953413042635391
0.02795380962669105
0.04031368527061485
-0.02721886920711554
-0.03689972778860597
-0.001652064373093613
-0.05247325733185176
-0.01565498910163095
0.1195647589429754
-0.05688743257087125
0.008879562146756736
0.05656023884943957
-0.04563205799980628
0.1425160278746028
-0.06522279971332923
-0.07433162573716195
-0.1025023051829746
0.01057206698901182
-0.07559996016226796
0.03179646598698749
0.01103445949673369
-0.05089231843829481
-0.0762586974781503
-0.107076359006292
0.005431817860000916
0.01191001677665903
-0.03192572910950646
-0.1287599833527483
-0.01503456275911141
-0.05648521417313521
-0.03542622333173227
-0.02729303078219369
-0.03718242335225212
0.06684646154960175
0.07078102360835524
0.01023848872585961
0.001541916561788464
-0.06332736435356161
0.1662657108935642
0.04453169581670113
0.007983148386426712
0.05322884225316758
-0.007570621036237339
0.05598755356400963
0.1241942032380968
-0.03157806996960063
-0.08195965147626755
0.05205446861590017
0.06455317472343831
0.02415984657225866
-0.0841650774253285
0.04795392929869059
-0.07294249898549109
-0.09337764884199731
-0.06527322565745966
-0.0621372928633579
0.1373324108135683
-0.008545762094658425
0.02396778197398073
0.1194436998259264
-0.02045921008175845
-0.03186636033060056
-0.01894101990660222
-0.101496805416913
0.03209519590986637
0.01116716147632612
0.008286075300141971
-0.05158135621852716
-0.04634161978421959
-0.01264196139299518
0.03842860436132094
0.009428678628012797
0.05100936655353858
-0.03711630758718591
0.06230898330276971
0.03510235534982607
0.01199106915252236
0.02019213854143498
-0.02374893522145392
0.05399331556881021
0.01213306798788192
0.02032693987267113
-0.07374515983106175
0.0114746598154186
0.06130581626842803
-0.03910804056990502
-0.1642051146171939
0.04786610515317698
-0.09110220284885823
0.001936212177334037
-0.009767053262964662
0.02417815977359039
0.08194286039104948
-0.08613530001522157
-0.06732216326346047
-0.02102117448330795
0.06431468165542961
-0.01953088323924104
-0.01274120526931827
0.03345225308863628
-0.05433008853542132
-0.003650402817313856
0.04820034501781795
0.04548528556060098
-0.09363120525559734
0.07151052470729058
-0.08364737269791636
0.04710847010404154
-0.05347861250610745
-0.05048775379685615
-0.05891125477376297
0.1231570773093006
0.02199431758131885
-0.05123776480225241
0.1209775251772919
0.02448684370401142
-0.02123196199422879
-0.003124323081607497
0.02087616663170037
-0.01211775026808099
-0.08207648422013011
-0.01825339562468063
-0.1705198364598649
-0.07156229407631727
-0.01356309445685729
0.009046781518300878
0.06012339089407352
-0.1677899951029432
0.001087021244492739
-0.04751318360417257
0.04353596682474466
0.04162374603315553
-0.1387937610580901
-0.05856477207316252
-0.1239489109625816
0.1346060727779892
0.01400538589850953
0.03272749352591166
-0.0652029326710699
-0.07262401602557464
0.07383265011676655
0.1240089181092693
-0.0949672020586361
-0.03393868303374097
0.0594868630645753
-0.03597404191397764
-0.05201053905308502
0.07788351515240541
0.04467536432271227
0.08200829528079978
0.04504317177537209
0.02106217847947426
-0.1250744401610221
0.03021660301169918
-0.01383872733706196
0.07559435465898112
0.02509606667514622
-0.06351653124357022
0.04445304554994658
0.08653458958957519
-0.04703191925630866
0.02554613838803681
-0.06175770699772577
0.01690252238587525
-0.005383391147657696
-0.1052270850943719
-0.08090871052444204
-0.02007367118500551
-0.03380236952308166
0.03958195132501201
-0.1399941415017459
-0.02690467391420374
-0.02954152767955472
-0.07315545736206774
0.03713901913165127
0.03136858220896231
0.01902066801774833
-0.0279358750370983
0.03172641909297438
-0.0479998157413894
0.04350171857843854
0.01476831733078469
-0.01793097432547867
-0.01715887988756733
0.04812706423290497
0.003878698125095944
-0.0232893526237837
0.007764822105888721
-0.01105609173811163
-0.08433854227740283
0.1671947174091617
0.02592630624032734
-0.1324883680361011
-0.006941629578875197
-0.02622320120876025
0.0561739687122674
-0.02356669555138158
0.06145206370056638
0.01118307489198489
0.05637352183001465
0.03220977181606129
-0.1210420391824493
0.04743335024956983
0.02458099277908581
-0.003711010958128133
0.07137885067950003
0.03435821447792842
0.00132536186424724
-0.1516425694705766
0.0107867597217066
-0.02029644587152584
0.06720727629266722
0.008686723824010176
-0.04842993680062008
0.004892685620220962
0.02772661206140548
0.1245969634686126
0.104232431381696
0.006739900657909123
-0.1059511694603852
0.0001922595789968923
-0.07525884321159729
-0.008508698730567442
-0.1630453737811352
0.09844767821477857
0.04531800174413643
0.2521272436185013
-0.001985554953889225
-0.002380669369337118
-0.06299642683140277
0.05073101828833
-0.06306206729863038
0.152549312253045
-0.004089684224336198
-0.004637144508115582
0.04818067246099478
0.04175153741289123
0.07691484048205793
-0.02638316261588857
-0.06162007534273048
-0.01430730390352349
-0.0130748569962548
-0.02253359926261325
0.1011065226121268
-0.009690360752469547
0.05147607479086523
-0.006998317341475734
0.06688331266581229
0.006953912261259236
-0.1140228986309252
-0.02713197280784619
0.01310876857361236
-0.04891817459262349
-0.1216806094158518
0.06621801225168254
-0.006817161780336103
-0.02219906344072312
-0.06998791929512829
0.05678406242414547
-0.0694968625669139
-0.03977391094140558
-0.1199327576018592
-0.03293033166210212
-0.0790273571441433
0.03006105801008398
-0.00805126244669417
0.03345292144555725
-0.04983431541286325
-0.01262827180142501
-0.05549729443032594
-0.02519525641465025
-0.03255002798685931
-0.04807554275391902
-0.1410155840006302
0.02555952497746016
-0.1016191925580103
0.1171963391503962
0.055864540609675
-0.07160816906185156
-0.05820536804751116
-0.03657438208052441
0.01954317557415209
-0.06238296257495146
-0.005375160066964289
-0.01203495006686011
-0.07126376471886658
0.03540329624692636
-0.03777777429286799
0.1459614487962528
0.0002865331040492677
-0.05441122809669889
0.02786478370563535
-0.1044615838154054
0.03968732057159179
0.02433487017825698
0.0009419651236028809
-0.1261018538829857
0.08271074363434489
0.0680800497756644
0.01180458545616346
-0.07587661738427573
0.02011968147069453
-0.07291314471855671
0.04311065048495141
-0.05628013890967026
0.107573577439375
0.01958014036645024
0.0602447945469289
-0.01418680986763794
0.02769038592744348
0.05820889503798187
0.03325734906315096
0.1045418671357498
-0.03112474073158011
-0.08309841611963073
0.03134212920664943
0.08854776676431235
-0.0005586366267924525
-0.006897138445838048
0.01645747385991299
-0.019896741985352
0.0241114316987351
0.003991590292197658
0.05852384370911518
-0.02477899893858235
0.00897741447217008
-0.07042625501049707
0.05886888375709454
0.04846329308953495
-0.03554051915206132
0.02637336825819148
-0.02898176968688228
-0.02979510975404512
0.08402960577602922
-0.004571844192650984
-0.00671563572540038
-0.01501732098263448
0.01742024476905996
0.05979172722147659
0.02749962912191845
-0.1120510515781432
-0.0153244642793836
0.02568048575331852
-0.01502404561599072
-0.02118101804163991
0.01084525655962874
0.06314628727211531
-0.05169821185327743
0.0298794565188103
-0.003619730705239775
-0.114069451160422
0.07684347238599809
0.01889135783455384
0.07001769144620787
0.05545575165135337
0.002876041715785493
0.02499613265811573
-0.06037456058416085
0.03865055515532331
-0.08028268590892537
-0.05796538069437511
0.05889175731862989
-0.04945991015627875
-0.03758018306312355
0.01337921709444225
-0.03440568612984077
0.01484305234721759
0.0152392091759265
0.001862875924333847
0.05105995293639501
0.04789046503099448
-0.1453051138819878
-0.02743050603779606
-0.1048038716564978
0.08783472961237174
-0.02063627855493002
-0.01161879421758989
0.0423848458692694
0.1650760785688502
-0.1156407962982
-0.01371788510732271
0.06761368462249431
-0.05403401986079366
-0.1021886970189034
0.01911948029777503
0.06923330750465548
0.05492429014261043
-0.03284905227542821
0.03867227365522627
0.07269774022319458
-0.05864668248755502
-0.01908312812931417
0.009000787091544168
0.08526597489118146
-0.09239190541850756
-0.01341827569532079
0.05898709160381495
-0.03271068425047019
-0.003870388235264585
0.02472906846867463
0.07303703243599662
-0.04707604594487851
-0.01844192145068831
0.059953490422927
-0.07294094404529997
0.002951723578366466
0.001376541540390339
-0.03993982045814987
-0.04751989448008057
0.04328765714485542
-0.03384139299940298
-0.1374639108656741
0.04228476666114946
-0.03256759590900431
0.008271435665900294
0.01718815054851488
0.1216245068881866
-0.0174422004806249
-0.001699046605364102
0.04485076517703149
-0.03388043222259324
0.02055643894900864
-0.02065577534212043
0.03540606758918422
-0.04574616509103367
-0.0107771330950793
-0.09740408441961565
0.09738014811037796
0.06489993029239532
-0.01556296920386488
-0.01015357901256169
-0.06536358148880909
0.0323612883269819
0.1183305276245193
0.01455338379082557
0.01527681141886466
-0.02686846816671378
0.03815539083241935
0.0009084150747358036
0.1394256726775464
0.03501188605542954
-0.03636329098041222
-0.04413107201656329
-0.006429111475387446
0.01911645493251994
-0.01202725561740836
-0.07206500737618884
-0.05353310344632062
0.005315797452909712
0.04185808603532416
-0.02044418230211387
-0.03545224297740925
-0.06646702085280835
-0.1310480116367421
0.02437435511729584
-0.1777310411587671
0.00401253667333246
-0.01729576185062589
0.0005406882163574329
0.02147806192484767
-0.06410202875708305
0.0199365594155104
0.0592728942044155
-0.02885332550962742
0.01218471404679875
-0.007091640369913096
-0.04313065127319591
0.01778123411154224
0.04289450086519045
0.02000296980591488
-0.09005188579143081
-0.02568183554184843
0.02426510927564228
0.08190266228419379
-0.07585358679471518
0.001123431006838593
0.002585544500043412
-0.03770829642442426
-0.04204347538228174
-0.03155897559688839
-0.04400344611439063
0.04833171019364026
0.005625436898806022
-0.01877017778120469
-0.01251399503251321
-0.007341357803400594
-0.02459337175248556
0.1090349786960303
-0.0123491254084341
0.01213946100528325
0.03748072292220225
-0.05950922065018714
0.009981627482342891
-0.01534396140377358
0.04884753894196549
-0.02632331940351719
-0.01685376728499742
0.03247820949895676
-0.01217077312354743
-0.03066869964688385
0.027402056905003
0.0249797075304953
-0.04742955634177368
0.03896658119692398
0.03765769100586247
0.04835579621846384
0.001660588943368885
-0.03573957466431739
0.01469682166414171
0.09072270591271619
-0.03850065568334424
0.03675040101381366
-0.01141178255564655
-0.08823258835448758
0.06613663085294304
0.03012385714535649
-0.001009095940567688
-0.008021355456224497
0.09798997839835412
-0.02096146115668678
-0.009602807688397547
0.05257223112934298
-0.01970284691408843
0.1065425667462667
0.1087877592519119
-0.02709797332749248
0.05309281169120933
-0.04150553679967593
-0.02436193363518122
0.01873529351345259
-0.04146846312467727
0.0223219083908454
-0.01226253384536083
0.130893651684698
0.05491360528284891
0.08088999444862584
0.05324532242660721
0.01905257502440005
-0.02921857286618002
-0.00898529269922904
-0.04469272504811263
0.01364679348687774
0.02968260390743279
-0.01877286033021771
0.04366893521617933
-0.02972887328226153
0.003819407031018983
0.00862889938387516
0.01984056953133515
-0.0378132111303295
-0.1517422373296967
0.07455374615246747
0.05530414535309519
-0.07735523811539451
0.06865342001523703
-0.1246898953758112
0.03616065425476953
0.01345173219686764
0.03409970474284898
0.08921281923881132
0.08274573013177533
-0.06037447910260152
-0.03149561424105586
0.06194922833087762
0.01339630696571425
0.0610160343433807
0.06024430205099997
-0.0275365029170205
-0.03034523385545696
-0.03464653325787818
0.07607492675207499
-0.03098319509488405
-0.03082267585910567
0.02069495307698614
-0.08466560450032547
0.02300072614343548
0.005552505928302257
-0.05278897519231075
0.04451952938195251
0.003847092256952653
0.05544243409408018
0.05684079256111879
0.1118069381810542
-0.08823338964458401
0.004608675238956288
-0.01286556459449537
0.03931292900556506
0.03877232401273584
0.07220788132493816
0.002465321604106358
-0.09957750779189607
-0.02728667361588408
0.04944737073711109
0.02914335196805836
0.03100517979922016
-0.05984450004929574
-0.05179848435896245
0.02863700440403592
-0.07356317210884106
-0.07821938579596284
-0.08231073051197635
-0.02154187920072432
0.009196380827881427
-0.1295493827724069
-0.02720664387387003
-0.1074005115724841
-0.04979083119681777
0.02739838974648359
0.09424922474797277
-0.03864126549568198
-0.09884509327610377
-0.002654328429549296
-0.08959960055987828
-0.08286504787537224
0.02493688994404678
-0.0002635235506930761
0.01148167810569381
-0.09208487818577005
-0.1064229441832979
0.07210606610898704
0.01016503089996126
0.06292373438855062
-0.03163660193541126
0.08187289880893692
0.03388347241843814
-0.05505245536798867
-0.0476014280964072
-0.1159311521034192
-0.1094632366501881
0.02273052806270481
-0.06244616654676476
0.002378989969163248
-0.05677910314385118
-0.03864898471772688
-0.04235577828633256
0.02344106555572774
-0.003806976743418414
0.03003876780243901
-0.07200615378378689
0.1225311064985708
0.07555842410327315
0.02564005686423404
0.03699930076350401
0.02888037359781001
0.03370805406109715
-0.02449201332058568
0.004997260104337504
-0.1538407073691667
-0.1037488615440081
-0.06363373260433208
0.02449849478623436
-0.01787788852359562
-0.09215711032808133
-0.04855312404121313
-0.05185451487571716
-0.04899303080329049
0.1130147502717559
-0.03630686857433277
-0.05520907921610566
-0.1154042877493463
0.03364621253596904
0.04872250964991266
-0.109108932872709
0.09645869837315367
-0.007813634381459874
0.0174775769977229
0.02369124162525548
0.02498921608599336
0.09685959294631281
0.0561209052976514
0.01337817748712853
0.03344955190159875
0.05658306704940935
-0.02860780206491469
-0.05180763298562022
-0.002349750439494803
0.03334907778526168
0.04600800834018405
-0.02358075146442544
-0.00351996607662086
-0.0232026170343351
0.0362632584569309
0.1095965110097788
-0.03057104969632239
0.07801885588834739
0.02147006097267898
-0.1049791990241284
-0.05031986529343491
-0.08814047933535857
-0.01639525565251963
-0.02503296792606738
-0.007552433521728116
-0.04795746758654783
0.01855286180560173
-0.02734543403922003
-0.05131376041976633
0.01973861442112838
0.1046173941170833
-0.001336604175769668
-0.0657439494881564
0.0411323441283954
0.02646491556795299
0.04899478998016603
0.02292231087207603
0.03653643691054245
0.04818347462969881
-0.1336675769581043
-0.03469238832374075
0.06842430993338272
0.0005865708081818598
-0.01738745336747547
0.09420342133525883
0.09737265324288875
-0.1779941398489628
-0.0176206524739989
0.08606683034899321
0.05603507421033261
-0.06454955139529972
-0.1053675898422936
0.05520210189859719
-0.130240997704573
-0.0349333129804557
-0.07124347931383354
-0.00522651916810403
0.130068117538673
-0.03194459312558912
0.06981469989959786
-0.04446542297320968
0.03595733368242526
0.09340155798185246
0.04861260072921038
-0.03789083383311512
-0.0882561870872237
0.06875086354304175
-0.06511130602731198
-0.07608049167622563
2.114714357562275e-05
0.06152016136992901
0.0973343871782906
-0.05970072840080233
0.01383425767687054
-0.0230507321512445
0.07566052075469262
-0.04969284763373955
0.1567894205455157
-0.05111026282150141
-0.05445063294094316
-0.102400885857824
-0.04141307151920681
0.06493867071947707
-0.03660640195907184
0.042563309002804
0.07878771404409268
-0.06333780260839499
0.03256928074163348
0.1253426765282586
0.04186135258440124
0.01691208413286824
0.03717455649314191
0.04819852626114572
-0.04731904349164687
0.0796254321538431
0.1279162070437961
-0.005015516639478003
-0.02111744049357098
0.04697934474970304
-0.07696190492305577
-0.01950131633981629
-0.07305022175183933
0.1296383028806367
-0.01756354703930468
-0.02350898921291747
0.07355090460139263
0.09835782754756889
0.01638862477182036
0.02708686720017817
-0.02999971058807381
0.008141345854644577
0.001714767618258129
0.1306733008070818
0.01093165888963611
0.01374921436258641
-0.04117015299675892
-0.1049632196199189
-0.02773170924464905
0.04064895809606985
-0.07812400439179196
0.1514836659164703
0.01644665857172861
0.1041478315410721
0.1401725010538219
-0.06133937830368551
0.05533770394547903
0.06076451541962319
0.1926704273139387
0.03924898643645676
-0.04145029568176639
-0.02335606593665967
-0.05605093499688746
0.07295654562601075
-0.01088184975719498
0.01207338585508765
-0.02694716393368374
0.1519672077456158
0.07327989268707132
0.03334181419038751
-0.03105818351023945
0.01784426184219277
0.05501534604787922
0.1064893297419134
-0.070931696174762
0.06474647695430469
-0.08533539836960294
-0.07993324567499024
-0.005052331110855166
-0.04572982760691651
0.04118572039715163
0.07540359078687855
0.01219210607178236
0.003564239388218642
-0.03785884698956191
-0.07379050812582921
-0.0871828830213196
-0.05409125188291235
0.04314872541008125
0.01451731096555022
-0.02534394137063299
0.05574693477654859
-0.06945012456604667
0.05303288683511686
-0.1393412590581783
0.04636211410904319
0.1028991592101803
0.01845953307958489
0.02190264831408687
-0.02282909336755153
0.05189561233958212
-0.0001451775253844337
-0.02878344119383484
0.01099742689131321
-0.0253418079954514
-0.09641471167411075
0.04286950449116433
-0.02073316549621458
0.01142458455862386
-0.06313267915543538
0.06040560318418664
0.003946597347499244
-0.03898541590986824
-0.1216518829289765
-0.04040389535480438
0.07677438002050774
0.01411819465735845
0.007497820789448179
-0.01468573789283317
-0.0404015682474133
0.05584853963558612
0.05247429470200832
0.01819174149552655
0.02047622600578355
0.08034552859730364
-0.00687665991907066
0.01099234655301128
-0.04262622233182204
-0.011631517879916
-0.03069039525678244
0.06969817938173503
-0.0572984604833369
0.03630059857172538
0.03693229980642526
0.07868382310596504
-0.0357956447948568
0.0559556749236482
0.09582915487470145
0.01114763694278811
0.04366294225871051
0.1524658772740385
-0.08481793520051757
-0.05484839302876378
0.01488399384049408
-0.08542911472662695
-0.0441302218460695
-0.003578023901222603
0.0612054066684773
-0.004521497194895696
0.001903343254603319
0.04297112834700422
0.0320786901890559
-0.04273894752087072
-0.09890165514331421
-0.004563493888670257
-0.02478592403388014
0.038947518796632
0.03342212498435154
0.01254244543300463
-0.05961662572688368
0.09852712190139576
0.01386111219472621
-0.08031194793204038
0.06583379294133898
-0.01999873434299271
-0.01405406303699164
0.05234134042372154
-0.1083237381644757
0.08597733598404453
-0.1320495163746882
-0.06505160711054767
0.02866727881977976
0.02163740105780008
-0.1061787850532328
-0.04619695457536728
0.02246039233015795
-0.01936199161843667
-0.01910826284008325
0.116420293493559
-0.01544758280460047
0.06146038889054114
-0.005463374599176292
0.0926915952959947
0.002778845691562271
0.07453277004446349
0.04414989551129
-0.04060659758897647
0.02240050459606144
-0.01284230020482646
-0.02892483627935939
0.007779946046038787
0.01439027437754221
-0.00418653103780272
0.02704935555973529
-0.08649022310428256
0.02838411869897133
0.03509964520982006
-0.08242463591522339
0.04598889086506344
-0.008170924170032828
-0.06351399877891648
-0.104145657274129
-0.05998465401142507
0.0824837412313716
0.04117252376362204
0.1015858176594818
-0.1150099677369582
-0.02961976275080671
-0.06622543444604864
0.02098680185312055
-0.1698150998479875
0.04191124477162787
0.05420891328367525
-7.243447739323228e-05
0.0203367797408502
-0.08608175751064193
0.1228537927637749
0.003211949186757872
-0.07559264654772566
0.007064486604488492
0.07791939239933168
0.009911355071455991
-0.02043807051213246
-0.01003678919731421
-0.003351395332240596
-0.02130495732708107
0.05985027120572209
0.02873270249707258
0.01803162803870724
-0.004601676708540111
0.04722410552997285
-0.1366419728513895
0.01004214355110355
0.08201189540608993
-0.05630560125947498
-0.04347882600216418
0.05889077048569169
-0.009652909028491058
-0.01015736352950761
-0.04284963978070357
0.04311702031701727
-0.006601823026003538
-0.004794570145201626
0.02385416534107307
-0.03494699269172968
0.04377470244657519
-0.006571129890135141
-0.0005390378136055553
0.1420657056196754
0.1052769662996529
0.0103793923045938
0.00346669132025567
0.01709319704477384
-0.04258691314963121
0.006492060332423499
0.009556659108298608
-0.1054555387283373
-0.04438777298727631
0.02538090879597174
-0.005668137811543066
-0.02420248609571714
-0.04503318914656641
0.01189907985180185
-0.00637687946253428
-0.001289355322689314
-0.005142695497169072
0.02217508340901021
0.1109692446897075
-0.02070360890603506
0.09553665007319348
0.1103726966746072
-0.01233181600693104
-0.0508713874377735
-0.05411758084885206
-0.06342184140742554
-0.08540964496729195
0.02119670339388585
-0.006357553488395416
-0.06555109269712747
-0.114898505482803
0.02513891729790277
-0.05865105821981763
0.105013615268132
-0.09656797666707692
-0.04842702017825763
0.01941117751057642
0.06626973224389188
0.01979569967368415
-0.02038179133826012
0.02877119457843477
0.06499375822736718
-0.008708474770967881
-0.02116164193360325
-0.05267065488913931
0.06318526707392902
0.0818709439406773
0.09260499667234609
-0.01517146922095464
-0.01946259922204802
0.04117897529867322
-0.06396578547143514
-0.0377187817877442
-0.09025390281478143
-0.05071751465571968
0.04215648317857456
-0.05440057364050707
0.006047653623187967
-0.06038025342434661
0.001114454754940092
-0.03297796245727893
0.002353709221519208
-0.006969878816537265
-0.01816983348780891
-0.005655900879837939
0.03887792002299806
-0.04090275563189812
0.01320441279036583
-0.09274138238070084
0.01310924406075306
0.02405956948652976
0.0571697446973228
0.0649991860168762
-0.004421485806408307
0.03536449264030547
-0.03611253363009803
0.01489635496703236
0.02882592880964308
-0.03720034150744247
0.04292484668984235
-0.02367351369870939
0.02668560303366949
0.04130737643426797
-0.08485923415700938
0.06110411745420201
0.07257763311690341
0.005344112261455404
0.07519007207806525
-0.02122484665891748
-0.06940695324972775
0.1110941211914723
0.02808301056638337
0.01829243082121302
0.006514390791997785
0.07167544576398485
-0.09211861187637443
-0.1194404428823857
0.07872464292805169
-0.0220854049363426
0.02244152597672117
0.01269059970947146
0.08723528505900607
-0.09543461501689857
-0.01694963842739928
-0.04782202878650021
0.09540052025366877
0.07436471137849786
0.002678498462679726
0.02384528911349564
-0.09659671331959134
-0.03046365020550471
0.04809696781644135
0.07476410993313201
0.02333753527699538
0.02176536071919833
-0.03548486936008672
0.05571539010540696
-0.01889024179909624
0.08423294951439884
-0.1228762230103821
0.04929738765560058
0.07510390375054149
0.09651127738838651
0.04480093772137271
0.05261725599858508
0.04591398720150865
-0.1113861141281597
0.1015475919667931
0.0769144525156395
-0.03432478923106175
0.001057549463182431
0.04210396099720363
-0.03908575283600108
0.1266379737033117
0.06744411502291978
-0.08688708162345887
0.07670647066694569
0.03948165277239463
0.07603997106500593
-0.09750248581202471
-0.001084072058955429
0.07441656608346676
0.1618229531266167
0.05383139417327178
-0.01236864434313194
0.03225996852823582
0.06061670551596149
0.04874308458490657
0.02505614854933714
0.01879269776595123
-0.03055357763244407
0.1410839596175489
-0.0001288116207469603
-0.02660942261388188
-0.1252979257039154
0.001238669192844877
-0.09530315808292042
0.0009122476418526697
-0.07351302324832104
0.05847923252857421
-0.05349909968214803
-0.09095633954617105
-0.03959633637464282
-0.05750829538635024
0.03215688619004799
0.07879642589870048
-0.007379440728541624
-0.1106001805560454
0.07348179178451672
-0.04152780817726474
-0.02575138331465619
-0.1254705867308129
0.03707987899524075
0.1024279561078085
0.01676196014401543
-0.00491520893440529
0.05192553569343616
0.07959793673361973
0.02417694202829607
0.05549498705287541
0.1095926963186118
0.0545218176753096
-0.03799243100933244
-0.03082278001353384
0.008942787424738405
0.03758021396407381
-0.001344391087426157
0.0598516366243715
-0.08763216491441081
0.03650732225959621
0.03827776349364408
-0.1293799114880027
-0.002766874621697016
-0.00389246704701561
-0.05931480170746696
-0.007021361834523928
-0.04103549010208611
-0.08091861112990735
0.0279860706034971
0.03995488555976948
-0.02699602962128041
0.01267121465332519
0.07687532034570815
-0.0745474972855301
-0.02644350398807696
-0.05071451327463443
-0.1683295547942348
0.0846732596252418
0.01559553433744233
-0.0342801125105175
0.04344393517970572
-0.1078098658667097
-0.01824885502449275
0.07698939332596381
0.05422050749225059
-0.01954425051741809
-0.1097784680627049
0.03682676354388288
-0.02742415961153093
0.002706000235364693
0.04991592361475829
-0.05429105371828795
0.06792898792045017
0.04503069294347753
-0.03313943840272007
0.09104662744226778
-0.00918633008364763
0.08161812438764307
0.09784163737801271
0.002350204512790048
0.07793860478847657
-0.01644348833378202
0.03555280597592367
0.1141185692742269
-0.07246843315597581
-0.1068631645489398
0.1019145468135966
-0.03575533885874985
0.08933710329143692
-0.01916619923412506
-0.04019729758589522
0.05180667914984732
-0.007273389140177125
-0.0905186449193679
-0.07511859929094647
0.04979174117909355
0.07329311150437368
-0.163428422325929
-0.0152208457588993
0.0524590046288989
0.05294735804740059
0.0548333294090058
0.01374881201670645
-0.002555475838969909
-0.06910827649712292
0.05867780138753474
-0.05837257750510892
-0.02760322134328763
0.004391341726859394
0.1209377149356213
-0.02622119385838758
0.03308309593658909
-0.03695025200814004
0.04853650649880262
0.02977221106866818
-0.03077022109229892
-0.006714852035360444
-0.01850844346741751
-0.001373203795444443
0.1069781143922159
0.04148219125601373
-0.01000612759209158
0.07031761940708238
0.001061025191391134
0.01046542224138952
-0.02361377214308023
-0.01532046096301307
-0.09099049210413271
0.03154187588097069
-0.06399924459143198
-0.07426714336714274
-0.001795376928231032
-0.0073212978483818
0.03593233126808161
-0.1266250051931893
-0.1163398840873613
-0.1191225058639724
0.02669514043138747
0.03715368200479183
0.01555988558565208
0.08580515242911238
-0.05584082226575157
-0.05078001129073359
-0.05169278827794456
0.05622793133713687
0.06015948285202399
-0.01664079661935079
-0.01118407037275437
0.1100464628551564
0.08791159734650836
0.04625644561482969
-0.0004243904071772348
-0.09420225815676073
0.04041559190738467
0.02470303923796732
-0.09723570378540111
-0.1005095545109357
-0.09028121313577842
-0.05902391254717448
0.04489153703574846
-0.03286073982161104
0.0184144057946986
-0.03788559015360118
0.007103747681321279
0.03694793029748485
0.02309736028494913
-0.008086855780087186
0.01983457272889567
-0.05185004082878519
0.01741739187856735
-0.0314833175598202
-0.01710572757071006
-0.110255241802634
-0.09383760376826641
0.08672145214159743
0.01980441929322115
0.01034659460006102
-0.1130641914735694
-0.01287997603432184
-0.02239495777903899
-0.06024399933136798
-0.01175422782995812
0.01666496980744542
-0.01897740703848336
-0.05152016859904575
0.05361734611772147
0.00552545248804788
-0.02060871146480751
0.1028024169578209
0.01758021285569111
0.02921334317132044
0.08497886609580545
0.08088926974461845
0.1009439148238692
-0.05707230331577824
-0.02325491142746606
0.003510482179325723
-0.2118749345306352
-0.004024573609061288
-0.00537839156976818
-0.04627298391981571
0.07437529335804106
0.01077705780609966
0.04113445349428581
-0.0590188432781961
-0.04421229644951035
0.07160313599563783
-0.1318080442321261
0.1528066784119344
0.09338491718555884
-0.0355930592904217
0.08050512953867742
-0.0821819623988308
0.02253251745570007
0.02757559357752715
-0.02181907801097473
0.003422152983327932
-0.04331356564770739
0.1388405771712258
0.04494025906969602
0.07284070235661511
0.02221549444628601
-0.07173057402093311
-0.02543202045002854
-0.04775033675046347
-0.05240437259418612
0.0009054438594446063
0.02756703697203441
-0.08796801222707926
0.09718552115763425
-0.1206193024441946
-0.04229580485057378
-0.0315000342552291
-0.02158972699826407
-0.0316544532736313
0.01010131282567565
-0.06704262876499795
0.005826865736635767
0.08426330517069365
-0.09595597826566635
-0.07939555367893571
-0.1150003289694554
-0.04004188840262871
0.05015246866651664
-0.0708654468746874
0.02158729363119433
-0.05344068480506041
0.06807086625922354
-0.009149381885264395
-0.0764538376273428
-0.01084013270737583
0.07638261683668995
0.02257973541198969
-0.014341545329153
-0.003546469042391625
-0.04725659012665078
-0.002513982775836195
0.07761507442173128
0.01698338518515834
-0.02585010967113801
-0.01311435836567582
0.1432299870449303
0.07231572563387458
0.009307269160154331
0.070242999376741
0.02620348744131947
-0.04346926221388783
0.1149978933891478
-0.04491713121830071
0.1116962780881651
0.06591045688316353
-0.002139989053271417
0.03861785257340599
-0.1377707515911647
-0.02032184617475213
0.06178588286574153
-0.09087392326223095
0.05721693430806352
0.03705626159000417
-0.05737084071558674
-0.0214060939290088
0.02084234897858069
0.05315846872776499
0.03469763737920592
0.06432606669676749
-0.0006468969062733421
0.06042251432297056
0.01447971423688973
0.0533401186507873
-0.04328301090073892
0.05064235421942806
0.06174249334377216
0.09036694857144184
0.03646191608148486
0.03709014082329652
0.02047604014764212
-0.01031470870626185
0.1045753777526228
0.07605233277491864
0.02280962824312599
-0.01349224475423551
0.112748210703334
0.02975096584673178
-0.07925700902035535
-0.05080067965032627
0.07933295382247013
0.03764667827239943
0.03173890963295838
-0.02995794804619185
0.0247886850623851
0.01251610355712259
-0.0314182229995478
-0.07003009943999319
0.04704154996371446
-0.07130607580993273
-0.02874321626846545
0.003720654158983634
-0.03157355465067591
0.03506515094199666
0.07453981601691531
0.001820024431213735
-0.02991553306371738
-0.05653001668893063
-0.1379540377641369
0.05424127657915878
-0.02609298649064057
0.04342802515867116
-0.01456673253207912
-0.08294902147443498
0.05420009834126253
-0.08201860967641027
-0.002139030232311
-0.002011513692192199
-0.1353197606171411
0.03666470469758194
0.005860782314137572
-0.04156341864615874
-0.06819639721955098
0.02290207395304367
-0.01489517965071305
-0.09489030573699962
0.05333666351944777
0.03851326810198256
0.04112499714974177
0.04956928010171241
0.1019402867751127
-0.08548381478576372
-0.0157118667049547
-0.009218496265316119
0.0746063197026188
0.02918110984569165
-0.03654831261992179
0.00948556447709421
-0.04249799128217387
0.008943134387693129
-0.03090444536010433
0.01095390928577332
-0.1069927362793263
-0.02488873551306144
0.006038184124573076
0.02261028930087158
-0.06386764032857115
-0.07129906944310943
-0.01848789755108677
-0.0630164456859317
-0.04509896656039865
0.03903741854911474
-0.01080031154698735
-0.005939058354835755
-0.1261898823463073
-0.03914888470967522
0.0146783069286613
-0.02737787682711701
-0.08459219221935935
-0.002541542689314339
0.05428072180536143
-0.03088121565871736
0.01852227952705939
-0.02911746826816136
-0.07372638719033445
0.01649739735773181
0.06963607877815184
-0.02735344769938873
0.04613079726126799
-0.01613327473618287
0.0684950425454692
0.01998148522900169
0.1138016406381376
0.04312027337072578
0.03565287676667669
-0.01086685686532915
-0.03390946941498109
-0.06626061163338712
-0.02923059466383669
0.06853458857695002
0.06959295686654286
-0.02605141261401396
-0.03935305001525492
-0.03556314904725071
0.009355635135102118
-0.009653305515151965
-0.02026227468788385
-0.07865460702290791
-0.03226113983423515
0.1081681474898462
0.06887505846333511
0.01840095086505998
0.008438222228121739
-0.03560298206724541
0.04585341828645993
0.04252028662701902
0.1417805490799522
0.06189456502886929
-0.0680714103353125
0.05348015579599617
-0.1318353046138134
-0.007197053720691765
0.0628147478825675
0.02287002108293528
-0.03248706075935701
-0.003838579932268958
-0.04402498999151776
0.03632244352381706
0.004685411314098916
-0.07175416709529325
-0.02818565285893764
0.1657470319074719
0.06443558413157824
-0.03479275484885844
0.006197576558330226
0.0339643842373853
0.1173381948905767
0.01663285142679031
0.05902145926506761
-0.0414786982796422
0.08161424558811731
0.01408949826808253
-0.03144944352219502
0.004070220274810948
-0.04903536572238232
-0.009901490693448978
0.0379748419744841
0.1127582047383967
0.08540426177536206
-0.1049992676958874
-0.004937731067537953
0.08819916291018384
-0.01578654610535978
-0.00119452093219528
0.05823908207494998
0.02011163242809085
0.05104221012680404
-0.0165716929863467
0.04871796455083211
-0.02031970431919457
-0.01601593231003625
-0.02352315792171901
-0.1300111279881903
0.02865227970706187
0.02499283961085966
0.01875230686782899
-0.09592279876771606
0.0600262817515822
0.0306135223592982
-0.01009896518201031
0.06156326307874532
-0.003387094884739972
-0.1056377798553848
0.09283829296992718
0.04827630729011295
0.01394235398972927
0.0530011397078291
-0.02301285648264084
0.009957084789939029
-0.02245444145203183
-0.08644646929537941
0.005730789264548113
0.01612789203178729
0.0422905184237383
0.02502977356036947
0.03572066985150656
0.1069132523255988
-0.08834175387940713
-0.006374267142907321
-0.03020548528592071
-0.05904529982171949
-0.02707216034238256
0.02455448944161995
0.02873612711615651
0.1705786753315737
0.01043023518286605
0.05128060583853952
-0.04038777518702645
-0.008669556572213915
-0.08621464803800641
0.0342352837720863
-0.01170385375054447
0.09238048487702857
-0.01638632832054979
0.03559818307628015
0.005096029629322336
0.1201372882411803
0.03820234358902309
-0.006943210021431959
0.0977163319695606
-0.006342291183928107
0.05816712921443523
-0.02314857446007423
-0.02906715536059213
0.0952238502540928
0.05629264126055805
0.01398744938740965
0.02728293154665811
-0.01662777174082929
-0.005940199536382369
-0.05668123985549399
0.01773623028235973
0.02924081701000997
-0.03262405184108885
-0.061548441730733
-0.07886737509547403
0.06219674947996123
0.1309940347234186
-0.1474715464658338
0.0659530821441013
0.06327774757301989
-0.006486536473568812
-0.03957883228094278
0.01646266869304693
-0.0156135988346402
0.09616595775646024
0.002346641552761188
0.06392609685266812
-0.04036188262352522
-0.05388585208408128
0.005623440257573754
0.02422457499289138
-0.01969679506739171
-0.0330897110889483
0.04885938132766943
-0.02634892580260172
0.1506883277279423
-0.1267713867408346
-0.0147132397479508
-0.04846258815941805
0.03067798866706001
0.05043075795447652
-0.04157652034474829
0.0689537714482167
0.03450833086438561
-0.0571080272038904
0.0102909257322997
-0.02975134797849677
-0.06671855843913707
0.06581445803622003
-0.04045690903351006
0.08202424285868606
-0.1651471994343163
-0.008005960824598514
-0.03282230263000349
0.0788645235652041
0.0349407835992038
-0.05519814768049675
0.08179196876840997
-0.10220277950021
0.03655231264994301
0.02231856529157197
-0.005665772355643056
-0.07288408837990885
0.01543225556771563
-0.04905095325667732
0.004991025615786855
-0.01411938432087872
-0.01795631609542715
0.05213233075502217
-0.06904451529324818
0.04321595619174452
0.003960030812383282
-0.04172495695937957
0.001035856646696729
0.01228208667320845
-0.03354483492764198
0.02849356272449438
0.06111079397807467
-0.01517368251863457
-0.01991765670073803
-0.0800573492364566
-0.0414739864453454
0.004955767664091098
0.002427422134518058
0.01844412264178324
0.0347614224015686
0.0607809923939086
-0.08663519939506854
0.04883180685828415
0.03111977788549836
-0.05109422634048546
-0.0117197662169883
0.05142316578572232
0.02021811133284872
-0.007241175815763602
0.001295185232706879
-0.06658700944791793
-0.04020195119034502
0.090009846976212
-0.1088105624509816
-0.04419116584187925
-0.02108891135581856
0.07458241972368604
-0.1200912253382348
0.01086872633052101
-0.03131918617226485
-0.0518130003580131
0.09937014821572075
-0.1065119011409791
0.01336901848974976
0.0441172975584137
-0.01989644240475432
-0.1044827423090185
0.04111169324064264
0.07449866657089041
0.009632652512207011
-0.1003166270656135
-0.06552900726589779
0.1115650788738828
-0.03167981379906883
0.007667854497379722
-0.02760027970567269
-0.1144471121775974
0.05336205787907453
-0.03808159513676447
0.01508725368950347
-0.1213339459451888
-0.0727311184341472
0.04493028760651931
0.02780151333907337
-0.01457995749727031
-0.05032441126553988
-0.04894067872031335
-0.008100458694739323
-0.0528662733175423
0.02542472451784223
0.01585844487671551
0.003342042700396276
0.126713062480916
-0.05303879166930114
-0.04745883503443086
0.09116668062835265
0.06615724416311727
-0.09912707344205231
0.01183089096841475
-0.04302525025507125
-0.09186817090395771
0.01943275359293431
-0.07205307740910127
0.0474152464103426
-0.09742547504023932
0.0824929798859497
-0.0617005664047786
-0.000888861123914262
-0.07076687256131642
-0.01855926947897886
0.05271432443044535
-0.07849877583126394
-0.04313252581494465
-0.1344051497513614
0.03112657643525528
-0.08313008498507206
-0.1168879804394418
-0.03125074432707013
0.06655787611748157
0.06403116171732839
-0.09536020159410033
0.05022231841835371
0.03381899911709078
-0.05022354981909037
-0.01127141211848139
-0.02577376085122568
-0.009766995383220484
-0.02583509356353052
-0.03979940056506115
-0.1199844716828809
0.065157530707853
0.02168425333059099
0.04859570959735655
0.0176992173884132
0.04317322966221025
-0.04081762947071538
0.03598679607016481
-0.04812312561184891
-0.04045913425339986
-0.08471902476859709
-0.001791651334262498
0.08216088337397101
0.1490735366118579
0.0523883010164954
-0.008226986455322789
-0.02577069628268798
0.0136713426181303
-0.04976154451428787
0.02180604070727045
0.04417263770657125
0.05837951729149982
-0.07450517915437851
0.009340791034990279
0.04991876001135967
-0.02078121634974971
0.08603473258834766
0.008361488626434085
-0.02301705925000593
0.08508811787055906
-0.09017880268510162
0.0151189254435423
0.0590102305534783
-0.01370821734245506
0.02932192011613866
-0.09469032013490085
-0.03004344676370736
-0.01690588861805033
0.08737042718456517
0.05859459058494641
-0.02032839037939916
-0.1469335867603279
0.06751404148659147
0.04195286961784056
0.03880205961654893
-0.03985480489083403
-0.05132549601651554
-0.01755374123529969
-0.05678377865756598
0.118902605570871
0.08530372220688062
-0.01219806119471322
0.08980333639940417
0.1204871423327032
-0.01660165082832046
0.07510787125682264
0.03625643017699637
0.1063523700629791
-0.08826403709433858
0.02465311409571497
0.05478118546832696
0.002657159391088946
0.0003961194521870173
-0.04993314355838291
0.06167878824695772
0.04102844841950658
-0.06623045521642132
0.08167709340589581
0.0260714339431968
0.02275807732498506
-0.04892370585300229
-0.08905365490282299
-0.0536602153411168
-0.1213835475678421
-0.0212972936856383
0.08160366523182869
-0.02842201267397483
-0.06202705600341411
-0.1137602636526634
0.04512945102123077
-0.02225290784350837
-0.04981074883577946
0.03658288795727524
0.02816222367702816
-0.1278721808213131
0.03353107786620318
-0.02267097506655542
0.08927949024453302
0.02155329882103096
-0.1147846607227309
-0.02465310498446223
-0.09062172605272109
-0.04097973615170299
0.082060781805481
0.001419913837130624
0.107285938579759
0.06084296845823008
-0.07555089728830053
-0.04313155766612613
0.05048754607994368
-0.1879989695619766
0.006129432524404323
0.05685571188965464
-0.0110606929171007
-0.1106276952618079
0.05613764021944315
-0.07514266381939332
0.1667482586904545
-0.1380987495666874
-0.09269187973828599
0.04710772516699639
-0.02853868683248334
-0.1071982708112967
0.02554964945455784
-0.0006069645432075395
-0.003254878567148539
-0.02651677685046321
0.05349057513292946
0.01408411772672342
-0.07739027214701032
-0.03077249199122549
0.004987296326302938
0.04948441243186742
-0.08953652523692338
0.05293493996511721
0.04723843791665885
-0.05544568849759323
-0.006137141118049486
0.09138175748504684
-0.02027505188398142
0.01958136343427459
-0.03296350821814752
0.02661420903984879
0.02988175954928007
-0.03290531048282111
0.01073238193359623
-0.0596774503971496
-0.07081986260082954
0.04892444749928609
0.04768096356071398
0.04516912684092522
0.0468783773462174
0.05626377513070754
-0.001023606524676118
-0.09476531136657008
0.02750646266886873
-0.05506166056492514
0.08448397596378468
-0.04695324897581742
0.04850564962305043
-0.000796921147650155
0.005440999165930993
0.003477922523094434
0.02786900492137435
0.02982783687570117
-0.05685562344428519
0.04487087964625023
0.01892547749784271
0.1151213142918947
0.06586133078264197
0.02322641345355094
0.1511430449790521
0.07765253468663916
0.08105895859415545
0.07137112293595554
0.006773030422549519
-0.07434696819321231
-0.0544906194125641
-0.04549811608214071
0.03025509396228181
0.01291280044556052
-0.08066828609131796
0.07906451022296637
-0.003179157506073785
0.07705328118433315
-0.08923784360696474
0.00227669234807
-0.03594136376613614
-0.09221763988774326
-0.0543207736426241
-0.01613746491525006
0.04224183567599102
-0.07542885752897351
0.05695964991602838
-0.0395606546560653
-0.01093117343543259
-0.08070339368499617
0.06046046854122039
-0.05057555598222355
-0.02181172275145198
0.02253624542964777
-0.0387142428297467
0.03636159016080753
0.009011608858936149
-0.01865768882225817
-0.001087130432902317
0.02121151863799465
-0.05529663852727723
-0.0237735719048584
0.06537322032571663
0.04649379296366803
-0.02009015045314794
-0.05895403413509152
0.07726609457075485
0.07249589276278014
0.05726202340824661
0.002473536225492574
0.09732900028249059
0.081255292398665
-0.1666588375603764
0.003003780951612762
0.06424791798052006
-0.04085426582289618
-0.05612943302157513
0.01716182998102278
-0.01904196690814382
0.003478744312183847
-0.04008365793868753
0.03821024849476057
-0.06959622011320275
-0.001550109494247659
-0.06255748082689669
-0.01748293629213995
0.09094395480242981
-0.06086351451771967
-0.03899739212779837
0.03702546955922104
-0.03149923307263083
-0.04651951118091552
-0.01366410927792794
0.07678964146018372
-0.05023956358389578
0.03618271874665506
-0.0725191129818744
0.01660200837868989
-0.03292975746282552
0.008768191664061089
-0.004928184266333992
-0.04654715106222262
0.05848148400071167
-0.01292570584094278
0.0892744324930345
0.08786067904562331
-0.05122793657072561
-0.007037506431298961
0.03676142723950213
0.04325312400671521
-0.05631501522571537
-0.07461674889458547
-0.01479320843953939
0.05072675787776609
-0.08197143353293934
0.005182687415499081
-0.009931519282836587
-0.09285527269662194
0.02527080595046855
-0.1035482152159835
-0.07305625971071791
0.0914908878898234
0.05067438435195528
0.02482147152371856
-0.1020768699166073
-0.03990155880212093
0.05842426788452219
-0.09790851669256381
-0.09435440980011067
-0.06095277126274218
-0.08123539281729976
-0.05820874087122108
-0.07889502042191933
-0.02323356689045541
-0.001124368479556988
0.01955521317237921
-0.1774000389656446
-0.04899937151229994
0.06777089660819632
0.007538494242195402
0.07696113707209537
-0.09234735518221518
0.01575445863677306
-0.0513446467728464
-0.0439466605608309
0.1050059109433476
-0.05099009334408295
0.04098976720535501
-0.04116088676565513
0.01621636214809344
0.02796935712117667
0.0369379565806649
-0.05571343837539826
-0.06404437633659102
-0.004543019888362235
0.0284763176785819
-0.02210613994294016
0.05907342030515968
-0.02415847090781225
0.01686701496516341
-0.01984378325363
-0.0698705762698443
-0.02315214686109191
0.07815947682412111
-0.02579327952083754
0.03757461985482625
0.03614084989205998
0.15283589119319
-0.005114309188251637
0.06386092697780077
0.08639585833206972
-0.0773820561937015
0.106695060745047
0.01550674675350218
0.07194908678426117
-0.03112909401321753
0.02672844858341042
0.0291427557305028
-0.01410619526083747
-0.0533262655075487
-0.05794904649257734
-0.02722875823778103
0.1245631490046693
0.1257042670808877
0.03572730841593165
0.0318870914713627
-0.03635508806051335
-0.03183169607390829
0.0004313931369311838
0.1156298189594971
0.03609300676764104
-0.06861146042729274
-0.03019593378719221
-0.08756756707622385
-0.08574372849657284
0.04574781661884719
0.003632598219831407
-0.03004250544978542
0.1009635782152801
-0.05437732673631933
-0.1088589302910977
0.1138736701508662
0.02330641841414465
-0.01667633359906667
-0.0799350531579095
-0.01348675497799163
0.06126298296295954
0.03419760983513094
-0.02097010308970135
0.0881906271710494
0.04847161933712689
-0.04848227935736897
-0.1919646327853352
0.1204747316447007
-0.08569654059779092
0.06395560262275662
-0.01287721963579063
0.01469307903176674
0.06999864283835583
0.07018854521104734
0.06205045758337796
0.03859415015494694
-0.1158574049972651
-0.08032065987665715
-0.05523235884128462
-0.0616743787656615
-0.008083497231151983
-0.0565364871390721
0.002470828962026696
0.06216485848250241
-0.04505421529375812
-0.056967695764053
0.04702343716118349
0.005572679500741994
-0.03557093522532125
0.006738230311319666
-0.02691666536962315
0.006148074087694473
-0.07714140711430337
-0.03375070820817111
0.117272090747055
-0.03213068235666003
0.01587575773870802
0.01640449089083021
0.1202729561428269
0.08404167058033959
-0.1124226868111231
0.06938630038421942
-0.07945838114819553
-0.001573371821689446
-0.09641922057222257
-0.08289606300339566
0.02527338084990094
-0.03156107591848431
-0.0004195742524160141
0.1166478991886921
-0.07937572338851778
0.01307322815847596
-0.03126014051717951
-0.09683787412626467
0.04597942191952509
0.001486926519845725
-0.06100838139665259
0.03757163370107432
0.04651335433698929
-0.07428268570080918
-0.02027362906037416
-0.02844196357982635
-0.08807718225285784
0.08421651319216059
-0.07497782704273467
0.0952349509425206
-0.02762048909582317
-0.1272566559053705
0.07612419228840757
-0.066797276492453
-0.02435308344000885
0.002557035330025333
0.1559024165322191
0.01993869167686883
-0.1185637536758289
0.1061110126477833
-0.02884564348221717
0.03115546115367334
0.00551116477370819
-0.04417557744685335
-0.01737857819615149
-0.05515531876527421
-0.09127871853474342
0.14758890185014
-0.0888028359887037
-0.03452081363286776
0.006624823994096633
0.03255877165999203
0.003252989238717835
-0.04963415960238485
0.04231197719106534
0.0974158614413252
0.01380133691900106
-0.02545805615608963
0.0202672354608386
0.007828949683052689
0.06811667123706468
0.1021097478650951
-0.06672887231726757
0.02614075795183702
0.02596718210181722
-0.003687240922988146
-0.06214112925645506
0.07255230232502707
-0.001665317409919469
0.03493112579358478
0.002071030436430749
0.02887171952919713
-0.002475346286314149
-0.02752568900052956
-0.02065675027480188
-0.03454489845335659
0.1322371054440449
0.01340499952475019
-0.01165829576883129
0.07058471226701053
0.01075081315544356
0.02695610671831172
0.02528328273259256
-0.09183653088273563
-0.03736746679392474
0.04761576824396659
-0.05378530416407358
-0.02580074671154657
0.09353719445407445
0.005887943919035285
-0.05409517564240593
-0.07135360869753343
0.0912128260702789
0.01355558883342221
0.0310056233872138
0.04096482130572891
0.02479760151738816
0.03064832840939329
-0.007131340174036618
-0.02569914613089751
-0.08080527506374309
-0.03831810996170514
0.03814909868133397
0.1279921004105947
-0.0284158686044403
0.05635390756358034
-0.01852174500502909
0.07256947147676011
0.005300969576063502
0.08737339168299227
0.01221211705883376
0.03650852196754192
0.01838625627647857
0.03562336747157033
0.02809450840757804
0.1707687942498019
0.125429124245729
-0.04703963433369387
-0.01321790431446095
0.06710084314940552
-0.09024275868035718
0.06646868510690587
-0.003236798302547375
0.04716604206578516
0.02652540196026369
-0.03637685969954412
-0.003047325186492568
-0.02580958736284253
-0.02353565675794871
-0.03362336524403331
-0.003222679400859733
0.05306063022197606
0.01450514063707237
-0.04544905381343338
0.02150811861290636
-0.008049454504448616
-0.08656153754917276
-0.1069688163009497
-0.01060643706007555
-0.11956822635223
0.02117428086389114
0.1058414862943234
-0.02557219174980713
0.008558910187976797
-0.006364931842208904
-0.06321219269187527
0.1224844994217512
-0.1177869136902593
0.006312171328193113
0.06917850374831276
-0.06179342206200246
0.03731825049164289
-0.019476813056464
-0.01536113242755343
0.0576828331431674
-0.05512903747472493
-0.0479171416446208
0.01215887728283086
0.01859423221610285
0.04895525996005326
0.004782891529305586
0.009366617574517615
0.1358226549587379
0.02557496504653598
-0.1012233658401931
0.002518956830351537
-0.06346787060244503
0.07433716826796766
-0.02449634284996399
0.04684809159731869
-0.05134123295118859
0.0998102083111353
-0.002724621928078402
-0.03411141412132673
0.09406153632840517
0.03467130627335247
0.006004977192481628
-0.1003571520306568
-0.05588935855896879
-0.03268849074457999
-0.1069924874033953
-0.1401257987278054
-0.02592191860023836
-0.06167916614322278
-0.07100010140998246
-0.03488704055257681
-0.04555715465493157
0.1430885031744278
-0.0694036439743087
0.05121499513482501
0.03109021479307874
0.03023503397074351
-0.05138821863462837
-0.05004134736172296
-0.08840733897579588
-0.02398652404954422
0.04758839250302338
0.0521436526107421
-0.05192711113517992
0.06031204228967782
-0.05967005584614521
0.01863903611550276
-0.009289215396928001
-0.09046931808585595
0.01876623907660206
-0.0340427046070676
-0.0004034708503421244
0.08912643432797113
0.02625916271434434
0.1312930784256598
0.04698547645174292
0.07232188298874362
-0.05705102338972774
0.04027156997357027
-0.02432945116696013
-0.0148272331309188
0.003783028772144231
0.0391740142220343
-0.01105719209318659
0.02850128480813482
0.02117267824296404
-0.003352843512588244
0.1161213233330856
-0.02215401318435624
0.03666493934468583
-0.06726689446894267
-0.0228714517560112
-0.06927988469126786
-0.08806440849983804
-0.08221375208474735
0.0006003186100406914
0.04525528008401864
-0.02268796545785771
-0.03337699788781255
-0.01369896642578907
0.1330613415808667
-0.06386401311379172
0.0361910877383745
-0.09563740632204135
-0.06254624971790693
-0.03391140713643813
-0.02397338951875992
0.1160149444007828
-0.02806978534492324
-0.03218734858760013
-0.006523117544741837
-0.001100816579334415
0.008645952307125225
0.06232882880243206
-0.01253079825811584
0.05243785971921805
0.08071039405074709
0.1494875370046802
-0.04290679339475804
0.02945837781889224
0.04469488868228418
-0.02476519827575983
-0.0498953571217742
-0.03410009886715686
0.06133430824392604
0.009907700262794111
-0.1439053799199377
0.009464965165734279
0.1614002132157482
-0.0418723098278769
0.0597849973619571
0.113086464777749
0.06337640968283777
-0.00930094280704237
-0.04453568982777603
0.03651874039236907
0.03964991881112512
0.01392422397283571
-0.05976781949587612
0.06986739597675733
-0.01366756263654604
-0.043061378403078
0.03087630647636776
-0.02265284197165855
-0.09405319779249438
0.002741063751818169
-0.1678239744607865
0.1031901501224012
-0.00351706890011149
0.01455847625363982
-0.01117467542375704
0.009240033029035857
-0.02049947250334862
-0.05015071815265563
-0.02580642730179288
-0.0894127294643583
-0.02402506086221576
-0.004094583012592565
0.09627868758847347
-0.04954819723354636
-0.08387406855937306
-0.036943675508342
0.1244524372357923
-0.07049281947729905
-0.02763825652813121
0.09571254850549116
0.06041368917979322
0.01136716812739612
-0.03889937066098561
-0.0450694530298008
-0.05351552010879836
-0.02743220042840166
0.00928716084557216
-0.0987743967269463
0.07099043992062751
-0.06837912189053419
0.01846892633343901
-0.07185517949565863
-0.02048361876042189
0.06311444775317826
-0.01562805671741426
0.002926857868003119
0.04699798365071013
-0.1018070203231784
-0.08352962064913252
-0.1346535269696213
0.05086538465469904
0.06024447228747357
0.04971255765476783
-0.09559887644318091
-0.03311754154016606
0.01628383258899856
-0.1289901027225957
-0.1081517672028962
-0.08940178589231607
0.01545810207844123
-0.04896056008366559
0.06134432591492495
0.03261095853093889
0.04469036541363933
-0.07676652993594896
0.007443476371745833
0.03663503649840383
0.1394894409869541
-0.04723762503533363
0.006963927150333518
0.06281551119533253
0.03282836775944033
-0.006102242904399285
-0.1526517090822793
-0.007891780451288025
0.05057513419733636
-0.03130136497259615
-0.0185535876307715
-0.08543049970823106
-0.03966627104014299
-0.04107103446679961
-0.04304666632628924
0.002013213338855265
-0.07395001691867985
-0.110879279752465
-0.1096148832983039
-0.04838953141988812
0.06302560806351717
0.01499424026109083
-0.005060139537509355
0.08891525194656281
-0.04372657477095688
0.01509098599443737
0.06313292927524582
0.04050147339165466
-0.001104651904597818
-0.05961437242958917
-0.01681293579559274
0.03276442276216893
-0.06751191828862702
-0.007773773135953777
-0.00362749532646077
-0.0003502492265273494
-0.0853078553954939
-0.05680475888866145
0.03665749959598345
-0.01989908695243544
0.01522645944282822
0.02002352124295603
-0.05435869057233626
0.04614278600222935
-0.04170122836839699
-0.04559946876446709
-0.02606227690252761
0.1109814562155336
0.04829203853203541
-0.01942889445295533
-0.01881459109354794
0.02379781298373476
-0.00214046767102492
-0.03190483153698172
-0.04507379264215405
-0.01280686739140486
-0.02479111917237543
-0.03451996830588115
0.1151441695939135
-0.03332726983096604
0.09970162179677972
-0.009620110181264394
0.0483205953735512
0.09783661112594527
-0.02256226925263147
-0.006656334968398583
-0.006002908276674629
0.02769632144129857
-0.01113456529329826
0.0870533413810662
0.06016541241223813
0.01231279728147774
0.02154425358879987
0.006557663554083975
-0.09287007184487875
0.0430885401070321
-0.00605177001527861
-0.07632489043556584
-0.09908580271488139
0.001571083534468901
-0.07824909013980993
0.06152017948183833
-0.01694511706010847
-0.02121385419506117
-0.05016952193400334
-0.01213769351833917
0.04886425089280784
0.01237262205332376
0.1186209066252693
-0.02218417025216342
0.05848132468745964
0.02951028163432088
-0.07437218996791746
0.02198375957283374
0.01376195118806979
0.03155552892735729
0.02222216497920923
-0.05917726367017855
0.08596998340891523
0.01723886314754946
0.05846879551455268
-0.07568512308024485
-0.1249095765663168
0.04956327197654383
-0.03322400644659065
-0.07171011210100264
0.0429832421168295
0.08334256879508528
-0.05107429689307386
-0.07926182018241282
0.1008629466679186
-0.01527886097656526
0.0378455014543511
-0.02693422300224765
0.131867733998101
-0.04215454021856441
-0.04448503962138983
-0.07519088609105941
-0.03277148910883635
0.002544555289554174
-0.0005885894415307673
0.02344936834285157
-0.08709171194911629
0.05725558902966688
-0.0330413169266011
0.06891513740574301
-0.07380028359972242
-0.1042239092089334
-7.252620025260947e-05
0.1125715679746082
-0.1156002590400499
0.05842157539566088
-0.00609214583954934
0.01970639929381087
0.06441287344729305
-0.06926706667590753
-0.03267217716754681
0.004373504176212514
0.02632515712276199
-0.09833154006511635
-0.005011180017814312
0.03980786067850788
-0.1572437150533646
-0.05622837761730413
0.03009645065474416
0.02618796848765638
0.0124805930399401
0.0511369835922928
-0.09236255503528221
0.09810723996524355
0.02093317372370543
0.06784192778420023
0.07453031230205281
-0.05108828663725846
0.01131838556865728
-0.01410701941496792
0.1002067395745507
-0.07381901134931934
-0.07167598952563761
-0.04045182941504142
0.01042683809003826
-0.01463695164799733
-0.06272720475176345
0.01069786652894492
-0.03332041846350418
-0.08360535300191693
0.1066155070866462
-0.08889699951164746
0.03823000594570033
0.01968913164533308
0.06517210657350224
-0.160453291551154
-0.1415660906681304
0.05391030451378517
0.02824521070171143
-0.0797711007144471
0.06919580517104368
-0.01396870423741648
0.1263021401223131
-0.05786738640353108
-0.08472423920660571
0.1347654627170329
-0.004675230543861887
0.1070935187190556
-0.04604936815542545
-0.01731204440465927
0.01648225802903845
0.03418539690452974
0.001956686692057109
-0.05637490004782643
-0.07579113149951014
-0.1179049111035043
0.02425089559834841
0.06265369632866888
0.03127331147452044
-0.006325232980629755
0.05240499295293871
0.03880121583652998
0.006971485359898265
0.02773811338697495
-0.04953201947477398
-0.03976043609701144
0.004727347378265519
0.02026544421986562
-0.04569588245826977
-0.04401611120560567
0.07351281188357667
0.0005223832761663272
0.08242418123756592
-0.05527044359072929
-0.02710580757409433
-0.01337385877308194
-0.0393247384139608
-0.005575852445072409
0.1085334930415128
-0.0634889892290704
-0.03393398205478667
0.04673385574049748
0.01726808723547012
-0.03569909648434928
-0.09365114122200877
-0.1341932898087187
-0.02883131599654799
0.02897668363511175
0.009061696581396541
-0.04566287889056447
-0.02199034347182741
-0.07194466315430692
-0.03398460395906897
-0.01260276978237754
0.1003863474457753
-0.05391562863343453
0.02486435785561747
0.0326995016132
-0.0226776662039478
0.01675648471720785
0.0629512944375154
-8.687443969763314e-05
0.08293936868619382
-0.08021762689071953
0.09376725209294443
0.01587717691256023
-0.07341910586072473
-0.05238679043630565
0.06611368656117428
-0.00707812041337938
0.0315360185207975
-0.02598182373268133
-0.04453091044227871
0.04473207483129943
-0.04533435718414845
0.05890327666922957
0.02084760965472976
0.1426439134191292
0.06862638304207246
-0.03553616008883202
0.07217807513728391
0.003281774664211728
-0.04613684663363359
-0.1167795082345946
0.05861247319300066
0.07681711887442969
-0.04157317967488719
0.1090994006225634
0.03025637281503094
0.001932524765621359
-0.02961104079174123
-0.0096523920297613
-0.1579306800391974
0.05535292262225984
0.02171513984016605
-0.05040780332108487
-0.10199591214332
-0.06666765455120083
-0.03073411011142128
-0.04827545632710428
0.01841396631470505
0.00393889644705994
-0.1027852409817961
-0.003770631635121896
0.187763533816165
-0.006504920222470522
0.04807878143853922
-0.1552695994631573
-0.03933924935232323
-0.01731421977357924
-0.03464333158156192
-0.05722803330071533
-0.0484466462692147
-0.00283713735850101
-0.01560646276392606
0.02404707692572763
-0.07422295809221882
0.03846543362482101
-0.1580630051841895
-0.004510855725400227
-0.07268170035874946
0.01046256053341232
-0.03285446937208682
0.1218360402007519
-0.02687294172866871
-0.01837691413377397
-0.07172502685992105
-0.05369815313496512
0.0760863363060328
-0.08109902413295642
-0.004822280680085837
0.002466427086889718
-0.03827481978892691
0.04698981892104795
-0.01690777324306469
-0.09526742778199188
-0.06189260241797982
0.06668310186198119
0.08288068648246652
-0.02898365288887939
0.05431861599677619
0.02663480152621535
0.04182156707542892
-0.05372486123575321
-0.1253012581978634
-0.04573122752025086
-0.002821782022542005
-0.151392508382877
-0.03730726620445576
0.03547130248304339
-0.001517401968463849
0.02090810787814202
-0.08326953438551954
-0.1168101816237041
-0.05450595715208918
0.06091632613383235
-0.09926146185344972
-0.03581757850668515
0.06525090285874964
-0.02397574317685958
0.02189403493035963
-0.02124457520158123
0.08338849816802346
0.07691580118512252
0.02318792723021672
-0.04254675697803957
0.006518548628305199
0.02440550621486831
-0.03482597407637258
-0.09445229014773623
-0.112221428459009
0.07376860799826024
-0.0223885160374638
0.01129624653400837
-0.08826623270706749
-0.1354035017896149
0.01449540298765468
-0.05113747802562724
0.09430616487538471
-0.01403706626042795
0.1175861156361401
0.1146753826398435
0.01377039394042941
0.08507969285074422
0.0351345873793946
0.135954423890172
0.1210254051429263
0.07893774947534636
-0.05295343975652336
0.06303597972158724
0.005466512909917703
0.04879385649006369
-0.009910636493061935
-0.063019557029484
-0.01140127662858009
-0.07117812627197767
0.09544182205321866
0.1119094870475358
0.03659346754030653
0.04869356721895911
0.0227344693516906
-0.0634274897983436
-0.01346091091407419
-0.04924567062011742
0.08815171972199703
-0.05570323397285905
-0.09147689020124877
0.1237155130665823
0.102213569816539
0.05729146054355423
-0.1281430728703339
0.002700736382526416
0.03748110026034984
-0.04093782704292917
0.09825827121033492
0.03370701094344887
-0.03992494555585481
0.01020208115980445
-0.02012370694473479
-0.1439429749997614
-0.04661792021693947
0.01708172727633942
0.02088332415600423
-0.01869575071718127
0.02771629886205538
0.1368465676931791
0.04113001652941788
-0.006940776836283764
-0.06158669913287543
-0.1062626756554367
-0.03155129594370834
-0.07831353527261235
0.02694704196511141
0.01567896840561634
-0.05531873598704788
0.008388376927634184
-0.0143393033457146
0.01315143561093036
0.09660981680345458
0.09424514548686513
-0.01682876401724958
0.02209805521434615
0.006595788396611714
-0.04944563153955719
0.05870278846899361
0.05943691886103376
0.1392551958541779
-0.04391610606915385
-0.0756733442846169
-0.005026027395722511
0.05689444179019566
-0.04591159507946427
0.1381501790022077
-0.03024731661747544
0.0391066895590934
-0.08768723675960853
0.03529709998056804
-0.03549768668828753
0.02785888418670121
0.06034925161162633
0.01972439721391281
0.004734883109491723
-0.01500669864883814
0.002442365118593155
-0.04580903069495364
0.03347203110285114
-0.1208782943086089
-0.05094302461144296
0.1664926639780967
-0.07327389435743334
-0.02933461149523177
0.04931686730171243
-0.01601003736149509
0.1028558639970836
0.00565715284189509
-0.06118084076386934
0.1690235450560277
-0.04258438165787241
0.002499666055677197
0.08143512893870089
0.007125938656764488
-0.06802800643502974
0.0883070325903709
-0.04134013231497961
0.05160956972176522
0.07094299907153895
-0.0606039220955113
0.1066638386459225
0.08259246411452775
-0.03814607025252863
-0.02258183605426815
-0.07958358761851968
-0.005116716533381348
0.03109191775431038
0.02864654258452914
-0.004160610909511517
-0.03997692497821752
0.1318381851290442
0.01083278134863105
0.1117262685223925
-0.07441456677650182
-0.1293325426941529
0.003683037623867616
-0.09330710533402486
9.300531789283722e-05
0.1024513667765991
-0.03100194598150663
0.03372244294254697
0.08166179676000235
-0.02484463852552343
0.01111460324379791
-0.08022130505612876
-0.1101124409996993
-0.1519437625449314
0.09222791668507191
-0.08064128688519479
-0.08991206898279558
0.07763452871914073
0.001043058745519895
0.06929244028937655
-0.01798729865068576
-0.1041468703842654
-0.09194202232148223
0.04257835482224381
-0.03286907192230241
0.1536628086802118
0.031837874638452
-0.05222515735681306
-0.0276551928220228
0.1391738665795439
-0.02497947938505677
-0.04490069215601111
-0.02048538426197762
0.06596780738602931
-0.07523459110573356
0.1092659185589951
-0.03599722795333885
0.07085669086917223
0.02840349072898635
-0.08729938355324308
-0.06683248171231275
-0.009734390596286426
-0.1036264088116601
0.05599748424462621
-0.01747614784255834
-0.03002750373796466
-0.03394865203740925
-0.01445830335545261
-0.05973793376111069
0.01904603394707072
0.02989275194032309
-0.1133187464749782
0.003962899446948026
0.02873985079330668
-0.06654372057561489
-0.05080178815406473
-0.0417548887996349
-0.1113956457736252
-0.02844565465743543
0.1038246206921949
0.03635792339644613
0.1008520869534378
0.02523955369761284
-0.04449448041884697
-0.004984830629662408
0.04855457185389728
0.04548939615180722
0.03867195221768099
0.05551547374422987
-0.006304850881675057
0.08084390139960509
0.05842048964163555
0.1269645963217374
0.03275220454817265
0.03376503688334598
-0.03183838107103291
0.06587481028934145
-0.08326397857182219
0.1086213693537449
0.01183625189869041
0.04699040306182341
0.003687477092869394
-0.01871008058586728
-0.07197052218737834
0.05285619344666727
0.008630925723276367
0.03686774642252053
-0.103073678478885
-0.02243918591971228
-0.0286046352517992
0.07415433486699358
-0.02807797055944795
-0.05013609961683549
0.07679986953725709
-0.1131362048952793
0.01351107969866323
0.07294789639096276
-0.1035438725402328
0.06167670211970736
-0.08199722806266008
-0.01926114986643967
0.06779144271775983
-0.05810077543809053
-0.1062422481536588
-0.06754767740638279
0.06052626639389461
0.01791773901440511
0.086757401287167
-0.05616526590873593
-0.1377953677200368
0.05578352609518544
-0.002751857026790903
0.09251437045377013
-0.0700679039774636
-0.03774805423288164
-0.09052684276110234
0.03268397389455766
-0.1138655994608158
0.09791638031853246
-0.1424417584849486
-0.04153665337162211
-0.0264152170886979
0.03629565298058686
-0.08289760753604347
-0.07687136176178432
0.01393373564250883
-0.04758528160248245
-0.01047081970722657
-0.005213817836739913
0.06474124357990042
-0.03003570370695906
0.002759862174564018
-0.129729879234038
0.1158650724036014
-0.08769841284984921
-0.08242590374921546
-0.03769356234534867
0.02385936238399397
0.1390494755782875
0.02184362232708804
0.07990541053688957
-0.0421752450931801
0.0103982410691834
0.02092957930235088
0.09513913741068659
-0.05310080090522218
0.005421537036748039
-0.05790647295150722
0.049040428769596
-0.08309464023840317
0.02654521596442085
0.02410001405206541
0.00230097739240321
0.06479780598278509
0.03444630249459202
-0.03152885970917936
0.01489371843262685
0.01921042824842513
0.04041453533002679
-0.09984860662898162
-0.1184127790856457
0.08217525766629991
-0.01324774896397808
-0.1393882507653532
-0.01734382872447654
-0.04812737756761443
0.07174943230104355
-0.0862064168339727
0.04590103671177178
0.08444488546234639
-0.10819168320349
0.03735329722980522
0.04082859622659875
-0.009958530502360091
0.0494179207327012
0.05257072564811354
0.1206969173464643
-0.08890901050283588
0.06630754797617927
-0.01188607637341758
-0.01627943667837756
0.0547883097855404
-0.06638838712119027
0.0806141485575117
0.01253346067399715
0.03630631063370378
0.02659635178761678
-0.03020569577249135
0.0282884473610549
0.02175530026813351
0.09132467668383727
-0.01263642740635905
0.01591932204478096
-0.01552266034111749
0.06545644686433055
-0.01193013947563479
0.01237038695053663
0.136327328628155
-0.04453277590056641
-0.01069376032570677
0.0006962525493464048
0.08411587411377366
-0.06470868044265848
0.02241018892818073
0.04617956692073897
-0.0272045372913914
0.1022120522308429
-0.0991127169136124
0.047312490722147
-0.115471265287189
-0.04507917731203151
-0.1619026055754262
0.06282501487466846
-0.0562320311860182
0.09941739277886544
-0.02974237002096491
-0.06273946876930814
-0.001907155774210441
-0.002515918965701015
-0.005677215860256338
-0.04455289019588068
0.07192585828920456
0.02798339630607308
0.04937744474749633
0.02412492458922096
0.08864274256197037
0.08888622181014025
0.02175083581688696
0.06887282701496455
-0.02342323930788132
-0.1093991115933797
-0.04072486134130986
-0.05959707831882587
-0.05428460392092988
-0.02800121601952263
0.05131554061472203
-0.06451759075242303
-0.0375973310426621
-0.005558717732217132
-0.0301649715175793
-0.03861482457278082
0.1091514216478658
0.1039001668060296
-0.01507923634742517
-0.02203404298766299
0.0298597614948754
0.04375692004942969
0.116349064717495
-0.02633612733525381
-0.003038678341327386
0.05140829196085515
0.03391371821455626
-0.01089107568992792
-0.03319222849839715
-0.029905365257617
-0.004343483058199303
0.06620907201413187
-0.04961044531879473
-0.1311392343518564
0.008590830999792333
-0.04344748139252243
1.885985982673019e-05
0.06345273624705981
0.01583932781153619
-0.09039854944906418
0.02412540643099224
-0.02065156203090154
-0.02691870861036379
-0.001139656801181936
0.01523638465036604
-0.03496979788835047
0.1240240131366972
0.06058738881564715
0.006697903953113244
-0.0323345647248714
-0.0226759989342115
-0.01501110586442982
-0.116565438874583
-0.002555554588512417
-0.01192180316346028
-0.05718548367467972
0.002588022852543684
0.02197462316620502
0.03033782917806068
0.01268099031776772
-0.04762195705496063
-0.01243697674742803
-0.1202421745117953
0.04453562024818115
0.1552666151061509
-0.05833142811490666
-0.002224851078489149
0.02467159010048522
-0.04797800468483484
0.04438022053988708
0.0785895491428464
0.02638151246606979
0.02781791810341545
-0.009945392818498879
0.02961470374781248
0.1135047184666907
-0.05758975987485888
-0.01515347863945871
-0.01166567296779539
0.03663753053007099
-0.09540814535987011
0.004094395193539688
-0.02002484577366136
-0.02473074641858916
-0.1285012455219642
-0.07301204525207369
0.007728731174108973
0.03721789887571274
-0.07087000528158802
-0.01023164574451201
0.06583596863622712
0.01113742628666135
-0.01175279923034352
-0.08663034901208747
-0.08888702502220142
-0.02786081038350736
0.0372634356262292
-0.03359320642272108
0.1122675869486369
0.03739172115161839
-0.004460139826668782
-0.0901893654534347
-0.00683053578063586
-0.1103259048758544
0.08521095892341912
0.07450349961508249
-0.05391337874201406
-0.09630873518977062
-0.06357646133101058
-0.02667716449421934
0.05154775084054598
-0.01907343679812407
0.01367574974664542
0.07389660375611973
0.01050868270951556
0.1029844550442492
-0.006963834940164768
-0.04904228499107209
-0.0491224986930461
-0.06435701064556967
0.006035742564675442
0.1332177107465526
0.06468185289194366
0.0617183110474984
0.005644869131198625
0.03862515594048854
-0.08478676919129285
0.0432344781016535
0.001904265910658249
-0.09728227269662512
0.05540029728987896
0.06928992860677571
0.09275427259182928
0.03338054667757773
-0.00954810271112122
0.00601154404296227
0.006468217755488601
0.06049765972477459
0.1061954375606693
0.05487243073261007
0.2024525713571647
-0.02796927164709824
-0.03091101475554089
-0.07844453133892652
0.1003736428369115
-0.08430285794107614
-0.002590911082040238
0.04312773712887592
-0.06581473416182705
-0.03440733237028516
0.01783268362492733
0.02539723195497055
0.1583411093628067
-0.0421335307092058
-0.08425025423036291
-0.08372852827351102
-0.1381026572100356
0.01048529793625817
0.05624732541003622
0.03795427399209168
-0.03977044388387023
-0.002786601483416907
-0.1255125843806971
-0.02043193403256412
0.05844132410822477
0.03168227203971617
-0.02345257015536523
-0.00943110421157041
0.02648675157167693
-0.01533578702165701
0.03040505636041065
0.09941382838620283
0.03860218795868108
0.03650251706713206
-0.01384411276908247
-0.06765487836920003
0.01434971372829551
0.003987367511691996
-0.05818007406050091
0.05864633175558984
0.05003312015023967
0.03464078999568139
-0.01682932594535488
-0.03119879976008904
-0.08333561790544813
0.006903163387967377
-0.04197900996721375
-0.07867676444200028
0.04664416672428182
0.03752748235297496
0.1089056537682116
-0.1204333037447888
-0.01701583116373136
0.005579356088742826
-0.0571797715105759
0.05740955436725818
-0.02507465833711466
0.08270126837232034
0.01582964188081865
0.05248901582957596
0.04937296049590927
0.0941962289917562
0.1089460847438317
0.05779582436302268
-0.003300493272234684
-0.0290581408763477
0.002616591489078373
-0.08411428108005847
-0.08513809085660509
0.1235190276697365
-0.0586946282033381
-0.03669279605126586
-0.02940523636611419
-0.1179270158821953
-0.02546674684486913
0.04018615524238935
0.1289412669073961
0.04896733862824805
0.00112020051565849
0.02887617191979135
-0.01458964360173347
-0.1047062221711441
0.05821106951522752
0.02060245856181472
-0.1461545690474442
-0.05465829427919827
0.0228475654427821
-0.08099382754495969
0.1171315778286101
-0.03897388053454714
0.1186535931700581
0.1045306430391256
-0.04951306924964505
0.04893021563781923
0.01516193551047742
0.06312208497586969
0.03349945838461926
-0.1423625896458264
0.06280240440461327
0.01243123803646856
-0.02045525496137331
0.0764403454362228
0.1124665420160356
-0.05564926110773553
-0.05554635623258425
0.01199813819465371
-0.04319885288824973
-0.02015333274316759
-0.04431315832748671
-0.006619120297548159
0.08877711615865691
-0.01579976989803089
-0.03972938879071201
0.01809285710306776
0.01840177369034054
-0.03760533013318949
0.1216867731242583
0.01371038107938278
0.01960754029134841
0.002137056343562748
0.1124625554340528
-0.02278166334185458
-0.03048645798122003
-0.0853161796374215
-0.008544153111910299
0.1525561479963019
-0.01329212975591424
0.09914524178345305
-0.02843896703798426
-0.03532064781604125
0.001572114670676458
0.07003001555067435
0.08718275033270721
0.02220636856620407
0.04750255381301306
-0.05478609849210142
0.05730911700314352
0.05537825657471248
-0.002020037081193263
-0.005055484644925157
-0.01918751808659734
0.09101022665962938
-0.04542691870640875
0.03066816762175504
-0.09210666637228471
-0.0412810744720163
-0.02499078751722202
-0.02486140262719295
0.0541676134244542
-0.03724608979381813
0.07299957956450928
-0.02838347538552876
0.04898675580048331
-0.0576329072842225
0.03252657142577403
0.007786792226292777
-0.04222832767173967
-0.02586399114737542
0.07355961802775618
-0.07862388209212628
-0.00404401524543558
0.0175149423043362
-0.005927482663825159
0.02703682377176198
-0.02397669687842579
-0.01343630291957132
-0.0009305651908407958
0.0760325661708873
-0.04776166142723805
-0.1051385871258761
-0.07925281797435474
0.0224151058416669
0.0728945572335003
-0.06857863703416223
-0.04296358535156067
-0.0441981212544261
0.04786131783156442
-0.01514147972355373
-0.1289283794759764
-0.1216808534977697
-0.03389690945508912
0.0775691162153737
-0.005851173502952577
0.05101616388751951
0.005684267886871673
-0.0243056288211973
0.07024706748892183
0.07743588169903712
-0.1405117487085822
0.001306015296021325
0.1130561963580034
0.0128542301261894
-0.01806827092588736
-0.07570272163816147
-0.02939379404081708
0.01635771067819376
0.04917217018665107
-0.05776530733205599
-0.07177198959954921
-0.07727035688642782
0.02522856863832111
0.07008245940785456
-0.01055449798893313
0.004553212950895736
0.007606508293916674
-0.1053616394287074
0.04112219341311049
0.03718851585762556
-0.006721585100569444
-0.003766817402056619
-0.1051827160232948
0.04658263738543489
0.005295636935180523
-0.08746129804223163
0.02296029274025294
-0.06386815945161881
0.02779795330444222
-0.0480226599846531
0.02149900422820874
0.04886634773020885
-0.007425118806655008
0.02086259769497334
-0.00921973747054193
-0.07876289886984317
-0.1020092190950731
-0.1177247978164256
-0.05829629957557444
0.008845989296359359
0.02220198614519725
-0.1295419223848479
0.01812654366709613
-0.1437309870148261
-0.08343660539028372
-0.03885413273672972
-0.05073702165441341
-0.07033742428855101
-0.05774691741977814
-0.01690493631703928
0.02846136385905668
-0.05285243834155703
0.0001105187597527594
-0.03378988682923897
0.006495724092128095
0.04555332921345321
0.027236503875633
-0.03266093767011349
0.1722394538473948
0.0380011636692071
0.1234884675712532
0.02024393124376964
-0.03742976621633653
0.07540821121497965
0.01509439818652
-0.05226165864896254
-0.0320778472923487
0.007727835485680193
0.04235448914607179
-0.03049695795243229
-0.01251427833552959
-0.1470759002608252
-0.008646415844413195
0.08236079480764075
-0.04677234915846852
0.02230309839320475
0.151916930449338
0.03249317680788299
-0.1649467572709162
0.0219521879702549
-0.08873227267486841
0.07353954434834607
0.04779038179489525
0.02505061620859608
0.1529802123153141
0.06472758032106293
-0.02301734062116113
-0.0206091942297998
-0.00790778218356035
0.08562317068466124
0.05023046296555445
0.02225598529340476
-0.06416867187829793
-0.1522613020454801
-0.0403190233696161
0.01620432513573236
-0.02571460036552956
0.1155723824605234
0.1228550039809371
0.02901086931423182
0.08548040672164857
-0.04136201255337441
0.08498194128568631
-0.1150936503579881
-0.005094425198177994
0.0243627967393024
0.1066959357127546
-0.06701382298584588
-0.1408967568271944
-0.1101139944516594
0.1035055674975574
0.06028600341945606
-0.01472768601091803
-0.0677953299537654
0.04288202828613052
-0.03079704642545077
-0.005024965894509934
-0.03441033455647947
-0.03053455430836121
-0.01524903944600426
-0.04305238789470224
0.02960466819078611
0.0292945772270492
0.03436089569404393
-0.0122556505493386
-0.03845888941799652
0.006104843103167595
0.01145385687476792
-0.05091524953587222
0.01981441507228489
-0.03592968248773772
-0.07773842119073959
-0.09179546783833838
-0.1380766662127257
0.1571800809317587
-0.1789284331018133
-0.0632073948285219
0.01007181828963041
0.02231333510057423
-0.1447188610996952
0.0316866928786049
0.04970748061427861
-0.0001944096074043833
0.02365962134979385
-0.04252408320798266
-0.04256416864966842
0.04754967975713636
-0.05322802066266245
0.03948347869676458
0.005680419076300784
0.03561700010958127
-0.000247994956639741
0.004134546017947376
0.07194913480084768
0.01587721823053174
-0.01344942658086403
-0.07658723513086345
0.01101761354220559
-0.03463921775046372
0.03784435438099572
-0.002905988211162893
-0.1059746489231314
-0.03767695693355093
-0.01611724131901805
-0.07742926501818873
0.01226349447729175
0.1058883905773805
-0.04623710726300929
-0.02671861756681126
-0.01343462668361678
-0.04080783871298481
-0.01327066018651585
-0.03618614664022742
-0.00426530356348882
-0.009392774736787086
0.02057149382124571
-0.03863501849161757
0.09146634418756716
0.04127098189472573
-0.08094035725156398
0.03967650320976999
-0.08086388475154238
-0.01907759671807166
0.00533070903704029
-0.05143192166601242
0.004347129357746483
-0.02886180629604936
-0.08694431214910509
-0.03498874972516014
0.002259307866665908
0.001040823800879508
0.1066258155642801
-0.09787660865757394
-0.1040327748736381
0.07518485118612331
-0.04139070329827522
-0.06315097802039704
0.1033541169784778
0.0198962056799058
0.03482810534249298
0.02475430864628304
0.07526491209974132
0.02871045185446653
-0.03078865397252708
-0.03677295002289373
0.04801238358561584
0.03461793954275585
0.01896211194687373
-0.08597843175614867
0.01827430951518396
0.0227606090388245
-0.006848296099009686
-0.04940769338617541
0.0185910253502118
-0.05704811563511476
0.02688680332313874
0.09412956279553507
-0.001972425655240424
0.02343543476656332
0.03619561413170778
0.07514833547266826
-0.01991995563854196
0.07430659703896239
-0.006883235345675365
-0.02108235035472252
-0.03733127194466689
0.0746701417447487
-0.1377388110010685
0.02395046503788269
0.009371556392835373
0.1429704021300119
-0.1630259165655183
-0.04886812158000439
0.05146633433243879
0.03576600520807614
0.07317357092428001
-0.07909842593796715
-0.1350447258793447
0.06750417836329167
0.04162873380748656
0.02095021674192764
0.06945131312878244
0.09827947591174271
-0.01377653819432585
-0.01345524786108049
-0.01408078144044773
0.07415797114216059
0.0876738797229554
0.06246075283132851
-0.02713138424220969
0.01211299755758411
-0.05398869494335265
-0.05010639577771274
0.1996230436850676
0.1555133195748216
0.002230897128590408
0.01205362311373363
0.1068893064874863
0.04242184246741879
0.0142395573017284
0.04487927908506106
0.01196332548242798
0.001073805384595075
0.01077230000356162
-0.06931577727044866
-0.04671681289426838
0.0695918721885864
-0.06418418924326783
0.1277245656086799
-0.0304967393479532
0.01748003854709344
-0.03733693479948214
0.01805369041863321
-0.04954980488879153
-0.005598158680351829
0.06118424141347462
0.02751304018529994
-0.04014335955937143
-0.08253644701550893
0.04147751805386786
0.08929248358237124
0.02190041936965991
0.02150142231314333
0.05957677760044357
0.01574725499683062
0.09396908834093773
-0.10751854265545
-0.006035307716864196
-0.1255998053628214
0.05622224281644086
0.04038571285965536
-0.03664121145637425
0.05837069778308199
-0.008346828534574607
-0.01898389385335321
-0.07349956669623334
0.02641716734979703
-0.02914773807417825
0.0189276018429217
-0.05452837515148179
-0.01055000804752626
-0.05997123097377473
0.01717961938569798
-0.01760853289574823
-0.06838566240699176
-0.02522558202748718
0.0522279182663249
0.1295607280608236
0.01186194691519744
0.01447629578623145
-0.07268236597327363
0.04863269897510571
0.06605557956032485
0.05469928041267481
0.01002128076828394
0.1198238244407635
-0.02351624863316535
-0.003597103060493489
0.01557403644774245
0.01589844632496498
0.0713924502556406
0.117495555225824
0.007612135970540231
-0.0495873036898767
-0.07421850320156094
0.117030860895653
-0.06626905265749791
-0.04147665047728928
-0.08218878146600797
0.05578185758603857
0.00282834032204235
0.1262610603671994
-0.1086488956292779
0.07060765489510631
0.1141572069823988
-0.05451222975790086
-0.07320074727631368
-0.05342904117808604
0.02357797758121102
0.04671052713801552
0.09281625366608866
0.000176660129862595
-0.03043005553771717
-0.05882877090639661
0.06214773141128058
0.01520715190508174
-0.04589264835907475
0.02434392243343506
-0.02958181146744351
0.0343229780692841
0.06803589321061269
-0.08888410859025955
-0.05225654273962788
-0.0526455517472148
-0.07665609265279205
-0.02987431455793262
0.01626217594060724
0.06946339817231686
-0.07781707060001021
-0.02843788715654252
-0.001406384424095476
-0.009158432559616819
0.0294592606429911
0.2098539245431963
0.0490790758639033
-0.05140475624889725
0.01430016552762562
0.02773856426066038
-0.1076989877817401
-0.04684147308315072
0.09134589084565913
0.02274374641200261
-0.02159113094745993
0.06117301953660342
0.03421852809010117
-0.07435874416511916
0.03049167784214306
0.06884749492153711
0.02193726915684052
0.01668864387931278
0.00994953198260304
0.1087060023198781
0.08466936122811392
0.04946898963668757
-0.04913519655469506
0.0192644544580051
0.07922185805108381
0.02617557654588438
-0.04911862092359826
-0.002567345251526128
-0.01128049456881522
0.01281997981610222
-0.03989143816072099
0.03821201869032496
0.06136363249798771
0.01558363323406891
0.02133857951235876
-0.01757835410454406
-0.005875425388824872
0.009831605868158615
0.021836088750987
0.09063373778869341
-0.01118739912632364
0.001262770776989754
0.1890500996598801
-0.1219889068642812
-0.1003591968882478
-0.01286246323398999
-0.06214776098297593
-0.04398168695172963
-0.04435361334447116
0.07201591219807794
-0.01537536975414169
0.03308044999977534
-0.04286626672476215
-0.03684174028320715
-0.0149662768433386
-0.06789158361442105
0.05696269587611668
0.06978295844067854
-0.0133085323077537
0.1027123051401499
-0.04697336643705453
-0.04182647024040652
-0.0301416123721459
0.009750938487820091
0.09609457832766174
-0.05723108986573765
0.06836732539904077
0.1116551493670632
-0.006709719102985227
0.01902159462718783
-0.01467470129113542
-0.1418116831181885
-0.1383897772541814
-0.0645432159929821
-0.1185952890608092
0.07282408518947922
0.01960476345957481
-0.0028256135167695
-0.008413992971901508
-0.05511099205165947
0.01257108757606795
-0.005364642383912658
0.01299707991424467
-0.04826222202659382
-0.03851284832709264
-0.08677421228205931
0.04933922020254484
0.02280376130979551
0.08439828980751903
-0.0897763917673233
0.07948735800066439
0.04819083420471017
-0.1020861750651826
-0.06256028502470432
0.1283068873998785
0.07065287854724084
-0.04081216047908438
-0.09432106517744734
-0.01243429709280566
0.03665248948280016
0.008734195730944878
-0.04803537090855114
0.1144011788984541
-0.007279320459737434
-0.01942093673793263
-0.1472486107524769
-0.001567908254740395
-0.09643878624163264
-0.1246016124409437
0.08041923363004172
0.04415559876208027
0.05285449703617311
-0.01179601580002563
0.07843880831400196
-0.01666138661685542
0.01688878839567293
0.0202824816983267
-0.09698280631525985
0.03365775741612589
-0.0824681912621149
-0.09913631095342414
-0.02785230454517597
-0.04471671315879909
0.00859153018251347
0.06912488924887628
-0.01385470015905507
0.003859318774441985
0.01412447507469872
0.03752270563634774
-0.03603314585704167
0.06175121408697449
-0.007833732890735922
-0.02658317424523889
-0.06785373474473626
-0.06776554692798908
0.05210562861882095
-0.05825846300384049
0.04608685516735159
-0.08704517268100979
-0.03329013004261054
0.006069176419532561
-0.09906888642703496
-0.07343306783105731
0.0030485309841898
0.05301787152761564
-0.02712803748196507
-0.04056807411412271
0.03679199746010881
-0.08167426612145573
0.08523834786967811
0.07376234822437665
0.01169987471543404
-0.1124955346792483
-0.02029242795835064
-0.02622272465448212
0.005058759363028346
0.1822869822968338
0.01013699883904923
-0.02166436315100553
0.1237429779364492
0.002032230006499536
-0.135675130596499
0.01464002563380244
-0.1112975269465927
0.02772231625173686
-0.04029114417679952
-0.03567548531069158
0.08369084973196721
-0.03132045195663916
0.1046353401093443
0.01947215436172691
-0.01259322062110345
-0.007495721944553349
-0.0989672555000069
0.009892378809342827
0.03199263410889028
-0.03157847562628281
0.08015585364040276
0.06040656716766341
0.07752038936196895
0.1263716851185865
-0.01321053971472239
-0.06555962143916642
-0.07357943413792883
0.01210851547307779
0.003961242067575435
-0.0504577143212654
-0.06477513386259612
-0.03892796096598383
0.07899116312332903
-0.02410352929874145
0.03479033834646273
-0.0223762415233803
0.0803835570820136
-0.034524716127217
0.1241288306103095
0.02237245446474063
0.002778565532850868
0.01935218401925846
-0.1166143035040888
0.0462633102047856
-0.07523406947730814
0.07315162230234169
0.008053950663641452
0.06068817792803938
-0.11881025641687
0.01028533982168364
0.0671681383684825
0.07811789754049975
-0.01014509877818039
-0.06663974150936615
0.03396172908049044
-0.008633784674619241
0.08655770452329202
-0.1418913603831052
0.03566884247457421
0.02725749800778929
-0.009438300256072472
-0.03062584636012367
0.01042427869575331
-0.0086971543342255
-0.01655013462193173
0.03284173999572162
-0.04254982216358139
-0.01524252190128888
-0.0768558527857674
-0.02334825322808501
0.0316131927941193
-0.03054843542359141
0.05821339235688743
0.07715138515041747
0.08517213712692967
-0.01996727289914994
-0.02949092638337259
-0.004238430385168412
-0.04851360928064744
-0.06754538754012052
-0.08735321782633584
-0.05847120716647956
0.004712531262886026
-0.04707439403675628
0.04054831692774135
-0.01718578855402324
0.09493317280629507
0.03676987226810616
-0.09953852038087369
-0.07012985422104542
0.02906335464295923
0.07503038826550779
-0.04273356211801592
-0.1053286616003451
-0.00965163033635443
0.112839243308197
-0.04439816857261487
-0.03028054768807178
0.02241218398795712
0.06222974960211033
0.06802581425891409
0.04617732539996052
-0.05991332778026682
0.004745393537079597
0.02161271073869936
0.04378354734708068
-0.0008830703646893062
0.02385989736025864
0.01584105270179275
-0.06352528151060394
-0.04315572242005383
0.09510153812178117
-0.01209069485152877
0.08796646846284881
-0.001704289735214318
0.005694730171581897
0.07201472285031962
0.01870961442366197
0.04145778312396628
0.02104498238406898
0.06530219409332846
-0.07994987701874542
-0.003389167256911831
0.08811594959160844
0.02138987941656204
-0.06248988733501509
-0.09482461230891237
-0.0180239096502678
0.04921623909002966
0.03654116735974539
-0.04125158275598074
-0.0244511893575845
0.07835732922395122
0.07369795131720897
0.01379834569931676
-0.1452670912403541
-0.01890491114156367
-0.04201337468883615
0.04605385881472456
-0.05582371500885097
-0.007090673810955354
0.00901347386973959
-0.05772032957747592
0.02817465071994413
0.0346034807940245
0.01439898403244316
-0.03754222996283202
0.1034155427627975
-0.06747999312893076
0.01853629295242537
-0.03910577438302547
0.1011186779711306
-0.01138908882845689
-0.0256622896547336
-0.08926833476755017
-0.04190056294009319
-0.01480434662724774
-0.02454411575726327
-0.003788700820143813
-0.07057270185492884
0.03475823987018418
-0.04234572407743598
-0.0121976069469212
-0.03081142496232624
0.1013577683142179
-0.06194869978175527
-0.04625852708041298
-0.02324298427033744
-0.007407857841621367
0.008516521264719433
0.007832994384810027
0.09110850320856673
-0.001072948173521489
0.05747468599181701
0.02235976365842978
0.1031355092147818
-0.004461255400069762
0.07684338004517748
0.04205779104277033
0.01188698774551952
-0.05556420394876856
0.07551097264941763
-0.06033387090111172
-0.02498167272249422
0.0375155029376316
-0.05056449396113136
-0.05268644331587224
-0.04374730844406224
0.1205867433951179
-0.1533503789814366
-0.07286134142739265
-0.1068107146422477
-0.01898170844278103
0.02075010861686163
0.01076412486864486
0.05661533735488214
0.02048879503053966
-0.1196040678471326
-0.03013131149597823
0.01904972209797537
0.06871662649967944
0.05173146302956215
0.04652108466692643
-0.02180153618615464
-0.004852172968361917
-0.08000826690501833
-0.02261484669938474
0.08594904725512434
-0.003982434135739779
-0.07605553467683679
0.01184396108174305
-0.05997618212991842
0.07830436584267927
0.1992519012326595
-0.002765858652231036
0.01154359698764365
-0.1353170197874691
-0.01569413804268388
-0.08133256118425815
-0.05594344387478128
0.009780720422371096
0.02156467657240109
0.09112662735626051
-0.01789100178997049
0.01184438773322102
0.01543861582642619
-0.02405980406090368
-0.04197450895565816
-0.03366995505318168
-0.04933890440929082
-0.01910200599995172
-0.1032764612466123
-0.02062492878905341
0.01138226809781526
0.01402431132232249
-0.06074864434411233
-0.005534110465055114
0.00239492431138897
0.1250757355483601
0.01694840204314849
-0.01074644980401508
-0.04233343326712005
-0.05264523384408236
0.003665514448977246
0.05479301278453998
-0.07400363836859239
-0.06453307232613419
0.1466421534252633
-0.05661852810065059
-0.01838760466463675
-0.03944560505162824
-0.02074543570572568
-0.05547815250087516
-0.001200869623883948
-0.05306395050533761
0.002413966664094765
-0.007756266122081315
8.490506384609825e-05
-0.03210209849940768
-0.02848347205730749
-0.0431514271940712
-0.0008615052531985891
0.0290308555471516
-0.02326508751470637
0.04228039867855717
-0.01334545321573635
0.05163516949626637
0.01144230733956289
-0.03668736145263056
-0.08062481682036775
0.0702313057790247
-0.01080837417049105
0.06020390147651025
-0.05045442134804663
0.05949161645893206
-0.01970317122581234
0.08898606331347395
-0.02603087173796333
0.03221177025004029
-0.07686827091811438
0.04744746744598043
0.08542965598483002
0.0676150637125095
0.01966822123496383
-0.06496085013964964
0.03351343702954281
0.00179177165658484
0.009951545844790452
0.0371914866238884
-0.01612452262964317
-0.06907473692400364
0.02951712176215922
-0.09417203875725617
0.07267257532746557
-0.08490547270554752
-0.007713217916281545
0.03875241226186783
0.1209741101832657
0.03401068915927867
0.06387976998101419
0.002120871853317143
-0.05200266879282216
0.01735982628491217
0.04747263322802009
-0.03376122034003096
-0.04731556057567221
-0.03900085616341933
0.06317564676085564
-0.0329675555145198
-0.002613540063309983
-0.0147274750741679
0.06874958174557536
0.01249199454566658
0.1325379993413791
-0.07441208037870134
-0.04518891516680427
0.01259956433737182
-0.01558318318786583
-0.09186301627348104
-0.06295976805432719
-0.003761386955592288
-0.1124621259914622
0.1068516333937384
-0.01614680954753665
0.03786774088716106
-0.03156869309761595
0.06708104015427768
0.05461271837992883
0.01791884461187047
-0.1065206469458461
-0.02466017915636932
-0.1074599061191372
0.01382406901590082
-0.03170346205441784
-0.05987376873111015
-0.08292961931118359
0.05243619428545494
-0.01913545069334401
-0.01931000976873457
0.0882637782598252
0.09892041903676746
-0.02573274946874373
-0.01776282034797227
0.0643536340203868
0.01300298624066632
0.09361874492547009
-0.02480885313535428
0.02865302282776974
-0.0172151147656458
0.006542357271948004
0.04272346213721362
-0.01870190024230248
0.03152355988395465
-0.02313956080317574
-0.01148464525780125
-0.04174526829722251
0.002788989981741971
-0.04358361016360864
0.1626993767848164
-0.04786620269714731
0.03201457918744783
0.00953210682640588
-0.0770175813813013
-0.01339409950117077
0.01310070957933036
-0.04293288263634262
0.02628998842329785
0.04543811499974754
-0.01223358796747075
-0.04243244604462022
0.001186919554075041
-0.04281725630629882
-0.007863327211177232
-0.1542435610320126
-0.02725367780929936
0.01393076855483984
-0.01388489775103753
-0.104757092210236
-0.004040820481454543
-0.01373913236944988
-0.04489589669185888
-0.001854917702760221
0.00986482576348739
0.06270964865362809
0.02705952202471002
-0.02194459078019789
-0.02590765441031687
0.002703925064948383
0.07607778810364195
0.103846261559713
-0.0367687376964401
-0.02991010118411911
-0.02191158775159659
-0.1119360682904978
-0.07837289935867382
-0.1411853123285909
-0.01927227761660647
0.08856471296042875
-0.03390950736200991
0.009811518215013054
-0.008142304852061553
0.04796378367892621
0.06867462665350793
0.009789363773274891
0.02032434102329822
0.0524969519040494
0.08131092679960962
0.03125047849993734
0.02554605629507472
-0.008069680820718763
0.03617230975850385
0.1039955625600316
0.1471260507645822
0.005634984420623004
-0.0280423262067595
0.01807679673539564
0.09895197699523098
-0.004588828168556901
-0.02881230484435788
0.02343136860414431
-0.00799491547879683
-0.05272488756986089
0.1895863578746035
-0.03899945717368189
0.01059492036257607
0.05234907614411236
0.07860397587107551
0.1504517471660191
0.02805020032744498
0.0605791291140945
0.1965205310775924
0.09182513491943153
-0.08223973633147125
0.09118240291631674
0.1141089134641833
0.08764181138715912
-0.03159333295365886
0.0342121870282369
0.00134930687942237
-0.03174173869477867
0.03378635110627511
-0.04169804249614427
-0.03687159689719802
-0.02838327730901448
-0.006391466247939493
0.1681643260881031
0.04494360723877892
-0.03350188772069016
-0.01377149317392575
-0.04596681955866389
0.05782756423119938
0.06118712204233401
-0.01795901840001314
0.02901679226435536
-0.002718822569830037
0.02882726412439275
-0.06389208583570133
0.02024420594867363
0.02839341474228477
-0.1041327900480298
0.06809911294492775
0.01294006638928239
0.09454564442214415
0.07994529151036289
-0.01704299447730211
-0.1004831273314102
0.1326218546109921
0.02907361342539231
0.08951595108095667
0.01745522826059298
-0.04490240162662922
-0.05787312499381936
-0.05384326639710384
-0.03358738421915245
-0.01250306347893382
-0.0899297630742283
0.09190473309833727
-0.05786991137807722
0.1093568287381975
-0.028060065704615
0.02288652572277534
0.006825302005164374
-0.1326329064912283
0.08288598926873042
0.08708012191381172
-0.005425095461175589
0.05514261305414361
0.04580161768134836
0.05001032910872526
-0.04973904715817821
-0.02892488693426334
-0.05222770790201849
0.004726366658351855
-0.09815914093344906
0.06134152686885699
-0.02991473868309139
0.05480485676853331
0.03108117434363465
0.03219417052876168
0.04443999336654613
-0.07528790952666814
0.05514761072412612
0.07117858118891647
0.07765917704732525
-0.08305220167102846
0.04841731953498165
0.05054361529692746
-0.06476415056506109
0.05606382354005275
-0.02903857925169804
-0.0135415443906014
0.07451037611070753
0.006927589123460157
-0.03784943173832706
0.006838274165393884
-0.03144596536800587
-0.08983395062940888
-0.02441785959860897
-0.005442162150392078
-0.01904523163573167
-0.06757660601681421
-0.03326764296539023
-0.04697859816287794
-0.06503154978186904
-0.01958390213965944
0.04218167588711648
0.01925173648783159
0.1108872196776686
0.1005859272658872
0.05964178054407859
0.04879337558171192
0.09045142823117004
-0.0108193120248555
0.03752609903022178
-0.001007491901794277
-0.07556458888403696
0.04678530593010092
-0.02044879979333273
-0.05907743976598442
0.04066808350565158
0.05258597501414231
-0.09288937974123099
-0.06074246778303867
0.01297024712124067
0.001178209213366931
0.06579434118968669
0.02774185492448682
-0.01221954938412405
-0.1306622487953799
0.01461714246592564
0.05952336193610126
-0.03073649834387436
-0.05467362477252661
0.03491092649509499
0.06794624660475762
-0.1419291597342099
0.06864722351791615
-0.05660188255544774
-0.05614197867083951
0.07130717305431836
-0.001297326324726809
0.03929567443833482
0.01841722390434
0.02049596043142898
0.08038037513804736
-0.09976623060295198
-0.0403234780898088
-0.1369123591536165
0.02865944386893119
0.0001231925498045277
-0.02041248637327597
0.06367311288236002
0.05533396081065671
-0.08565098968668046
-0.02778258684057252
-0.04667058753552881
-0.08253818212485803
-0.002587636339358566
-0.04038417444814539
0.06376277255646462
0.01496602075874331
-0.1051622071903718
0.02521613718257858
0.1331155114450547
0.1187866369178902
-0.01161303639492246
0.005045384703665938
0.04792919405853253
0.05301821141696546
0.001664273633548562
0.01076499642036551
0.0378886884846752
0.006553042184077242
-0.1142016366348972
-0.01393976903643242
-0.05388978485386767
-0.0456066525504845
-0.01849485084219548
0.02780290140950118
0.03087699312113534
-0.08543490915522919
-0.02549418460007266
-0.04874065100392952
-0.0003955232319921634
-0.03130542043953185
0.1704693419080843
-0.01907777526780755
-0.002950294714387264
-0.1312294000106973
0.09947482071211258
0.01028230758413422
-0.1308939901382589
0.04945289350458693
0.001327654268759901
-0.1507478946184139
0.07355883845450562
-0.05224968705428841
-0.008305943916009043
-0.02640237520616519
-0.01830531321983489
-0.02841343768656177
0.0466046298812591
-0.04274111789372549
-0.03842087636991776
-0.01640800881033244
-0.03622163689346779
0.03328717997045051
0.09813949951545664
-0.08769647180332496
0.07539963510367169
0.07844480491560459
0.08138355550034003
-0.007768371843426252
-0.04590604843626159
0.01749905769360848
0.07249386265294848
-0.04568994962727108
0.03745227834027108
-0.03925227727894896
-0.1084525973376692
0.07890545971856003
0.01888845786897853
-0.06025334164942894
-0.06801322467688502
-0.07961457030609137
0.04645496610545237
-0.009816444917314211
-0.09680027704077343
-0.06002014921927101
0.06085825484022894
0.04107690493185585
-0.04837387827830754
0.0291504184279814
-0.00699535363405477
0.1224191745089967
0.04020299512259064
0.01453024315146753
-0.0008024179597485963
-0.03245561553305104
-0.03012956525933797
0.002419144696056287
-0.02504883186883915
-0.01421533090182415
-0.1117545916493598
0.04348784198205895
-0.01446317333912965
-0.04361921788867439
0.08129421521580413
0.02231475476426228
0.01285129950510286
0.0618477884992532
-0.07990850434324595
0.1102363085484644
-0.06366011527784624
-0.07068682449018576
0.0245981016824678
0.1017626771520945
-0.0503615436797416
-0.04087533701158509
0.0618105651305933
-0.02816413707152696
-0.04610496774585334
0.02362516429639563
0.04935135150464635
-0.06905159320208601
0.07259599381030207
-0.009773955940715159
0.07956589278623212
0.1070967925961834
-0.1115470877251662
-0.03412009863767178
-0.02282744772412366
-0.02987498647243499
0.07202741445975375
0.04633371374914208
0.0899284695963842
-0.007023214365820291
-4.149713776463795e-05
0.01891687405938376
-0.03709195957608606
-0.004354882378496121
0.0335249421527205
-0.01386349341331527
0.01757921296587614
-0.04594468291653159
0.04755798062534748
0.001790726794945721
0.01489663209734524
0.04604149877574437
-0.0942625467948114
0.04295955354173056
-0.02644543149574615
-0.1161637051450665
0.06763294310529944
-0.04501262061230329
-0.0818254750043252
-0.006148128458643411
-0.1057949097751978
-0.002267110053290377
0.05869325913168363
0.09081654978330694
-0.09797501529102812
0.05202686953648367
-0.0195020272012
-0.004266673098110664
-0.008749531273841614
-0.006483234783008621
0.0109677926679721
-0.02461872719911272
-0.06438322469575458
-0.1295591798429598
-0.005025221919893422
0.004280545152355084
-0.03167211090723993
0.1470486548789536
0.06243093337684332
-0.04153766044328726
-0.0810080530034433
-0.05858895991362378
-0.02055257678891079
0.1105960889825334
0.02472752062019366
-0.04706814262761741
-0.03513333431858354
0.1174171189529196
-0.05411897165990166
-0.1218167508543596
-0.1088667043092888
0.0001098360594158632
-0.05250096771875694
-0.08721766730800791
-0.05211074005469307
0.09900510732545727
0.03580049299024597
0.06121523764806287
-0.02749210070647565
0.07028048584444632
-0.08749464438811136
0.02439928941159607
-0.003541706492344442
-0.05421991694417967
0.04785711805549898
0.01394534529973675
0.1820168318538394
-0.08928438839707969
-0.02084280325960764
0.1174308914531866
-0.06471586774001019
-0.01517896935121409
-0.05447474188889827
-0.04717747036797204
-0.04361134493299056
-0.005631051101798422
-0.02656040038791381
0.01319749899058975
-0.008533028876774019
0.01514904037015005
-0.002403471035972691
0.02680871027409801
0.04639514065305528
-0.01067993484808661
-0.01898922604195089
0.09418749148040502
-0.03879289637528643
0.0380190206682801
-0.000267787282067878
-0.03187527255187553
-0.09334311192831089
-0.05674472279505931
-0.04815768406305642
-0.05423603067019695
0.02765177569890408
0.02432782056292558
-0.01778987934782737
0.008232020553821353
0.04080861422124554
-0.1027396709332031
0.06356236248701748
-0.000856028166907186
0.108704932262178
-0.004750227944771077
-0.01377325730141565
0.03681586901914572
-0.0237332639811785
0.0295602034477083
0.04320571031967993
-0.06275752273289029
-0.07305231533277431
0.05032692331388309
0.06709176105308468
-0.163908281671386
0.09418737841312864
-0.1071095926167583
0.02742605827594155
0.1358579856263726
0.08443233425160591
-0.005663074799270862
0.09299912432864652
0.0424081840687045
0.0183219599574304
-0.05394842736775111
-0.01533096504200289
0.01437140193618949
-0.1151058202347104
-0.05503653192097338
-0.02824626902754055
-0.1072140669156859
0.06039833724639469
0.05046998736891511
-0.01523620056756677
0.06289292544891664
0.1418831095086456
-0.01687134150918669
0.05079563084558656
0.05028678963619519
-0.07053907323808269
0.0809059206576566
0.05659651933244225
-0.091180058981149
0.04462292990211308
-0.09736743557423984
0.001370375887390064
0.164027818775446
0.03979641239055422
-0.03602473876075073
0.06608040985964123
-0.04825564518300653
0.008074750043618538
0.01646442841836429
-0.003483191208946093
-0.07884292522211013
0.1538180267110512
-0.05676694746294022
-0.01997028444734324
-0.01569316804421877
-0.01731550199570549
0.05482416050283195
0.02055670712486402
0.001346930199400923
0.0176771046783928
-0.03949633041176694
-0.0945953937184016
0.008967174607955663
-0.03516195121123375
-0.005662971437278933
-0.05898420435180639
0.04997301542271031
0.03240694173582961
-0.06732251940352058
-0.00465771433270216
0.03618733628606642
-0.05478759073893586
-0.04170440720876234
-0.07890936847560638
-0.04501211995144679
0.02193994872481657
0.008914243023829781
0.1046265132545602
0.06275168443716092
0.03476731411463328
0.03089036123171138
-0.005411991158542847
-0.04652192809173904
-0.04686261533669962
-0.02689191066802801
-0.04705765890137395
-0.137424355110214
0.06647110957076026
0.04961752641609014
-0.0468139605445223
-0.03216555224599692
0.0779897792337802
0.09111016161890584
-0.0560029940099324
0.09520908474082586
-0.09294432134483188
0.03713499700616943
0.0540258724951716
0.04695983539508976
0.07399082864406825
-0.127128705541297
0.008029679479330254
-0.02322885735329236
0.1026509181493549
-0.05241342477480486
0.01029656314415297
-0.03166700876031575
0.02468891412635139
0.1118242991793249
-0.008586168923746218
0.005871766146088274
-0.04379088029521464
0.05001895873894247
0.01594429993932068
0.03912015535955468
0.1204888136890181
-0.02800055224260204
-0.004585562621084286
-0.05815420000288936
-0.06784622669908555
0.007788205838138568
0.00568041806955678
0.09262656592272955
0.05106142506189692
0.07467768775370025
-0.06658359871592054
-0.002959863865329735
-0.07766729142622053
0.09432068849056792
0.04559369458600133
0.09545536033169301
-0.01208492273268014
0.003317789750541027
-0.1131222206448095
-0.01123609737317257
0.04504498655075641
-0.01565529274256569
0.1013038336565616
-0.01218686302606411
-0.2263477187096261
0.02294561638767344
-0.01695284698456009
-0.01027174794129414
0.003584290261643967
0.03223593297696682
0.1095767761559346
0.06334206784224823
-0.1340924356451498
-0.03107985993357314
0.005849659077162117
0.03298071157143108
-0.02659518450272509
0.008374815620259046
-0.04405129441179868
-0.1871855192878813
0.06278573426707601
-0.1803268544006328
-0.1240871572622092
0.04923153479992259
0.08490231012099386
0.04165197059687009
-0.01565873251893765
0.02879651028649157
0.06504318093212699
-0.007236165257908392
-0.1116050667352006
-0.01521676317252296
0.1013137460672836
-0.01362611331527243
-0.1205906289228864
-0.01895395299155203
-0.05588817381288412
-0.07463505507698658
-0.05880254975538786
0.05825063114596336
0.01472370815400989
-0.03698371741605305
0.1449594748463598
0.08066984074924673
-0.01858948277293946
-0.04728461004594506
-0.02281259309252123
0.01778831573062942
-0.01191150270281634
0.02232678298463737
0.09117091243952861
-0.06978584257160217
0.02039893379632797
0.09101408683638357
0.02569538323368998
-0.04457405380047545
-0.02076936815942843
0.05707719321745303
-0.03165856569028778
0.09264121950656276
0.005010996367992888
0.05258536337925656
0.1257822526855336
-0.06325467629146814
0.05564760743113426
-0.0520424930675013
0.004287978511256556
0.08608079788453622
0.01061854302951731
-0.00973888271242411
0.04430489256320219
-0.06702532579517423
0.1157835800156862
-0.07186415577755731
0.03751799684252896
-0.06625639005349344
0.08541776627765549
0.1429447331905183
-0.0897579752380557
0.07306200957067377
-0.07033551704352459
-0.0436992751018135
-0.02584714319514929
-0.01408954906695823
0.06048105333519941
-0.09862960866354362
-0.08084846620824623
-0.006118140733651698
-0.1191021730719328
0.07602605438347561
-0.007771582483326059
0.05099102713048081
-0.04141440709187927
0.06699160548911433
0.05892157528711368
0.02954405077269449
-0.03411991250018363
-0.08181660024197551
-0.02360599619571292
0.04691772906202733
0.08261599829265254
-0.05050819355102257
-0.03655069397404122
0.02970122298817115
-0.002682023032192001
0.02778904379106365
-0.006224755702754752
0.06582036352067287
0.01101382773933043
0.006570840147517569
-0.02670334241862766
0.08861475830503288
-0.09537130272222134
-0.06150076639953158
0.02542477209429948
0.05524163368723833
0.05999519194210757
0.01318948930607167
-0.09608025848301918
0.008985884636784012
0.0550238780784196
0.07753149557704199
0.01947688995031706
-0.02412449053547867
0.09218349501335324
0.07518176590337339
-0.01225101570835756
0.01116381539008145
-0.004905625003915219
-0.04099661322335737
0.07234229380814551
0.08034604681180355
0.01905414958243107
0.02690826574252431
0.0595963752552735
-0.08545139604687219
0.001234875438409482
0.01839365782565596
-0.05863711608797401
0.04248462544566751
0.01143921246176004
0.02179295805174958
-0.001838593488288749
0.06832243551386408
-0.07062606759446746
-0.02481659913131038
0.1155367119935677
-0.04350638651935761
0.08607571556338589
0.1283345565404418
0.01283259650577105
0.09702646929907897
-0.03504831252813805
-0.08601648662613701
-0.03995554452925872
0.01329766480895228
-0.1046172237987122
0.007308098550481482
0.06027174902961011
-0.01149894650867064
0.03977098063166098
0.004580795440637817
-0.09895285378243421
0.07590190640251727
0.04359692585028706
0.0693324393991325
0.01358735940502625
-0.0005293982579349654
-0.1053399651802277
-0.06673793188828075
0.06377539122989261
-0.03930995728820205
0.06251972179541193
-0.08545853694092942
0.03670782695843997
0.1158645384902365
0.03318355162919864
-0.03567485338971729
-0.06079721092261205
0.01676016215674301
0.05844768383015194
0.07636117723324529
-0.02847105921942095
0.01785091610905486
-0.07072213706872406
-0.05230962022636856
0.01754411338751464
-0.09312132459565786
-0.01824748664746304
-0.0002325196513257161
0.07317336899530991
-0.1152715901857087
0.02945936566762506
-0.09741364675821861
0.0097699441794094
0.01941358607503986
0.06996880962927299
-0.02980376493950388
0.05773519447223147
0.02886419616418872
0.01117047307037237
-0.06152360710207579
0.05413962034362771
-0.03474041222869667
-0.01952005667126127
0.05941235051245541
0.09355204365112257
0.07822828794619555
-0.00199823840817661
0.003848660159470191
0.0652355172516014
-0.1123271591546018
-0.03032263502931239
-0.1012006570012067
-0.03160582942058471
-0.02203896533064653
0.1300865953084324
-0.08008513052059874
-0.02083881741249382
-0.07101404005707369
0.0584720673837717
-0.03765755795826625
-0.0508218439649774
0.08606700576427367
0.03423885041810475
0.05517057627189244
0.005743766751248311
-0.01662202358835992
0.05584742141176445
0.01027649107168528
0.08322726269245366
0.1290537206524312
-0.01944556775533735
0.1036511582319966
-0.02112405477222673
0.04002016982812365
-0.04871006950357944
0.07828606569929654
-0.009974310546350123
-0.06672266173214308
0.08491986342814893
0.01659892712912198
-0.006702624872929355
-0.03450677434384146
-0.0725074139296327
-0.01688294684699522
0.1260287964098438
-0.09414946376614874
-0.01348093548747344
0.002703648330965223
0.01145007396604325
0.03847417114417945
0.020010629684418
0.09574983389587281
-0.1199108811194111
0.03366904102382164
0.006631655522494083
0.001748930788383982
-0.01850086896367491
-0.05302898295220426
0.03583563011000548
-0.09620395465006881
0.001098497176717755
0.008188803973962738
0.02252894248860347
-0.06094470407213716
0.147299899589511
-0.04525237375333716
-0.08394024082109072
-0.003589780208912648
0.06295191798324148
0.07790416834067972
0.04624055977882381
0.002824736534093146
0.0243860890330327
0.00298555747960964
-0.01473903987105833
-0.03001163282801882
-0.042171064802005
0.1407804968130537
-0.04588915147393071
0.03534107626606958
0.01484385696690705
0.03772885219775035
0.1009406948543672
-0.0472463420531952
-0.06043386724163122
-0.01898942907151911
-0.1225905470340293
-0.03305825861277197
-0.01626916479697696
0.04760568283402312
0.04478481722411349
0.01622014576728032
-0.01027379589314109
-0.07253556636970201
0.01458619267627985
-0.07206798485515517
0.1386632402233426
-0.01426719837163483
0.01353189695541298
0.02072464704690394
0.0649938000760952
0.03306795912020339
-0.05545644566141534
0.06370983571512946
0.08932842982325709
-0.09028078132676354
0.02215935243627717
-0.04205306204699348
-0.046859167549643
-0.02185533266598603
0.03686600334920556
0.02217315621399746
-0.06374840136446766
-0.09974173768852426
0.1321908172177688
0.005970021378195786
-0.07602758778966293
0.008131363828035792
-0.1305516674057641
-0.05134283360961923
-0.04421603457990261
0.09162100853258331
0.01465364555608991
0.09398819651960488
-0.04931631177363631
0.01336517847273677
-0.06910238194660975
0.03191863677265358
0.004681768762560261
-0.004073926431000741
-0.02348239287423431
0.0757698503887388
0.06804953846890538
-0.06233773702999688
0.1027100285993571
-0.08584817525231506
-0.05909313454320798
0.02196038427515523
-0.1312737494152975
0.002673527127169468
0.07923181802169904
0.02045701779001975
0.04438788569730361
0.04756829570656833
-0.01035273681418361
-0.07935900374246083
-0.110726902308823
-0.05879526842210245
-0.02789401109486957
-0.02894391199690506
0.1180008618986662
0.005682181148538305
0.0961326868172665
0.06350821706623913
0.04211186609374657
-0.1186465873872836
0.02871374919583039
-0.03839471686727324
0.02703636410869311
0.09939581202435166
-0.0591200295104231
0.02452497849231974
0.01539491033054387
0.03204404474428382
-0.01766951688755959
-0.03953112193345089
-0.003274358246575453
-0.01799675730424673
-0.02727084716706086
-0.0352310548475776
-0.0694989583972604
0.05840581455597675
0.0592837207787909
-0.1335057673820396
-0.02713680245136456
0.03962048266259075
-0.03301512993783177
0.1726942530309069
-0.01364646634354365
0.02350100882132185
0.04145029423052708
-0.03697952349553867
-0.01413939215278103
-0.0691616186976011
0.02516115296075713
0.005128686516248733
0.03749595528037569
-0.01218030661449329
-0.007012393695378795
-0.1068780469714467
-0.0364376133009561
0.07739588818233319
0.01872025135432548
0.02120138065860597
0.02353884450417795
-0.04793161962823296
-0.02954295381224736
-0.04062036141137399
0.00505393053838181
-0.01852968742144004
0.04466536713361675
0.09710314528920284
0.04931846944693913
-0.03560492869732599
0.02619971200265054
-0.03157793187384481
-0.03011724681979194
-0.07198551535087035
-0.06294290049898407
0.04655366185584085
-0.0303441391688705
0.03219939522935057
0.03456183236143445
0.002762246533361688
-0.01872454721251875
-0.01642720139655975
-0.009155935369765859
-0.09946212304866424
-0.07915110041082322
-0.01515795378105733
-0.01608181326269991
0.07292583531577143
-0.1123125380717278
0.0007226523722877708
0.07870442349529549
0.02171067846491821
0.04404508105296723
-0.01004989324916469
-0.1038874610126107
0.06652087083125785
-0.0454583783379376
0.01737559622210207
0.02164694077045307
0.1563647107580707
0.04608644933320342
0.04120806758265481
-0.01195720083979837
0.07942232297719912
-0.09573399190023237
0.04565834580380102
-0.05146590857798608
0.08632945689094548
0.1061946143130429
-0.01190933106991407
0.03972284254499672
0.01438203718220619
-0.04013823339839027
0.06949242234390945
-0.003797246734139694
-0.0989986548430794
-0.02241409475699144
-0.02982559101270807
0.02103509712283912
-0.04175782028740451
0.04639945413026146
0.1093642191246619
-0.04071886935284916
0.09501724550422912
0.08835138194273495
0.02511931168699894
-0.01482460305630359
-0.023792133263855
-0.04775620072246849
-0.03841466250083541
0.005599233845594923
-0.02435422172547929
0.05808934337549508
-0.05725480273687807
0.02704757420425563
-0.03207370175872572
-0.04317475977170681
0.06303521110706409
0.09788537884158771
-0.01475482230686137
0.06322875911619254
0.06212991123866319
0.01579714036018506
0.018624786395127
0.1062202699854155
0.06350762542649079
-0.03216661356774363
-0.04824602312936012
0.1182112390790928
0.02678288304519545
-0.04354304244647753
-0.03764030058340317
-0.05851863298093013
-0.05052020530003248
0.01335088873009799
-0.01433462769154779
