0.06520793738455065
0.1028195484773115
-0.08152759648194291
0.01007780143030747
0.1790452755691929
0.05778615167313368
-0.03909851006161369
0.1277933049919566
-0.03961859408816443
0.0788983192647274
-0.03250902110242757
-0.003597167753709551
0.03946555648402162
-0.04095805985089937
-0.1670846155257377
0.1268514911642285
-0.04586058779079419
-0.1707650049245939
0.1374080795299487
-0.07646718949131667
0.02495639036121073
-0.08729490878363803
-0.1137765141107485
0.07184090729694982
-0.01590906823153929
-0.06211470091960947
0.1679732744674116
0.05603140852282851
-0.03487911167420175
0.04703284283986646
0.01425785513636892
-0.08316531543984078
-0.08659663435491163
0.02651185845095106
-0.1207509650461764
-0.092943738788726
0.05492039237612956
0.1354833669064595
-0.01144606734877641
-0.01037262361788299
0.0277086196184664
-0.03066004727653689
0.05280382889857119
0.08454464760298068
0.02384665160591969
0.04207779745617428
0.04418044430805461
-0.1920219430371923
0.1641463835007278
-0.03459501625333107
-0.02249225340997789
-0.03430285756798739
-0.03396787378888425
-0.006200806687810492
0.07299189250469032
0.07284129413171919
0.0536903260063936
-0.09370097054769419
0.1164914504339303
-0.02657221437426337
-0.1057195107811687
-0.07896603050163459
0.03235615060546319
0.1447092482827801
0.06853469964068415
0.06939388722162368
-0.09019539500287571
0.1469548936913107
0.07611815543706216
-0.003262253675933413
8.073686750520448e-05
0.1163882637350275
0.02561526523508362
-0.05357630760867774
-0.2188771736848895
-0.05012420428776643
0.02078302739591935
-0.0403726399231854
0.01848286076337651
0.03477049022509598
0.05752034239325132
0.01696642033092865
-0.13478631176911
-0.06821370801290447
-0.01009004155720172
-0.04123244565610597
-0.1143376195231644
0.005815574181775029
-0.01944715063866063
0.1080944722883701
-0.04283685533235081
0.05100288539142038
0.06103033721730605
0.06554672216318515
0.1929887893580853
-0.04576333771319223
0.1667759242185534
0.08925931326179515
-0.01443933387021136
0.1021573090681941
0.005456504616380347
0.02380141570108943
0.05796009806024449
0.1519023941503687
-0.09301544798324757
0.04787021171598871
-0.01053803421828096
0.05870143507952864
0.1978715666079452
-0.1222373091450251
-0.07211699554161491
-0.03309173739873016
0.06585082019619128
0.1324222548930231
-0.04400720359573716
-0.1046629495548243
0.03923478988256789
-0.1273717816230314
-0.1513428264033508
0.0417449819837275
0.1283217128325968
0.01410474388287491
0.02090413337584956
-0.1016083380511434
-0.08269101918405733
0.09914524961697919
0.07157936744315399
-0.05639844516702471
-0.1251384142290183
-0.05747446849197922
-0.1393347702198033
-0.07925186469728826
0.03176863076528143
-0.001529537012849441
0.05976174260831048
0.01909375026417134
-0.03786596465337327
0.04948588508211763
-0.1232547938387803
0.02030987662197507
0.1024236340734174
0.07649988379660923
-0.04027219850463464
0.07526384126816023
0.0391198794761751
-0.01700763060629851
-0.1772969744295875
0.1572270208631308
-0.04322157297075141
0.0005970868865217693
-0.002912985487365755
-0.06301703676639263
-0.05400363736326006
-0.04046166823660294
0.06975449690968044
0.05296343661024974
-0.01436985781202725
0.05281103949939026
0.05661178591475364
-0.03100985869822445
-0.08219459426579695
-0.001942536844252919
0.1274458069876915
-0.009300029387021472
-0.07806166646427992
0.2340728573966399
-0.05742051220416902
0.01747220466993969
0.09508814044175176
0.08959720753365963
-0.02420419689084841
0.03927589009136612
0.04151197589412811
-0.07699337406705348
-0.17758640420671
-0.1038918108924448
0.01228586220101162
-0.003446695967037419
-0.004278282826829335
-0.0719927772451609
0.1348772202049464
0.09998967091971403
-0.113137718944853
0.01885287795773435
-0.002729236540611812
0.006632104533463246
0.04447262415692477
-0.0444556846920334
-0.04547760305130497
-0.002047837189154619
-0.1207748635768907
-0.1013850463156045
-0.08076179772212749
-0.08683005208553472
-0.06577431086888638
-0.036937284672105
-0.01267358611685188
-0.04409333618886878
0.1067207651335685
-0.007847128295302763
0.09738540152501118
-0.05121398548291742
0.03927788223540692
0.1786010886941029
0.06655027100914086
-0.009186015646536497
0.001346778769528448
0.007922761135386664
-0.08631835245955916
-0.05164035978624468
0.05081273854662
0.07355081026105746
0.02908555861029619
0.01211031353122405
0.02251311184943358
-0.1443922477061162
0.03312085899094316
-0.1052960312521829
0.007954894262306986
-0.01736643582069333
0.02917753744118001
-0.0967277809250299
0.1646845977305912
0.1762943259824724
-0.134361641539732
-0.05372616200270198
0.08639887830528363
0.01647794523868644
-0.03686162222792948
-0.04411828798600768
0.1498176084368565
0.001435706916523109
0.2073365851573651
0.05322996054661411
-0.03139128489486592
-0.1107881490617489
0.001497555547633148
0.01190571151221862
-0.0787341451644161
0.1222508547142343
-0.02182065105582921
-0.1191721740360505
0.0523934866361592
0.1255483198603409
-0.04006457677540824
-0.04998524944586086
0.05832079984218363
-0.04498674042547533
-0.01007433618998464
-0.1248294854742801
0.1430312348232473
-0.07872227755727582
0.002320523019011094
-0.01915297727002423
0.09054308835483971
0.05431676429805538
0.1620129355612213
-0.01993636995373889
-0.01608572182385962
-0.04540232743942951
-0.0533464179930863
0.2067176151518204
0.1024110534316669
0.04133266764974047
0.04605237008336449
-0.07148241775980191
0.07354746639568156
-0.02984653033425937
0.05831265327162927
0.05691385086698106
0.03610234776664723
-0.1644070413577216
-0.06100661030976188
0.0290762637360388
0.06811424170645863
-0.2372457500200106
-0.0157504414385058
0.004939971869158531
-0.06531636835708017
-0.1085332896789086
0.006441784150030619
-0.1976758217840214
0.1057800248999613
0.09118242267412024
-0.02185705981160287
0.1649632976453811
-0.0006970044842961043
0.1038559049889262
0.1263869914863719
0.07071414148567297
0.1233659475945911
0.05386035664696227
0.03729455558360995
0.07743723316875831
-0.02376774719883436
0.01240000462810139
0.04564408555276948
0.08710848761531081
-0.05514519829866642
0.1249438917018163
0.03571261467735092
0.01185096739283713
-0.1299643121214235
-0.1425566242282214
0.09082135849502451
0.01289360017255864
0.02520208995538374
-0.04414918280764142
-0.04245452049009561
0.09096056258734649
0.02861769590122752
0.1092893874716854
0.01007705228491718
-0.05497794409889867
0.07620966660024189
-0.07243324460551792
0.04282087744265638
0.06909748942315416
-0.03090867752822713
0.1061794304200614
-0.07648336617695171
-0.1354823197129748
0.02903543673455069
-0.02279846977014008
0.07803952259244037
-0.2796004317715163
-0.03713206575242756
-0.1235338159538994
-0.09404692465470062
-0.1026323539795751
0.06710438959478163
0.0211417998955167
0.08125115837119271
0.03297830573164226
-0.1443446035799292
-0.02907302336704026
0.0466641270246177
0.02407089585493571
-0.02126416544395266
-0.1057205123431613
0.08532424087533341
-0.0007807155640502383
0.01605271731391125
-0.00317949297714154
-0.09381681990578622
0.1260741440716706
0.02885994246195622
0.03883096411617126
-0.07814635960224005
-0.174904162345364
-0.0199397177082565
0.06801274268490032
0.1121376709939154
-0.1142869969527659
0.1461741295114346
0.06684457783263244
-0.06941276535060303
-0.06704850811968495
0.06873133840881794
0.05868973345785836
0.01447252712642529
0.05268562535732437
0.0415697490953922
-0.02949861054990198
0.1883883250364719
0.1211832336641188
0.009929394620170864
-0.004930619622152028
-0.001850583035925956
0.0658869556457304
-0.04560475678561166
-0.08373929504090451
-0.02579793839395885
0.01317007109952386
-0.01791369585798017
0.04862964873220774
-0.1176582943289298
-0.06673807542683564
0.09868675664788309
0.1904509780797974
0.01369205614406612
-0.04488269383928335
-0.02700359284543
-0.01230247603329411
-0.1065202920834304
-0.04414979007746334
0.1345195117206306
0.005155433704557566
0.1184513934682681
0.1158835276047076
0.05104993546835366
0.05164832422957508
0.005738316749838462
0.05764275963180275
0.06235670860302991
0.1682964616086965
-0.01934953137520949
-0.00847913571822901
-0.1358541490095505
-0.1090431132401643
-0.1056057412436838
-0.1490665303464173
-0.0406755382968212
0.01587899746705136
-0.08386568769205913
0.02384566136792578
0.1355780329949882
0.01187187259717385
0.009064768152766283
-0.05591679413988615
0.0485181620035746
-0.0258271922447976
0.1097430943054224
-0.0002974531144018973
-0.02705374426778052
0.0927064138451491
0.0001625586749061745
-0.005088389660753624
-0.06466486993137752
-0.03513390198847134
-0.03661635387929289
-0.05807794520578143
0.1190239744158531
0.004876692488161985
-0.04837154892431093
0.09655325967648118
0.05187044039887941
0.02462112318034813
0.1406137667341852
0.1086502748596554
0.1357601449360512
-0.07336345831459246
0.06227474505281062
-0.1322203536285072
-0.01222148350406176
-0.004886700463696554
-0.1210559667977218
-0.01584500172754432
-0.05377064322907576
-0.02445120867948788
0.03217303520157132
0.1934609235676593
-0.03687695899413978
0.1316373043620986
-0.1197819176866607
-0.01216093616978885
0.09445207784924077
0.1407206020468852
-0.07269068702016558
0.152201510224664
-0.1046003632607023
0.05323629081763342
0.004199043174676828
-0.09589533771199722
-0.06604760961353526
-0.01048280235798876
0.1029809608179124
0.03264446994275107
0.06210207702941879
0.07005041513604865
-0.08789017317200649
0.1006982191956048
0.08943686461868273
0.01551666648643637
0.02687353418960488
-0.1944056832814615
-0.002079981851966589
0.1138315138844606
0.03896477015865026
-0.1524016168564814
0.1712027441734143
-0.1346242761597768
-0.0120002609336678
-0.07994931385002131
0.1138625912060878
0.00226833421974619
0.01743719033819548
0.01444823608981189
-0.002467537072446548
0.05419417968271692
-0.007252648261779057
-0.04765168513748669
0.1150580016642688
-0.02876512560193301
0.04666304443772497
-0.05344846247634762
-0.02873591125602888
-0.04641878757512323
0.06286351110936969
-0.06005850140611189
0.06134909736554583
0.04501841306689618
0.07269293331960641
0.01690137440948661
0.1016148333850465
-0.03273130579900688
-0.01854283110802861
0.005089853989949364
-0.07561671926939814
-0.08039325166401669
-0.03046877878244254
0.01767766467804491
0.08290150617539134
0.1267624795193474
-0.09375596948478315
-0.02970500414003239
0.07231785130961534
-0.05719823749466229
0.0007338859111522128
-0.03041676968900723
0.1565471056884378
0.1338117380133932
0.07737949452121512
-0.1015542976990758
0.1181362918628172
-0.1210957429387027
-0.1733259844587946
0.1734253852322463
-0.1657179292022709
-0.003390939584915799
-0.02945898482449966
0.03250721145387777
0.02885428940479452
0.02810505387702906
0.03208897772715927
-0.1865172113163612
-0.0500092496314605
-0.1408407964705276
-0.05970711294648272
-0.01834285640954268
0.05885018349827899
0.04426445367945502
0.07816966849603534
-0.1045585201363204
-0.05268168595703806
0.09864692987565241
-0.02801623510309302
0.07456120217000166
0.07706392495187031
0.09158308317118118
0.07635126936374872
0.01727772456614279
-0.07705078979608776
-0.03690585831650229
0.04180733966643826
-0.112512691782024
-0.1111026097473407
0.05771901841524264
0.1014705911392703
-0.04351542126773397
0.02952662412348249
0.08218018478872821
-0.01122793183317035
-0.001429669545439992
0.2500054176755477
0.0360822525407415
-0.1484737975182453
0.03460079146812222
-0.01964563290056535
-0.121494212036404
0.009459201518781019
-0.0771815693946535
-0.08080554796423756
0.0411315177491889
-0.04514473808130352
0.08062834301922431
-0.02850952771479283
-0.1620782322153571
-0.1060674134197295
0.0182655641659945
0.09137711938953663
0.07812421299284328
-0.09397577879929013
-0.03374705641067807
-0.04647749510571917
-0.08918306674787296
-0.000200113536950132
0.2240295507079246
0.07443909072203625
-0.062674057084117
-0.1417372960568811
-0.01445426805776691
-0.1280444118924876
0.1405785921266184
-0.1205093733460313
-0.007691314210918419
0.01626206539964971
-0.01190875917059082
-0.1308514094877597
0.0007894886179342295
0.02915737925632135
-0.007418589105966336
-0.02155522402396622
0.1033523668042967
-0.06547594941084496
-0.007686903731267382
-0.0206605578190725
-0.052216134279656
-0.008596253324102646
-0.04460170719467587
0.002567165475568182
0.01992309438419766
-0.1059191121212638
-0.1660834606759777
0.05542186516710928
-0.01333127310845858
0.01485613533337283
0.05822240263805575
0.04238542083285154
0.13352868632791
-0.0319337598180815
0.06024691637823945
0.06727186648475415
0.05738467892154607
0.007405973293225079
-0.06108119128598252
-0.1709734900815187
0.01857700421742653
-0.08490137998296574
0.1569287742527316
-0.06636029923707937
-0.03217153780848932
0.02750909085678477
0.007430733370439733
-0.1134788156587688
0.1691919273980161
-0.07460142865416844
0.1227886332643956
0.08970231501937513
-0.04187487876921778
0.03166196023073611
-0.09300523883464443
0.06046454978915446
0.02121497487196341
0.0728099547373105
0.1646237144376302
-0.09431325887426945
-0.09615013547512492
0.1095500806643189
0.1631846055282199
0.07221111336585634
-0.08266955776135641
-0.1557145755967428
-0.0293964535247907
0.0154173328702616
-0.009835578632060381
0.04967213065489096
0.09589542723152789
0.08326020168844125
-0.03483780987642975
0.03077587606933081
-0.07665634189547098
0.02746049370565439
-0.01861219022733628
0.02678702717355732
0.02405117396575093
-0.05987320449455673
0.08876788910943015
0.1167296574733215
-0.0168259108956072
0.09922446922327377
-0.008530136743748168
0.02737025860404541
0.05643181479809903
0.1314836058620318
-0.1445126820434611
-0.03739951384644206
-0.06948271493500406
0.1559772834921854
-0.06645195375700699
-0.002186213174112966
-0.2089486007751986
0.06028686511518284
0.04678355732554161
0.09422051304527261
0.0566897122927383
0.01118165012538755
-0.02262105806785706
-0.07690836323336889
-0.1520188663563948
0.0563902936865819
-0.05808538406117449
-0.146171805486568
0.1124901780889494
-0.1102836641675743
-0.082984975667743
-0.01671678539503581
0.1836403956622273
0.07855396027675184
-0.1373567505152932
-0.1036699078596676
0.1117068303787711
0.1087241258104536
-0.2152008719873333
-0.120478854676052
0.05660532047662351
-0.08727321631805703
-0.03189509440428232
0.06725334802423459
0.1106941696081408
0.183410645281209
-0.08182508146268311
0.2063379527403552
-0.01337671557124723
-0.1953905014337211
0.07236252262678947
-0.09899705729075026
0.02094384887922723
0.01621098802588174
0.01783889717675032
-0.07833324195676553
0.1169816476768167
0.1022776404731649
0.04182027393563029
0.08765645708953036
-0.05710979986598794
0.1241635968983917
0.06448112030149825
0.05178105131517104
0.02097454704558534
0.1070136668292136
-0.0991549774176507
-0.03166077156469767
-0.02947201054723695
-0.01903460205980102
0.02634525659333253
0.07079151536188474
-0.0006617645924741032
0.1806513109568169
0.06202635412135471
0.08830195098141055
0.0341741535634718
0.0440542095832933
-0.02704079499458487
0.1318471253111284
-0.2699210591203686
0.08705432670311022
0.02559477598557723
0.05658330527331907
0.1149695975285189
0.03105065289892881
-0.04631578864976727
0.05434731505592622
0.04436937613702941
0.05516754487213461
0.01783991242518931
0.004952562572481084
0.1434651066928068
0.1281444754408228
-0.1419954753938371
-0.0597979855941308
0.03734764686267372
0.01136344103439247
0.1978974531653531
0.09878118864467167
-0.07727751310814104
-0.03860914596850243
-0.2716398156193981
-0.04612015685469505
-0.002743254295521129
-0.06372206577730727
-0.01486893425490613
-0.04147799789057873
-0.03595661344138681
0.00225124846219428
-0.07451716838021005
-0.08099959996825717
0.006844697095414735
-0.09459235983781233
0.04604507011927153
-0.1740856828135444
0.07119397534467832
0.05968564516746452
0.2223583067928588
-0.03440038860473544
-0.06581636492295057
0.05823904019920337
0.1169597784019041
-0.1394939785452204
-0.08663456080498229
0.1103006440254271
0.1831431836761503
0.04729533491504488
0.0935179202016517
-0.02844627054066211
-0.01811671942477549
0.04570137306645923
0.1524950513088265
-0.1011632159344297
0.1243421601849408
0.007028859135377763
0.07331581394096302
-0.1605834143860849
-0.116579587110278
0.1509879860785703
0.0002130425478745687
-0.07849221075769085
0.1333541982314221
0.02219139746117062
0.06564905487181365
-0.003995229522495839
-0.09354361370951741
0.05892312311454116
-0.05323291106094254
0.1458649226648342
-0.04043606377966219
-0.02189175767048437
0.09277263405040564
-0.07486500186844371
-0.07904354910614934
0.08656919808137134
-0.2023723151138791
0.04079096689992394
0.07666613896461112
0.01877912508328113
-0.03740970802921955
0.07564893675762327
-0.1671043134558594
0.04277921236316445
0.007082142963168551
0.05037744386252115
-0.03204528438944489
0.07759729192212508
0.06613938169700517
0.04844028318682399
0.02213183237162258
0.1784928745934592
-0.1149186631839496
-0.01748032882094509
-0.05007085898185053
-0.08928123355126874
-0.03398997766908484
0.06262298482035956
-0.0553187061933772
0.0157349867074734
-0.06587778227372892
-0.05358222387326886
-0.04542291862630175
-0.126717616835511
0.02295388617349275
-0.1042366811486115
-0.01118518482985593
-0.03712891715936217
-0.06288354162530402
0.04593010318918749
-0.08782955100191027
0.07288889473661914
0.08993095507982077
0.1128803564287143
0.1347123259623407
0.1829537235637139
0.06982636945454608
-0.04152470379375703
0.02689371141817481
0.09625463228129488
0.0173543463254066
-0.1076667997976135
-0.06094544502209868
0.0130356086294277
0.0249938349759897
-0.01564488921750214
-0.1291485929743205
-0.1562927787803815
0.01383971963995678
-0.003726008492643908
-0.1503138733174483
-0.03975975640975557
0.08062579081115839
0.04203328647411435
-0.1695978210268132
0.1439504915107409
-0.119678719537961
-0.1559671610230306
0.04515843702623279
0.03855388305111753
-0.05742096203095717
-0.1809038045914947
-0.0885479626274177
-0.0364829635777081
0.01091404504312403
-0.1002936914438145
0.1270096167974344
0.02517531340065047
-0.0575422694149339
-0.01218250947592316
-0.01524064616132413
-0.09192908510071206
0.1165265016202687
-0.01233177285062781
-0.06988846658169431
0.07821215389914876
0.03244037698995865
-0.1207210512557756
-0.008451797213632109
0.03547397563324765
-0.1165200766291634
0.01907828349573513
0.02313951753049598
-0.04924312179587265
0.05617225515842537
0.01402726674578874
0.07144109308526866
0.08532960673638187
0.04590152928521753
0.1432943776137858
0.03805236565741986
-0.1611626281357418
0.07270256927794534
0.07709049995847687
-0.1052137871081573
-0.06493190246258139
0.07316779686622299
0.09461969850553806
-0.07711991075191371
0.03272925753358906
-0.01288930453694424
0.07487102920461072
-0.05058590693990288
-0.09541432103745935
0.09810012718449092
0.05371186410166276
0.006771108498231468
-0.07292890739316284
-0.03552201631744499
0.03168878278260025
-0.0005916594767431047
-0.05301433065243059
0.02133200083667338
-0.08814120833348699
0.06558701526490462
0.2676574694360838
-0.006945315953354972
0.04743267127559456
-0.0615161105025863
0.06460255497655382
0.09076220567239117
0.0488047341118933
-0.09663205390134132
-0.005520447800113498
-0.0986268765304435
-0.1525755461094956
-0.1028185910153986
0.1636008255535776
0.03835199381156974
0.0970347813190453
-0.1117150772643962
-0.1824310815138828
-0.1414899670135945
-0.04754253654853175
0.04641428749128113
0.2249933663150483
0.01202745586805071
0.04617861251991969
0.01605892507047295
0.02634519211551238
-0.1898173775755602
0.1047774668909605
0.05163380899375343
-0.2388822847203404
0.04129591289137199
0.07544817492053625
0.06792277919020326
-0.01414691509107481
0.03248326571488649
-0.07311392467807921
0.04860544555281636
0.1086177947948993
-0.1446341677783472
-0.02245493587777258
-0.02316506808813969
0.126399186975083
0.03125127480236781
-0.004098750370212234
0.1122119840654323
-0.06176307002947079
0.06174177792865908
-0.07869607205974288
-0.004420216090157504
0.3195952375953455
0.05584568991995909
-0.1638807054472728
-0.1821588292177641
-0.09843932347069492
-0.05408706262955105
-0.1020020538181291
0.06064977122696994
0.1071388401352925
-0.05666067062499818
-0.2032428256849578
-0.01319007746078966
-0.1724708147311637
0.07585946782944536
0.0535031036327317
-0.125089638893821
0.01552334707458156
0.1244097959759649
-0.1370552730883992
-0.03754705421537198
0.005391500599151777
-0.1216497355381375
-0.2230122925060987
-0.04107676025125294
-0.1025505779461708
0.008914162165328317
0.03599944221739373
-0.09896589967553991
-0.05139569525176031
0.06586980382175564
-0.02914932806079129
-0.07821976524990276
0.04424318983765466
0.05679362997090365
0.07610980629666883
-0.04888203125835645
-0.04222160180855261
0.01314959151941282
0.1289435942788938
0.1266389355852789
-0.1368610033881415
0.041372555573723
0.02524640646591856
0.06327527219427426
0.08907225864652787
-0.1766224474419575
0.07680210813906088
-0.07362770156763669
-0.01476904470733268
-0.1024175748904312
-0.01964495619470473
0.04249488674954392
-0.08454017756331995
0.0567190198502603
0.005632475167415826
0.2305419441722902
0.05393499372524045
0.06982889791633942
0.06469157199402535
0.001787666905625054
-0.007569498366420423
-0.1407500150344051
0.01021918646031321
-0.01487030793602156
0.1312362784146392
0.1919250017495851
-0.03903867720373923
-0.008416315449200629
-0.1023840547691781
0.01580768240055315
-0.1682058416400212
-0.00664408948787144
-0.04431056393558915
-0.01876790561768907
-0.07492648782916118
0.02641033211430285
-0.05751024944723611
-0.1609933404253481
0.01343052057464826
-0.09315691324749265
0.000515610915750031
-0.1166663395776295
0.02179961883610215
0.09793801088747732
0.001578535188074923
0.1258857569865149
0.07632014419285649
0.04163214347550077
-0.1043584387593413
-0.1579895689608881
-0.01228529506293112
0.0222829085218462
0.07049068543029145
-0.05127433173741165
-0.1842575104578357
0.007168443140053646
-0.06834887729174016
-0.003020897337003114
0.006693417627326878
0.01939459200083111
0.01827434162449873
0.03792412278850375
-0.04174426774977226
0.03891016727581495
-0.1649973459973259
-0.1714738822135156
-0.02013119703373578
0.124651975850931
0.01275203032571859
-0.02572606546107638
-0.0163821981416735
0.0004941896402206672
0.03164938371845667
-0.1109991888333661
-0.06484323140903063
-0.05164187790370591
0.08906763963484629
-0.02341575475894554
-0.08670746723989414
-0.04932831850053481
0.1582737312563381
-0.09265343556949236
-0.08525145114370911
0.06653345611214152
0.04495520213072349
-0.1239257707906749
-0.1111923387109734
-0.04260071362741891
-0.08139440150539611
-0.02469856740742446
0.06180728974898855
0.1154591111456402
-0.03299539620694733
0.05279160710349073
0.02389773030592657
-0.04941416118144759
0.03096253011657309
0.001096657581823687
0.03031283684354483
0.084252243134704
0.05606888193688944
0.0008506873666821093
0.2070716513959996
0.05101446832987593
-0.1250422373344016
0.01116956854102481
0.150379608005951
0.09936208178062139
-0.01495733060798322
-0.07493063536575736
-0.004892763049914768
-0.05691792558268545
-0.05562618489106219
0.181219087740169
-0.08315018295945592
-0.1114116939122369
-0.005608219061776845
0.1104512580434854
-0.05022412077657622
0.05031426436678439
-0.07019070418007547
-0.1170972466179398
-0.04317156465549648
0.2041114083070279
0.05894111344067515
0.1244206511020432
-0.08027418573077463
-0.04035522981147746
0.07082027653118511
0.03787125824879768
-0.01123747103513092
-0.03169083937747095
0.06428280441308379
-0.04708290341992989
0.01906790724203195
0.04720305536316389
-0.1194322148943758
0.1073770090093464
-0.02313590212543672
-0.006909264028921835
-0.03940892345202357
-0.06714701427129008
0.01495953100789435
-0.01977652135237323
-0.1166029437743192
0.04195454144183011
-0.01732689983434899
-0.07232536213496144
0.1105214813005962
-0.05349828976035262
-0.06706715626954708
-0.06480704464977821
-0.01549041675607585
0.1071756069343841
0.08285763646870369
-0.1706903101599478
0.05142709229048673
-0.04106666614594795
-0.03549884367247903
0.06024972792301874
-0.0031007710901279
-0.09836123154031293
0.1400333291485222
-0.08427171257132861
0.01967858457288956
0.02350479086290541
0.08781321005690905
0.001781478134352317
0.04463663441156897
0.01535934762849183
-0.01945778887422656
0.02993919275819298
0.1102944984031429
-0.05598473113037165
0.04843979303741938
-0.1159772749092151
0.0699689677047861
0.09524369434494134
0.09010954329979197
-0.03752559721408658
-0.02500238653162272
0.1131783154712305
-0.1209449756242869
-0.006349715562110135
-0.0637920857489651
-0.04256545696106279
-0.05693407561402064
-0.05216844378913559
0.009916973944856272
0.1360844632810634
0.08545128276140718
0.06441602666154649
-0.02433363209724763
0.131862666001594
0.1443499151888368
-0.0361865958506213
0.00947649084189368
0.03203032170852123
-0.06913241210691858
0.0009221911866822176
-0.03628489140026704
-0.07865073645553972
0.03459330527723779
0.2023531143835384
0.004360642061718711
-0.07200064560137569
0.05404297778650873
0.01843158606651654
-0.06046642840224858
-0.08037236935932564
-0.006866763944711682
-0.1527792595418181
0.03371473440023411
0.1648333386210124
-0.08263974651017855
0.00798153601025222
-0.03593846575475088
-0.008648664610240834
0.1206350045491342
-0.06596138368687476
0.001329941876286427
0.145780550050651
0.008664882658101378
-0.04963601748739579
-0.01734659928843859
-0.03677213245567729
0.00442955251209104
0.04941118712970668
-0.005790203299019511
-0.01400141222902497
-0.08038912586548226
0.01337979081730502
-0.03044382990255078
0.1266912936832933
-0.05479026215344932
-0.03167298381728418
0.04132599469327147
0.1433097257174599
0.02420488058134276
-0.08763018656593373
0.1195089076068524
-0.1199828989081938
0.02156691622944423
-0.09115249618319428
-0.02790591696764212
-0.01822941464847985
0.01048186589568025
-0.04941350237782495
0.1408580726136922
-0.2372667834859685
-0.03512513978587406
-0.0008059172359002539
0.1041316184719634
-0.08608826448072716
0.05519074096123366
0.01933088140799699
0.006464543314692206
0.02952663752760554
0.06010402852422003
0.03774792159662275
-0.002238123461337803
0.06630763811262735
-0.08896858826506759
-0.03218209082406132
0.1189330086739858
0.07748646873444522
0.003665367415190902
-0.0887301760243232
0.03931984993425887
-0.09735984079830379
0.1546361761250909
0.08046906322314917
0.1376822435547247
0.104337600054031
0.0567109585679894
-0.05194665970587865
0.1451664176729959
-0.07188727872331091
-0.09350214232809316
0.06758907705717512
0.07365554758403522
0.04282428893172778
-0.08638084932041915
-0.04200698969087493
0.02237480967189786
0.08554898658523148
0.01506808646417991
0.08310132684294225
0.1750153768471243
0.1921775352500942
0.09551607324214068
0.06527171007251334
-0.002568271983139286
-0.07028531944001021
-0.03486394835937183
0.03622328018768392
0.04914680159466205
0.04123052107725171
0.03691796443076197
-0.1110381891838047
0.1567994959516323
0.02438336928142622
0.02753937665548349
-0.03347084739458296
-0.04143567245924685
-0.04488252528155421
0.101486091930845
0.07400600247868799
-0.02048121876185392
0.09013728433811244
-0.1505891461425613
-0.09703558447694022
-0.02409364370362338
0.07890923759482604
0.05316474869698268
0.07320384404831416
-0.2066632079669277
0.06580297579145183
0.05101160924924474
-0.0244871423792531
-0.05663092203490962
0.07529395826599765
0.1034317191956419
0.02455080432196952
0.03504481771857935
-0.1626397806077008
0.03998108004832596
-0.0481004811075964
0.106056687785158
-0.06422905572060818
0.06254629706131203
0.01613725180137016
-0.04089978050901161
0.04420518455698754
2.161277404323647e-05
0.03520052385949302
0.07252435223295053
-0.04059491045106448
0.06388429597505627
0.05869953364116573
-0.1598012283804886
-0.05528684804682446
0.03026889474448111
0.009466518932033954
-0.1040619755936069
0.09769311061965025
0.02189065151761366
0.1625941961332134
0.08057680987455418
-0.1818469229133757
-0.1880784070498456
-0.1286861381781263
0.01355000920864578
0.1171297709694587
-0.01676155799219425
0.06316411240592751
-0.01995202254576679
-0.06999879472271862
0.05993522450867211
0.04172169027629703
-0.000710599021632962
0.0768249535945799
0.04208616679971271
0.001556091863458751
-0.03656078849920743
-0.07764422084606556
-0.1460960498065547
-0.01926744550686816
0.0150392728125677
0.06854788912966872
0.02755566432568179
0.008953496362706634
0.1455737918365128
-0.0703581458388278
0.03480073775015205
-0.1335191987222927
-0.0369927741301795
0.125319475892451
-0.2536165224418205
0.01061029273400999
-0.165008667109173
0.02604635426797746
-0.1156490180295818
0.01270550028918383
-0.02080351607982069
0.02257225085617491
-0.05408342105098041
0.07587494994100835
0.001623405843375107
-0.01294145256954946
0.05843940972688295
0.08817425008046298
-0.09475735768475198
0.1496117673930707
-0.1353313857631666
-0.0254510025293613
0.05333696558648446
-0.08602557894861573
-0.03670963636777974
-0.05502418786997704
0.05480151137361394
0.09894019066356513
0.06537283441338931
-0.08730315145588839
0.07613786544755222
0.08858422394004831
0.1475179503041007
0.147741078020067
0.06981867490426318
-0.01906074405931607
-0.06873598002122375
0.004422335173161176
0.06384769953899096
-0.05574794654479237
0.1750554781091561
-0.02516311530483427
0.03013476105127209
0.05989029128528976
-0.1176552141644152
0.03740493424696323
-0.0009969529197395993
-0.04238881589570163
-0.09447918330520483
0.005527558797414386
0.01476466839237234
0.06769186141205101
0.0382344821156492
-0.1091753188534286
0.06407156423846229
-0.04607377743874044
0.02694776395922525
0.01646530557725223
-0.05341569999558682
0.006231002066175583
0.07254294474722447
0.04294220838122301
0.1003526421801172
0.09747075232380037
-0.09601311476833964
-0.1269038093700022
-0.09013349556815577
0.05373571925311137
-0.005557946075721076
0.01875795736693386
-0.1200793161194405
0.08988901606064564
0.09152315351833719
-0.1004891456821458
0.003056670269574902
0.1648802141565467
-0.06552005116321091
0.0510960252629689
-0.0039803393752007
0.159495958214459
-0.0185121762310052
-0.00371142505943475
-0.04691159613370972
-0.1865454201054946
-0.05374550640263653
0.09022691102943767
0.09576970828411725
0.01424493298144391
0.05537466185938406
-0.04323180249091356
-0.02615994834299601
0.1026465973193942
0.1176884238631768
0.04779565759672998
0.09697326390655464
-0.2589993016962435
0.01617297952730277
0.002062267149499267
-0.1151870627101025
0.08477660975028953
-0.1615454129445153
-0.05419407650726864
-0.1081351974917993
0.0544751002391509
0.002124240230941758
-0.05946142257725887
0.1068000514263331
0.04328278574769032
-0.08212834360597457
0.06318384012238704
-0.0913919293686304
-0.01454958528385704
-0.055462200053323
-0.0006451746966694982
-0.08257423572285993
0.06572864441471904
0.1552764672871541
0.107742554099249
0.02689072910106203
0.08064948637355515
-0.06336957646725509
-0.2083921705836675
0.02663805852323567
-0.05379704551434249
0.1734376700591243
-0.05400885092119503
0.01146367930585353
0.1112379349265472
-0.03956504683298379
-0.09062209491993141
0.03233945581183384
0.03883591933936756
0.05726778677448689
-0.07699877581766784
0.05473302523875078
-0.01153962249173006
-0.001748768949453874
-0.02551407372326714
-0.02541857572591005
-0.05299651765853809
0.05603269386819627
-0.03976354622398949
0.03614009425086791
-0.1804912654393397
0.05090896301335418
0.05222946423149473
0.06746875931084359
-0.06409716571251936
-0.07793635494863424
-0.07307116083045476
-0.06912774037095909
-0.0181064053780927
-0.02603221163135048
0.05876593556537699
0.06119597498707139
0.002932052566756476
-0.02327845491325602
0.024591737667854
-0.083312457352124
0.03621300742372183
0.1015160409269187
0.1743328053676158
-0.1134500342564335
-0.100821532697838
0.07209162764493447
-0.008877932620816618
-0.1799876484186717
-0.06574184877214964
-0.04263612062967984
-0.008738295840025403
0.08167458827401856
-0.1060963298465217
0.03645062942046007
-0.07202129725149173
0.1783005033909346
-0.08846676386500155
0.05847898158879102
-0.1472598391070173
-0.05737380295352551
-0.04982643163283124
0.07398902321550377
0.1683769813457756
0.03885221403967189
0.003987753248934682
-0.2301969761720444
-0.09545470115555413
-0.04229130792153203
0.1501702510206911
0.1246272061454447
-0.1200617244374345
-0.08135039697302326
-0.1089303443659411
-0.01229569913954034
-0.01160367128805315
0.1472686198758389
-0.06734909815862879
0.04642556279756114
-0.1375829128132498
0.05721650692798498
-0.2836263732714014
0.02396664005596921
-0.005319661823371638
0.03202650398902297
-0.03330060335117974
0.1125073293332046
0.1435001295437322
-0.01424893762497061
-0.08964135312104191
-0.1669288405043785
0.07026750798858088
0.05846563011215146
0.03627863424994868
-0.1032057408668243
-0.06512849347701755
-0.0167569198526087
0.06964394075442193
-0.04140213512107622
-0.1887407601844748
0.1143421657945037
-0.0948653000436076
-0.1026258390006205
0.04882673031818798
-0.04444419427319813
-0.1504952831906096
0.1368145610285112
0.04284931955004513
0.11728091108851
0.1016779960688529
-0.1007507167946477
-0.03029102246258615
-0.03505332813793648
0.08380292480246725
0.07083974841623507
0.06784118607466934
-0.07154115313488706
-0.1016090634069143
-0.06471914207640049
0.03737531562954226
-0.03056366047479268
-0.02226855001942946
0.02802346427331084
0.1169099127710629
-0.048036502555784
-0.03410973374898409
-0.02197618368777784
-0.04534022963097176
-0.01141178188075456
0.02241983824221675
0.01971558146329636
-0.144355617874382
-0.006143353193716089
-0.09545448659970138
-0.2161646163917343
0.08887589018422958
-0.072475877197604
-0.03493710215118362
0.01251843208472093
0.02332240313882164
0.04092336257100561
-0.1464288880209781
-0.1102729992506839
-0.07331734088422953
-0.1369881484387764
0.0415705961416005
0.07615783988237744
0.0747704511502599
0.03814453760772237
0.01510363726570405
-0.164240253656824
-0.07061769783081934
0.1191363411037545
-0.05723826056607583
-0.03033828074366415
0.1400818194942389
-0.1090553529693521
0.1237089680607042
0.04280834384235153
0.07745698712441415
-0.1596891719943441
0.2310159692786826
-0.1546278785114006
-0.02997745299546319
0.01551940013206188
-0.09958466909438232
0.03699323452256631
0.131893542474859
0.01515692390573247
0.04687696232158642
-0.08706321037145523
0.08179310986493812
-0.0233574472442758
0.1616710372777013
0.01254209626532513
-0.06504422641086371
0.143436914100159
-0.08451792332685856
0.008855333342440441
-0.002032820358757327
0.05627795157707572
0.037843636187725
0.02691945714833228
0.1374897244427418
0.1531198538671104
0.05179668593640092
-0.09218841430740531
-0.07005284091870134
0.1596750054609572
0.1125760666153323
-0.1485198201403687
0.03501225761375443
-0.152294620565036
-0.04019513230627704
0.02109190009924743
-0.1095414809163403
0.1013590201111188
0.06665967731250175
-0.1608790724641967
0.03015585035037224
-0.0455896115969917
0.1012301873297951
0.1291065549150077
0.03659459469503551
-0.05217054024001136
-0.03065303161054291
0.1784387450700094
-0.123423481650181
0.07148089073905846
-0.07974070598403508
-0.1212270797758905
-0.09687452743534317
-0.01965236947312476
-0.02144428652677804
0.02309321560749751
-0.1112625890043473
-0.04110888601422642
-0.07003959196899523
0.05872603815031793
0.02708551695117349
0.07190853150041029
0.05251485074595195
0.1670986887094834
-0.100672281758665
-0.06264355275239618
-0.07505820138449457
-0.02493782997484673
-0.08721783320453017
-0.08743227963531343
-0.01021583473255318
0.04353773868809509
-0.1222590540445452
0.05187224892805919
0.04173861675707105
0.1047659397110481
0.002715787388402932
0.04835293044510295
0.04473487698671458
-0.07863838291258632
-0.1226699889249964
-0.190362001124226
0.1541214101753848
0.03125917016766624
0.09035391639151021
-0.04949775274615308
0.0370041059641503
0.03966050109774993
-0.1010057045770992
0.007081220726803655
-0.01848485274703493
0.1829487648404536
-0.05547866563993432
0.003409832167962243
0.05130676831070797
0.1126435469278412
-0.05330282452032577
0.01523001724817914
0.003643519215507651
-0.00373439880128263
0.1851716495351087
-0.04378834032230349
0.07642771749899963
0.01702721937179075
0.02596614070142071
-0.1283405367887562
-0.07793324887874392
-0.0354066823735588
0.05643352108324549
0.1360458058847621
0.03879875869553202
0.02059007998863888
0.1261589618621253
0.06382447174234421
-0.005542916618374361
0.03416857730458799
-0.07238879724165791
-0.007318788673370765
-0.1310035233378946
-0.03543001905475239
-0.04184536881912836
0.07095189439291633
0.01430466928994397
0.01337948373364189
-0.06913913208284306
-0.1070172964503296
-0.02312479587089186
-0.02171380420932226
-0.06148365612934741
-0.07450655228878926
0.09662314744645263
0.09825183075211597
-0.1231991290592692
-0.09330801295839802
-0.01881088638732583
0.04793857285387021
-0.06511066972576901
-0.04733453831626798
0.009067892772080401
-0.06956019089602199
-0.2420551735624905
0.1565634721295144
-0.06085160315827282
0.2155838941023739
-0.01535785966193307
-0.0006919084851426983
0.2330595901872622
0.02508056261184193
-0.05537137443900961
0.134989731208541
0.04964224655484757
-0.1022319121043271
-0.01257739725305662
-0.1460764779467446
-0.2194067239177538
0.121449750667745
-0.1569346751166669
0.08273480846786059
-0.0396336416909064
0.1021650572831613
0.03142871186102974
-0.07318970212485627
-0.1877766931088958
0.05304527885132267
-0.1423519928798203
-0.1146170666917753
-0.01644378903485764
0.1463624437056605
0.09286470662829671
-0.04376035203276572
0.1235694325877471
0.04010724758643896
-0.04057871608384908
-0.03480590242809664
-0.02902874313728651
0.06860399339920414
0.1424059860962708
-0.02802667446322253
-0.1030416482046834
-0.02162987168466908
-0.006490225967301977
0.0618952642997989
-0.01262482402514785
-0.0138115249169289
-0.04263418115261945
0.0823875789224036
0.1716313651154198
0.005316369554925657
-0.07103555111437992
0.06107658174932257
0.04175555729464184
0.1519724893232777
-0.02542869904244621
0.01114963789319136
0.1518972917556149
-0.1807094679064187
-0.08668199070463017
-0.05314949973263305
0.02743094841426036
0.04330097569770626
-0.08892048607204565
0.05549259944742563
0.0714276820367485
-0.002987222386203608
-0.156131228114035
-0.04684973454796287
-0.2188123837259768
-0.1395161844599397
0.04762832165288551
-0.1357522218910603
0.02399000113176521
0.04854962511514456
0.1036292982452946
0.2054934652022948
-0.022478987826202
-0.02600409542464262
0.02439430059852652
-0.02718250088852676
0.01609192046314262
0.0529313794328205
0.1705792059515401
-0.006257985444599469
0.03603718773907975
-0.08885346176959677
-0.05173365124236413
0.00620965675409596
0.0548536609626736
-0.08729311699567517
-0.1588081452492757
-0.08527476060922606
0.03258229077940265
-0.04533596489676035
0.02604164655863437
0.07838051513663616
0.131445120553078
-0.06318955249853647
0.002495321660828866
0.02081111761558953
-0.1128377744476932
0.06964533808870432
0.1257262754033265
0.1193965822685092
0.1227341118428487
-0.1087296778982838
0.06261934599853211
0.145418666876629
-0.1441015228908637
0.02624404584845627
0.06478758321575476
-0.05141753518651178
-0.09698549481134854
-0.03863696708170969
0.04130691895514978
0.0009772363321422645
0.03615150137674251
0.1125455127809673
0.02254211972754503
0.05288148103037402
-0.1381313053249464
-0.00958342859177562
0.009805676951351608
0.2779984644899869
0.02312531111118435
0.04975175483114378
0.003697578349083516
0.04229094857974454
-0.07244076110911743
-0.003610622753469734
0.01451442202347145
-0.03742111789322263
0.0342452081938783
-0.08578431785315553
0.07346442311235485
-0.1195217546301038
0.08885673610294606
-0.04118618157583381
-0.02006116168679675
-0.1071286370740637
0.03161422450990627
0.06282700009671777
-0.03884914478239047
-0.05718604331290862
-0.06723528655480936
-0.008770280145472514
-0.01566667433844011
-0.01036471124252698
-0.09000280881284033
0.02034088709097404
-0.05850547849790335
0.01688369200165223
0.1233580919177529
-0.1104819270206191
-0.08189048655485291
-0.06294250799762152
0.1379874287358804
-0.02365342116287771
0.005925010323739391
0.04559486703140507
0.1397353149503215
-0.03975177088828741
0.03987032424372593
0.03942350621768707
-0.1461093913824476
0.1032209125838521
0.09679554846785787
0.003631447669538761
-0.03898131364392624
0.1017276415451622
-0.02486353543956336
-0.04951013246825424
0.01750748001812184
-0.2099726510506638
0.1104805693118723
0.03923501936206356
-0.08710772144002701
0.03358954646325502
0.1106759630087924
-0.05297449815590986
0.04586828689676596
0.1459456229755249
-0.005944344304223789
0.08293819773815822
-0.0647138086491998
-0.05276978688644254
0.06952194769349222
-0.055170903017373
0.005637739775742022
0.03972359779119771
0.03771475209798949
0.005139029627264924
0.0600367054209313
0.05248546733933586
0.0224115888137245
-0.01246934358485573
-0.01037454250832761
-0.03823433409796197
-0.08624518174635125
-0.1307877088770856
-0.03465832235292866
-0.05971044305971234
-0.05676815248646865
-0.09118550762472089
-0.0341828498400174
-0.01502613338564324
-0.03864342623072926
0.08988636793825794
0.05742401205485465
0.04000027260273381
-0.05953904332481515
0.1016030560043354
0.0318300516867771
0.04656411126024095
-0.002284880846500137
-0.0089203248671271
0.05489105711653398
0.009512927127017769
0.05289196398324397
-0.1068777426883034
0.1496037292781701
0.191591724388171
0.09065873497123769
0.07141752465285992
-0.03837790893602704
-0.04661667304076683
0.1142965897025404
0.02143287366610971
0.2079279219484634
-0.05705716210054493
0.1501938795016592
-0.1539847388399095
-0.1018953349701233
0.05163308862439609
0.0649740737362087
-0.03570883992199794
0.07182478690749217
-0.05524184534538346
-0.1755798144089476
0.07590054881748973
-0.02731283215073048
-0.05169622944422098
0.01117754286728276
0.01459758751405262
0.04562059826967305
0.05102231042329367
0.02612932475333767
-0.07350574322194421
0.01285713013531006
0.0807593288887575
0.132140243908244
-0.04807145214017258
0.01463173546847385
-0.008217098827608989
-0.03847912683849343
-0.08905791966863308
0.0410488470797285
-0.1259173116163199
0.04772799912868189
0.0590246896224516
0.01819563746663641
-0.03997561542191008
-0.180438222088753
-0.05890624089791657
0.005559387594628699
0.1400094648182253
0.02328620040120899
-0.02808682828972298
-0.08107499191971948
-0.03182445166785543
-0.1698088952597677
0.02859454030030996
-0.002900390541081051
-0.03303623429711133
-0.01142407233466613
0.09553447673005136
-0.06027634080955534
-0.05559410309342415
0.07930819456735362
0.1077561013734279
-0.159743043585253
0.1461574902334271
0.08064991528630204
0.04390649153892344
0.1600658059328887
0.003557993978348432
-0.1123215288518951
-0.07431673837641273
-0.02434240299699742
-0.03144271484895694
0.09017822529324424
0.07894275045857226
0.04089299274401105
-0.03558960619093014
-0.1177268334662146
0.09298206403331449
0.0900606013324993
-0.1067774512207217
0.1080519330950784
0.02425106624503723
0.1129913033210394
-0.002835578601312921
0.1593872861847737
0.1378410315362984
-0.03322499956429906
-0.03576238701370461
-0.1071759797177725
0.1476725067669622
0.07413894904020572
-0.0733328692426819
0.01981593490019119
0.08924618249688679
0.1112828892637676
-0.1008380982176711
0.2066927370879205
0.1301325104023476
-0.03186093322648291
-0.1855487225542186
0.1521939596928396
-0.01177829520518339
-0.0326189220249088
0.01356188999779482
0.06423591365593695
0.04317799549661634
0.02624329290998562
0.0423001182283314
0.002148330105715418
-0.02005875834859225
0.1471663528395827
0.06109077782178669
0.1053152535494663
0.09482366153727835
0.06157238334902368
0.03182858288078008
-0.1758516243593647
-0.01062872081519543
0.05844416413330372
0.08265360485245478
0.04352645268822824
0.05188630392242365
0.04658592413861529
-0.2857241557315127
0.04581402639010332
-0.06409419388308918
0.1118596344191862
-0.05296174359267658
-0.09864931319223269
-0.01552160846492729
-0.09737830664150315
-0.03574334428080901
-0.07886419919074616
-0.04365733373108595
-0.03777212834622609
-0.03186531125249471
0.1187824034591585
0.1335900170165743
0.1017255935597736
0.01558767068759965
0.02624152908111849
-0.09589554908578934
-0.03720774334506739
-0.01296219313514008
-0.06893330096181101
-0.1202783837991998
-0.02720711860682511
-0.1106856151795596
0.0255333484071422
0.07491700819816577
-0.05009433060082899
-0.02115442973216881
0.01745460808007866
-0.1167464155280302
-0.1699178979034172
0.01283589835770194
-0.008423064694787041
-0.09655855773342475
0.08058541679799865
-0.01776858314834344
-0.03017738266837048
-0.05722809497220298
0.08340026641355043
0.160486799744301
0.2054230478112353
0.04324696281307131
0.1140196360191953
0.1039338098230669
0.02909163027818815
-0.1593777908265619
0.04693985689627563
-0.0246888187391001
0.1168955497296435
-0.1467286974157801
-0.01118990374703979
0.1202576351396031
-0.03292328555442825
-0.1592744460863068
-0.004634860262044016
-0.04486037577590769
0.04106458589320576
0.08873011501158767
-0.008222725354665946
-0.06001058768351937
-0.1381842280998686
-0.0415514882234429
0.0313966222268007
-0.01432807051131984
-0.08701553450984822
-0.1092689911842746
0.008649940839617419
-0.07731589716697379
-0.09536590759435093
0.07834911374655132
0.1172408987554955
0.1390419714519912
0.02930728268172196
-0.1710978407969744
-0.2182497923910581
0.06254281955914347
0.05582319486265644
0.02286622153686747
0.0109015515953939
0.005389397164508092
-0.04326992202301513
0.03831474877433472
0.01933151341496774
-0.1157958557898197
0.01157266344053313
-0.07315770286808679
-0.1107866447528523
-0.02518092855160918
-0.03279656706449433
-0.06483686465110866
0.03508477946234523
-0.03374734304810079
0.0399152851776287
0.03430105097923242
-0.08939340359911691
0.01117751969914419
-0.008252139680430558
-0.0566600965452658
-0.09512871077642304
-0.05544569292248404
-0.07228659048803843
0.1318453564831323
0.1086766887005345
0.04301711444807315
-0.03747497666967273
-0.09860202547912969
-0.2044932078840431
0.0664757293539741
-0.1347995808245039
0.06194014544280687
0.1538784728308883
-0.09573073356376707
0.01375948636937066
0.1373352605722194
0.05581317650736049
-0.1999039648233897
0.1053703573991619
-0.04419405595933009
0.01870277583878855
0.04880921440788751
0.06466081315976438
-0.04310280108671603
0.06062452509876992
0.00356199017923986
-0.1418720286869466
-0.1705013456689061
-0.05953062406880157
-0.1157674172101156
-0.05651455971842012
-0.02605338876496222
-0.1438609533248042
-0.01152558492467508
0.1660464111738509
0.14699922944589
0.09532308625666537
0.01831156283114859
-0.05920312098511246
0.03422281465038516
0.08012471328603378
-0.0259561530955828
0.06437018873826325
0.09264954683866422
0.1780773033641763
0.03955231063939436
0.04920023263583942
0.1464569835555287
0.103334897212344
0.04685539902014697
-0.003390021904599531
-0.06302026743961797
-0.1057599282199536
-0.05650929727614515
-0.0927656640116441
0.04389021049985593
0.2073200469562945
-0.01703014394724378
0.05504058166290836
-0.01190090915956935
-0.1142549414935658
-0.0006160578818516227
-0.2086523597017039
0.008376222708188169
0.02229485123867131
0.105344085820538
0.1571976513747098
-0.04045378355004602
0.07720614015940475
0.01040405213807983
0.1108760578984858
-0.06312896244911648
0.01973742789808948
0.01762397700101947
-0.006435872994365308
0.1023812796560247
0.009726339577139739
-0.03925595405056277
-0.07818092999249518
0.05583321485532599
-0.110988157994915
-0.003799815583638719
-0.1080604753980326
0.04044584518390686
0.1342991783875866
-0.0790607257161125
-0.05796796670996707
-0.0734449818634442
-0.1272458781236736
-0.02221352332274361
0.000829163795452087
-0.06864564681824686
-0.04030518857491711
0.02611423032464737
0.05537931287185224
0.06276530535516284
0.1846809971415982
0.02443271790935545
0.01960395308351556
-0.05830784427513609
0.08035204960895691
0.001697677441485079
0.1181971001419326
0.01010177173830541
0.03884827262581588
0.01448145545911431
0.1061720957912756
0.02235686110535832
0.08832962549593891
0.1310478116384823
0.03577533194258811
0.06823037475560279
-0.05429890124824364
0.0248686575097859
0.004950282452255185
0.0001028082146712541
-0.08275208721346036
0.07301760492505092
0.0554227124873421
0.004632662717052378
0.1086882629149128
-0.05626066768695202
-0.1620885332785159
-0.0220924506515955
-0.1164777174086803
-0.09576191162746668
-0.01389690685351283
0.0734708191113983
0.00986125542497715
0.002310110616472488
-0.0520466784089502
-0.08311295299331956
-0.07713701986505744
0.03466137403016548
-0.1062956725978062
-0.0987562169756175
-0.1336602949706576
-0.005437861406731463
-0.07368845777678221
0.006296571269244395
0.1150924126306226
0.008185991166618646
0.06724083624941711
-0.1147207736402054
0.02662883934402266
-0.0830124939312108
0.01174328533432839
-0.04968660214910366
0.02401025142556952
0.04056669886172036
0.003223625105718442
0.07029625544316501
-0.1625679780845191
0.00560223394746218
-0.004324626336089522
0.04662085309828951
-0.04159542229823119
-0.09701731930976998
-0.008585217493291948
-0.07396477174833078
-0.0364777241658019
-0.09612525834567597
-0.04524656023528512
-0.01429563999625195
-0.06747651877463137
-0.03785618856057422
-0.1772707906187676
-0.002110129705937186
-0.02948861690705229
-0.07024562355761341
-0.07389478987505876
-0.05962390101390966
0.006911762885688913
0.05500432427626575
-0.1483352427756927
0.06857590661165036
-0.02901924362476067
0.06506862282506604
-0.07315959871479913
0.02413460761695117
0.08002591638413967
-0.1145705124076529
0.003203654397137407
-0.07324185530604151
-0.1251555344420492
-0.08097413599882941
0.083724374654431
0.03953019271786674
0.05045164274766044
0.03469277394888032
0.03731319702485285
0.007991635652351049
0.02889256204593471
-0.1656722612142805
-0.0376618503616117
0.0959721111487204
0.1257719397544918
0.03174988397963884
-0.02117038277816884
0.1190213339847033
-0.07160796033803497
-0.2862050949023813
0.0892595360250642
0.1078698879322066
0.1246172224457743
-0.0493982428474997
-0.0005552699505394568
-0.1185051522585496
-0.006563499447798309
0.0557252147463826
0.1950775226944937
-0.06412994568190285
0.01895202205127755
0.05240821695196506
-0.001606854467755957
0.1154936043610362
-0.02443071467298228
0.048001879080928
0.00542160674184005
0.09131508863331694
-0.05005933523377525
-0.1196146408682318
-0.01106730066242553
-0.1115519163266065
-0.1733702595762064
-0.1474566408785319
0.03120161021108229
-0.0691331511515877
-0.1169142029154158
0.05764336263009266
-0.154477331713513
-0.01765413978281394
0.1284928882004398
-0.06332078695777861
-0.0739747677033198
-0.1581913082846485
0.2233185375801874
0.103615357912384
-0.02095241858579793
0.0768669898844031
0.06208601077925315
0.05137280899730536
0.0300586104777195
-0.01528589101271198
-0.08611153796544706
-0.04610578200132291
-0.06658065633647359
0.1783632929133996
0.08626498138400458
-0.1119703292464846
-0.05109870083378448
0.04177556847773818
0.08426634937750077
0.04823064861491924
0.1467368654176877
0.00594046933300077
-0.09110833276214825
0.004427700652793271
0.1218932741192354
-0.04907729764290615
0.0898038218685685
-0.1407771657279296
-0.03402338736242042
0.09025738986182698
0.0972483200662729
0.02239256112094919
0.06085896720398511
0.07525431741383067
-0.1548949762623318
0.04912040909952223
-0.07733975691604773
0.01161851202119115
-0.03991153898753774
-0.03884164342239908
-0.0872010499797384
0.1354737053042696
0.1107662628728979
0.01422640200677396
0.01938239721090135
-0.09938849561632436
0.1340496442840544
0.0068952106323263
0.1243430233601333
-0.2430028918914419
-0.06139773734241527
-0.007530802533620293
-0.1490068035125525
0.0409523786759361
0.03744402411866181
-0.05077214648628921
-0.1784329791509655
0.06756608648700413
-0.1151393820658918
-0.03534938951346227
0.2144203380023018
-0.1252264022913493
0.07767932786797491
-0.1249336863975029
0.02577471999461149
0.01673290156003403
0.04005280657366852
-0.01949985370453258
0.06471884258282477
-0.1037356846526265
-0.1507547055191129
0.0205852327690071
0.02313645851810087
0.003220637620215561
0.03404402403170343
-0.09834147542168661
0.02176180530717932
-0.04730243120531693
0.009005656526881414
-0.07768233246625564
0.09072712898987273
0.07185538200888111
0.1400113220099092
-0.04302821924069966
-0.06857389129860526
0.0308554703910453
0.08255418041249274
-0.08695792911410447
0.02543813140479045
0.01339448096373042
-0.1376942352949911
0.0222630770303726
-0.01451598287136099
-0.01577867891115168
-0.06995633087367205
0.0304579382880666
-0.06998181857647025
-0.02474563842010383
-0.09115537120235569
0.05046021518480895
-0.03191356108744103
-0.2450635244814718
0.06993569179160863
0.06679071281429394
-0.1305763193688912
-0.08058326352192041
-0.09933660005046205
0.03945025080977989
0.006962847881795301
0.04707632141949376
0.004535571923202697
0.1693148496746241
0.08524239066893272
-0.02238942757905208
-0.00345196653260213
0.1082982048904487
-0.100520356673725
-0.160634481809804
0.04993824769518559
0.1404389704618374
-0.06010086157734715
0.03942453927501308
0.09277928599800216
-0.09119246453955289
0.0165875012187075
0.1354114021475423
0.1308830698760324
-0.04766290809196955
-0.02892995812886337
0.2006512765596234
0.01362078121356512
-0.01698553069202144
-0.07312724210186851
-0.04784035548152091
0.06460066052938115
0.01394640154999571
-0.1909789874957193
-0.06623138046138523
0.0368646722340686
0.05737407777110635
-0.05022446385296421
-0.004331483851026371
0.07104959875688793
0.07337032781124395
0.03927740733884121
0.09740670670787133
0.1344341041716152
0.03930474170529583
0.06291316601973404
-0.1660425398265816
-0.05502994540630517
0.08277308594224321
0.1573225440380781
0.08050272590651621
0.009889141093014215
-0.07818022259861597
-0.1375373780666133
0.06305220970810425
-0.2026684069826048
0.07838198415592587
0.1465169644709103
-0.05504933913337566
-0.03830464779111685
-0.07731189687140125
0.1565019745969247
0.0839568329406136
0.07975225171541561
0.1147094108671276
-0.1712976082259809
-0.07227301413231495
0.01783955725258034
-0.02590993548577756
0.04773439182744547
-0.05656294030623133
-0.2063364973620619
-0.05706722737960926
0.1424895053656373
-0.05652554115634154
0.01752760594983333
-0.0466672180650184
-0.02818918615987748
-0.1079787874110836
0.1049899204271458
0.0959460367618223
0.1286648060757566
0.03062721277385669
0.005506309980708557
0.147109794501737
-0.09498032914005605
-0.06957703918854054
-0.132545205508229
-0.01597460780960283
0.06889300768157022
-0.09369830049924588
0.1076144431451045
0.1473195522519134
-0.03366002438818806
0.007067787237206205
-0.04584678925293965
0.08086950570466629
0.06984175560537628
0.007851946870738962
-0.1040326575445769
-0.08191686849658876
0.03007581346793825
-0.06201247177205277
0.01502152331793453
-0.01475290587094272
0.1383173475854674
0.02171302692180467
0.04857038224888121
-0.06163396517625314
0.06962401238624659
0.01655729163193325
0.1330573790104088
0.07362684104886408
0.01506728840665411
-0.004496998232747925
-0.09231602891870941
0.1408819785858816
0.03046792124036895
0.07006494504932928
0.07723554673659397
0.1736215217449671
-0.01944758560050943
0.1631491522968934
-0.04789443954369032
-0.03979504426622771
-0.01145613244490504
0.1647440726909228
0.2518235613882106
0.06134099501279247
0.04689128145838885
-0.05443174412813108
0.03234090399876761
0.06358912514926242
-0.07568725928965048
-0.02398229279959625
0.008871922533273544
-0.1076159474915409
-0.1628688938624199
-0.00646972149465511
-0.0897643865886396
-0.008674347546757773
-0.1409343949953184
0.05414457777642303
0.06725036195113908
-0.1346632583366369
-0.1268830098747935
0.1355791331158809
0.04675031291434197
-0.103610793723959
-0.06304330034006445
0.004175260693446075
0.04181954043118162
0.05809205689479134
0.0197844665680962
-0.03011012220584295
0.1162890031240144
0.00305274624109305
-0.09567004729242064
-0.08442051911316523
-0.1073586506684281
-0.08086173540561889
0.02917557118175197
0.1197114721699547
0.0497384129945535
-0.03496818040726002
0.2687286834037873
0.006008150247657482
-0.02234344372427877
0.0001933567209556619
0.06677576087821477
0.02933822849325944
-0.05162103986301873
-0.01754157372752315
0.1097952585358874
0.03723892026510209
0.0499157983300102
0.2430484076224737
0.1539951517796227
-0.1044002799146296
0.05592237627975358
-0.05689714203169109
-0.1317542249998492
-0.09505203549403352
-0.03950879901965309
0.1382409550091062
0.071110527066733
0.03686370610360118
-0.01444450688357626
0.1970248342096526
-0.04346863167554391
0.0757436500506571
0.1115157424545667
-0.01255007983741646
0.04673232339245675
0.000355534756271661
0.05270928944187552
0.01073135675401752
-0.1095200458285173
0.05292135647021025
-0.1036064929978852
-0.1239180119095409
0.06215551653084162
-0.03534231251410663
-0.1334479611022835
0.138552204757261
0.007890261892362721
0.1103381509145164
0.01128043362423591
0.078292903614415
0.1216831929600919
0.1052590149471441
0.02067636144318563
0.001866123567442861
-0.1660172637558703
-0.06522063145399096
0.06267197454582028
-0.1543300754350125
0.04408738316400845
-0.1080121101518406
-0.1052920650027368
0.05134160727411143
0.113299696082103
-0.0297264907662065
0.07092272975206135
-0.0414773516269638
0.1053026834304797
0.06741382736493563
-0.03011040810856327
0.0420975146634339
0.08405918655625742
0.0025109674024772
0.08667562023502336
-0.09063233522770785
-0.17948469547673
0.007912116758825116
-0.03035205904800252
-0.02807401659560622
0.015029339257414
-0.1063269499028038
0.0495486761561206
0.02062566904432249
-0.1062157712391901
0.01048714728853453
-0.0194695310068139
-0.02034489417598297
0.09617100809177298
0.03261093385149488
0.1604488741517393
-0.003148967382422894
0.05085569716192214
0.04480854028792915
-0.09006743315987371
-0.03812272310458323
0.07444486399204581
-0.009633352526440958
-0.02704451512159481
-0.07389388461460177
0.04346207406582456
0.008050802741165541
-0.1080315403412239
-0.08567808644821595
-0.02811402335594402
-0.1288826936369465
-0.1287806540079181
-0.02989822590617874
0.1418300756528125
-0.169114010523044
0.05532262410364976
-0.1223938714503948
-0.06039330596276393
0.1630793368440886
0.0102957096334044
-0.02130335416325278
0.1507846910978468
-0.02271767876067569
-0.09449164930096841
-0.07846159353495533
0.1592300655865963
0.02511637008843184
0.04864214858715397
0.1579996451492159
-0.05614565394545105
-0.06052198810721343
0.03740165123049338
0.1691409173132842
-0.06306398681936802
0.06269587062649574
-0.04077814572906146
-0.09055810460992712
-0.007296578702885415
-0.01437006858048434
0.1211111884999523
-0.06423154332411518
-0.06444708977473335
0.128522390320412
-0.04658809660975638
-0.06460062596224343
-0.1304917294784316
-0.152997059460771
-0.1757230092109196
0.01122513002714884
-0.07391831605898704
-0.1041429685389501
-0.0979086450748599
0.07567032897408796
-0.1083773188393066
0.0551433035255556
-0.0459795629776249
0.06635799749636617
-0.1185101582806519
0.074767507000549
-0.08116757816773212
0.06086299669116138
-0.01653845697454433
-0.08854908137681571
0.04391968977062077
-0.03887151713362954
-0.08047568304127753
-0.01065817183838886
-0.04151030044071703
-0.1249187212598082
-0.04176955547530215
0.06381159322204157
0.1024104896467638
-0.0801144065511426
-0.2751208999940588
0.07283080826413352
0.1831059911189322
0.1826103700990686
-0.002391525165893721
0.09254342820521648
-0.07362668759665542
0.0183779387134675
0.234889851826135
0.02207177569814527
-0.07240777483475055
0.002906478313759026
-0.05772283507377558
0.1704607355623839
0.02708136056350641
-0.1094441922046702
0.1200652426638906
0.1500084456392852
0.1055321449391092
0.005062859443829355
-0.01074044023081651
0.03546681349428939
-0.04020508032081779
0.004880470435536622
0.0490598924099158
-0.07256118467328618
0.0007188624487346196
-0.08375527492919038
-0.05096532929648684
-0.008456570750124126
0.0428944131114953
0.1322231902988992
0.1596498545017507
-0.1490145077209797
0.1712929750573215
-0.1872090496550342
0.04149956335893833
-0.0408556901963807
0.03137193992066154
0.05356566396465695
-0.06116134386278214
0.08372289018189423
0.07620721451175638
-0.01388130747931911
0.03504381430578377
0.04720907061310751
0.03745763547634832
-0.02200314835633889
0.1178435062084511
-0.01018658966711218
-0.07566132787496252
0.1224873377830465
0.2204573216740207
0.02614094021237062
-0.0365039143865452
-0.06255618256750131
0.02626991527051274
-0.05130733990220315
-0.05527682714289175
-0.03498278609350287
0.06646450847534555
0.07558733223066155
0.07556979629049648
-0.02980124332686607
-0.136652410364477
-0.01444619330805209
-0.03214204571508485
-0.0297819778091989
-0.116837942103284
0.07521973524858333
0.006856798042881758
-0.1440020138124166
-0.04200671677569458
-0.1758112171621897
-0.1070416169778869
-0.07121915508410293
0.03273036932927802
0.04618856697579436
-0.08928831735082697
-0.01441454749826535
0.06112377578780669
-0.01387324386351031
-0.1933339561886775
0.0566479411788445
-0.1991061892552464
-0.01047251192940493
-0.002295497619588124
-0.1101729609704026
0.00690872358958862
0.005604849944402045
-0.1220623160466722
0.06893882221809432
-0.1120630515366317
0.004604417660895144
0.0172687034866165
-0.0823759519485411
0.03864104361479698
0.065607606371032
0.1137671568729794
0.0005450255538739755
-0.1455936516237687
-0.016928041706352
0.01622208369066576
0.0909161908140228
0.1004962750452981
-0.04277576854469109
0.03067928504410036
0.06820980838398363
0.0243957636971452
0.06574490201972401
-0.01977215307341205
-0.03888319367946284
0.1364495184901033
-0.1243888628125263
-0.01610179841163498
0.2101185953500855
0.05138275267839817
0.01765696245192026
0.006590157967194546
-0.05490922180709699
0.02417681768809297
-0.09256458011878743
0.03009183361836321
-0.1851864441201764
-0.1776332745328524
-0.007387268685223207
0.04998305804958902
-0.03359927710607374
0.06802935984543934
-0.09919126189426117
0.1163362797681111
-0.104529275478555
0.1495851069804189
0.1255868863082359
-0.04163791732895949
-0.0006849828773100482
-0.0155848761288394
-0.06483835742009258
0.02127903719541378
0.06273974011468482
0.1092848020370486
-0.03313474166993282
0.1971090819166748
-0.1002434577671734
-0.02023147620135706
0.09757161060483373
0.19161868538382
0.01929788554916582
0.1080908050724224
0.03483849675597401
-0.1523591649641898
-0.002140086263311056
-0.04766186706598014
0.01979173776376099
0.09092430849056554
-0.1587761087948158
-0.1331805930449145
0.07081482414817307
0.01835331037432451
-0.1509536116667868
-0.172978146349206
-0.1034179142857912
0.02321791773254386
0.003722512267506979
0.00548937759217734
-0.02417289456616246
-0.000929280448148502
-0.02991715509339091
0.05689315049450781
0.06899848721773567
-0.0883343861563541
0.08878916875302822
0.03015736969588494
-0.001253309704577918
0.044646499236251
0.0001438542053308553
0.09868370985443906
-0.04266963539491271
-0.09480392231621271
-0.02839163811482867
0.082703436030965
-0.01381460422167211
-0.0919528327652045
-0.1130084785040291
0.01001105658490409
0.0695315468472795
-0.1909460035961271
-0.08135067560700987
0.01556470660913294
-0.01090378130828281
-0.01215316411899287
-0.1373373739928839
0.0002862621360361674
-0.06445329902359245
0.08251189656807356
-0.1600579321573403
0.06039853931960346
0.04042505413997335
-0.02135597029265025
0.0162296957374861
0.04587947477437188
0.08204019774470106
-0.09228257688313268
-0.03157967668406263
-0.006382606477649044
0.04023931728734938
0.0317498661533958
-0.06723671875387059
-0.2444246651319494
-0.1178222405558643
-0.1684284174861193
0.09503517908455367
0.07950232676954458
0.2716650396422402
-0.1144933824495779
-0.04519222578647034
-0.1594139761240146
-0.1131543752186675
-0.03707080533732425
-0.05791682336079977
-0.0589636654459286
-0.03069534270333726
0.08524675758323465
0.06218830424416096
-0.01885479628104467
0.06204462189206368
-0.1075375395095491
0.0199798200606281
-0.1525209636046387
-0.03615278335693008
0.05439817912402469
0.08812553222917682
-0.05473146947978461
-0.04228952750558673
0.1857839784095241
0.02833703929223021
0.05408959194425478
-0.03344176556183442
0.02271643656453896
0.08661156833057848
0.05770312234150457
0.1802779310044138
0.01842698271640484
0.02925590697553105
0.1411183205235822
-0.01954301443271756
-0.1737023866349936
0.1223571758119554
-0.01371482812830421
-0.07250333270238374
0.05178574713597169
0.02145085438053121
0.08031334694558939
0.0295311803983859
0.1794789138570698
0.09018449232202297
0.1652750723542539
-0.05565431375315015
-0.00083166098627354
0.2069831526775092
-0.1862580209526988
-0.0463279370745331
0.01552264215687463
0.04854467694858756
0.01651108620217605
0.2277692675360197
-0.07360610888915958
0.05854838460517051
0.1359291803795183
0.06276868284370016
-0.03364305907845543
-0.0273384183076832
0.006672887573572379
-0.06113435041219174
-0.02873212097135044
-0.09172992574778852
-0.08867456094375668
0.06694377112932479
-0.002583279049596029
-0.09114471297885564
0.01389126025513772
-0.14567184373588
0.01884805045729544
-0.04468277010699294
0.07092552426678571
-0.07342801910664698
0.00697881737869727
-0.001090496946514238
0.07601590602278627
-0.06377174486308465
-0.1360884345371281
-0.08358202203626183
0.1563458050645362
-0.1829378732778884
-0.02428132883045342
0.1167779626207108
0.110717668728563
-0.06399067913208856
0.1452349863160943
0.1398789780280966
-0.009001428690107664
0.01808928019964498
-0.05439736553010468
-0.008175005466652313
-0.01115536006300272
-0.02661678387240064
0.1604265958208718
-0.02514713028410499
-0.00226519467486996
0.02517959854376268
0.0160084465831952
0.1686588962873564
0.01717679474416382
-0.08959377331965974
0.1056486565949221
-0.07262597453347877
-0.02007165757810406
-0.05822293575369495
-0.1780149365068271
-0.1016147520391114
-0.085568232768544
0.09368026999498918
0.05031657370052324
0.004737121288836355
0.1467209119952492
-0.0306091347630251
-0.007442743521318795
-0.1946590030109185
-0.1531605435790878
-0.07123025671636569
0.1125982609463486
0.0161924423920043
-0.07651757286574493
0.08817767694073547
-0.1499402637110394
0.05874295579207538
-0.1640349157470652
-0.009832496699372327
0.08301474365771466
0.1215387843242298
-0.003800406852805534
-0.05403722143873516
0.02985656907702795
0.01485012972335727
0.05859311207502414
0.0189271305586505
0.03955160415391377
-0.04725162374883366
-0.03405228893295115
-0.03547731569687251
0.1635183800747532
-0.001331497169477096
-0.1093418424156572
0.07915839011225337
0.1126937440121894
0.02216522552320809
0.03860837821491597
0.05357417267461206
-0.04089515924274105
0.003550451523759185
0.09095136079525529
-0.04125709063174773
-0.05021108826546607
0.006940205886502574
0.01527284798520298
-0.04254322780577902
0.07038478009624534
0.04595864387653931
0.02617499616279964
-0.04417704308534636
-0.06908837731336134
-0.09088197217253226
-0.07866959855899396
0.004591701043229784
-0.1252122556077279
-0.08704782713165898
-0.03443466427787049
0.06211588967014478
-0.007185301718759387
0.1416731682720533
-0.01615473562390481
-0.03819021209742662
-0.07794078020776153
-0.03270457382074129
0.1051286158242102
0.04642813348066823
-0.1481479788321665
0.03148572956963956
-0.08640223341210382
0.06222360713770984
-0.03546992494624152
0.0652958207750764
0.00748036568735691
-0.09223759771393954
-0.05743992529790772
-0.07595423823869893
0.1076360119306511
0.02802269005800763
-0.07699586392539601
-0.02052490973542646
0.05292351978122393
0.04658803751211824
0.04257505287307743
-0.1675491019292138
0.07406100139248974
0.1454283355240897
-0.04404874003202857
-0.01310931300609664
-0.1178973878554679
-0.006518191624268381
0.04920008964105484
0.03325360853403161
0.1140423832628007
0.08739887515209975
0.03937979309885978
0.1158089620181244
-0.03537455695142411
0.06308225105946018
0.01993929021576082
-0.1275832543354249
-0.05567080325503027
0.02737512221829994
-0.1324636198964758
-0.133907947989423
0.1743301200677526
-0.007477903919606538
-0.09729922426972859
0.004698365426452255
-0.0743022996065314
0.020808378861389
0.1138003067069292
0.05942242006272852
-0.01225832608464353
-0.06171490483088933
-0.1543146267396595
-0.07070763921663548
-0.005961145419336154
0.02784301038809835
-0.1422797823893285
0.0482945072306146
0.1903844465376245
-0.03680102954647455
-0.006984019239190842
0.09389371817769619
0.08725010638170064
0.03451255571792977
0.03813815947443738
0.05424094210503351
-0.07588839740275088
0.09324665396486856
0.1041648014639907
0.05125736740237674
0.03321934819675347
0.08030059577381221
0.0572932564488516
0.1412158232376023
-0.07208903839186775
-0.09132371705547868
-0.1331188170416383
0.06639465956359911
0.1079034240528715
0.03986529349947067
-0.007324293528811684
0.04667615248081953
-0.06006267034627086
0.1125507231494138
0.069153888157715
0.06229094590860366
-0.08942482203064298
0.02492802207877007
0.09553044659384535
0.102015352918703
-0.01091943208027684
-0.08727753057131173
-0.03559117948574132
-0.08496635271043917
-0.005147680486302725
0.02844756783102911
-0.006880967432387197
-0.003029603195510933
0.1164705321056348
-0.09529048197464708
-0.001054689152899968
0.1188233393828693
0.06945209668567709
-0.04716034979775551
-0.02183540585797721
0.06553303614079764
0.06202100931650813
-0.0833434748658835
-0.1087645409174052
-0.04952815328716535
-0.06988763427741813
-0.118965644869429
-0.1088346104653491
0.01500340500959682
0.1234002008378595
0.00250072664088672
-0.2623518268873356
-0.1904812799663152
0.0238556318585212
-0.09101574463966636
-0.05662165161880831
0.05743160775088242
-0.05773056793955683
0.1600898840353232
-0.1205097870332604
-0.05400098485067427
0.08471436219781212
-0.1278922990385465
0.06992288702405712
0.1138351667598648
0.02421892736464323
0.122129168453062
-0.01513501552011997
0.0006869214271272711
0.01480688961129152
0.04414819208167263
0.09160833634796094
-0.02060200069999469
-0.007281072192461106
0.006712998930276243
-0.02102503238733498
0.006438271413051339
-0.09071548223303322
0.004041606548012836
-0.007185554740161863
-0.05913128943418371
0.06370432464291448
-0.09997541252678777
0.1314104006914725
0.02810551475204404
0.2039580547816361
0.02635956397298835
-0.02676964656318018
-0.06691199587727428
0.06548453587926212
0.04739014181907973
0.07145466492935711
0.1436885512775774
0.02960251572406373
-0.1507896150607366
-0.05118247462072634
-0.1279070638028132
-0.02219397920917468
0.05628721402806119
-0.01201054666520553
-0.07153090647822441
0.06519016458302201
-0.09621133341527241
-0.008124832441677957
-0.1177128394137571
0.1521915836815093
0.0653130867096401
0.09121852769803838
-0.01757355222998554
-0.005413883013883906
0.03685871261130988
-0.1199980146643882
-0.07721697026712139
0.103495252476241
-0.1032134534161746
0.02188793509817794
0.04609234998915465
0.1796102843416723
-0.09633462066162547
-0.04173863441755835
0.05576906224340321
0.03601622997282778
0.1296396555017967
0.08215332093932649
-0.07002527112943664
-0.1262589130000892
0.0018164601991838
-0.07822790941178764
0.057708317030237
0.07527872838605701
-0.152206626492679
-0.0001598107333604035
-0.04009574158085424
0.03477637141998767
-0.06267632651014723
0.05192503135281747
-0.0773525504815651
0.06208101205029603
0.02882511238152941
-0.04291186216719461
-0.001961502755628144
-0.0974638987930832
0.05687740980714519
-0.1597110056589268
0.01977227142641232
-0.04877897469088588
-0.09729626636841793
-0.09275376684035593
-0.01750279894572645
0.05851259444543962
0.001822252010238334
-0.1237798824538234
-0.08351752641186896
-0.08207290014878993
0.07593225260307594
0.05824205131939156
0.08922900486571832
-0.01126019265641685
-0.1166766464441466
0.09210915283523476
0.1805111621398063
-0.008014727545107445
0.1419446412758301
0.02438456205118169
-0.1031008203814303
-0.1403428453684806
-0.07825636555864501
0.03144351058500464
-0.02488940378668688
-0.02131874367759512
-0.01240596022018494
0.04519871845026707
0.002399936301992475
0.07281376147856
0.1441838492475082
-0.03148338079289763
-0.02933563478429715
0.08652565963917011
-0.0598824269403434
0.03970100733588203
0.014381986702032
-0.0114063620281643
0.008378651745916905
0.06022967348004568
-0.02268091955181709
-0.06324745257970471
-0.02987003748265453
0.07141970667007586
0.01386624475342627
0.04997107714685579
0.09594040683300809
0.09409391669777323
-0.05687379828410125
0.09695619113966353
-0.07700445628047436
0.04749721905616761
-0.08419992456254785
-0.0383350523482423
-0.05041312628168012
0.1364592486032803
-0.03751570274756343
0.08104556244605851
-0.05261894214388539
0.02044523991049694
-0.07800807316123132
-0.005026696261426593
-0.003618838879746946
-0.08410870227689859
-0.01639207784698932
-0.03677338754933944
-0.02788060173628694
0.1183867609527657
0.05740356345290615
-0.2169959802321894
-0.06900577995279254
-0.05882648728222792
0.1228799638094058
0.1291559612843493
-0.06941687889868681
0.001715997500943894
0.1944825264107694
-0.006345728159593528
-0.06711677219514162
0.02507749550383995
0.04765965977053691
0.07156733150327463
0.02544670749464754
-0.07404794829473581
-0.08979323351918191
0.1473353691507483
0.03392747642964809
0.1782819472263841
0.219856256001382
-0.0445022327279047
0.04205935780135012
0.08574817721710978
-0.1292199881911432
-0.08643396421218148
0.04253747349709093
-0.0294826767252911
-0.06569933460305746
-0.000917061993572027
-0.07202647747558935
-0.04921943751426262
-0.1906515661208085
0.107821176032088
0.1662845140219698
0.0293492425760567
-0.2504907486187568
0.04996112188502431
0.03261009390063283
0.06071770231038617
-0.05048925574450346
-0.07973743192520164
-0.09347918539973496
-0.01523490152266822
-0.07718879536574785
-0.07945647219068902
-0.006464844833182534
-0.04832524572984603
0.0774354380783205
0.1552777514266374
0.1123781010584146
0.02465824446435239
0.2249735768154954
0.1384404248697323
0.06176395068715565
0.006640745200899661
-0.06356688053651866
-0.03958721739214567
-0.01876065517824133
0.01654472717558306
0.05696725843920852
-0.1748363526478837
0.007640248817290252
-0.05272953178430251
0.07037970125089885
-0.03001576954975746
-0.04454419089792547
-0.1117853692285407
-0.04619579541231851
0.01659113786327875
0.04575349492230936
0.09995763281351516
-0.008453024483627697
-0.07338982991535317
0.3047609210216624
-0.03573852307758366
0.06026050289648015
0.04368287039795029
0.1585107745743641
-0.04110078212849062
0.01143746115389433
0.1016975197681137
0.09115177290424285
0.06853156713531261
-0.1722315996982332
-0.02531813377162897
0.04924688892936588
0.07632005806661354
-0.1331118745400894
0.0518675519703146
0.04112122434076169
-0.05116921358125817
-0.1167633569391334
-0.01482952367307951
0.08842099274343063
-0.1751309399782428
-0.0003645708191711977
0.03426304431946602
0.01025259478957444
0.07896978662020776
0.09235150100744631
-0.03633065590582749
-0.0001202428776586745
0.05350547066771767
-0.0612568374408462
-0.05363526469447241
-0.05481433934324498
-0.01502550381709954
0.1187297990373757
-0.08609867305498969
0.10424841888303
-0.1275321824179086
0.09101003638941535
-0.1950702378491369
-0.01059351609299586
0.07168737538054971
0.0006372550118385022
0.1082873980020813
0.03611047977892352
-0.07738113514711714
-0.09445319845883232
0.0440142459178131
-0.03180636642148445
-0.1342465499101842
0.06016522100983221
0.03772499828585427
-0.1014183044743817
-0.05576924870250474
-0.04323051927791974
-0.2145804149665796
-0.06944520831328195
0.1197117090266593
-0.1511958559891713
-0.0004544832302690732
0.09221174175193823
-0.07922321391851866
0.05837209385393272
-0.01593949871093777
-0.1529657636999399
0.1122651200677817
-0.08297005165534893
0.1435717965215765
0.03170719920092072
-0.04065344673131928
-0.145650921964631
0.05722556077358079
0.1243749725859585
-0.006540036873118021
0.04431601783328686
-0.01942588390102161
0.2024634507564852
0.06104258787007038
0.001404171458981987
-0.0330862560425429
-0.007021842288135793
-0.0560825927861367
0.0004224369441926112
0.05857031271468957
-0.05791582870483926
-0.01391352597893727
-0.05263824954952505
0.01850718298565396
0.03305885732452921
0.03847278608379126
0.1619607490911905
-0.06693587837368324
-0.02307659559574905
0.02177060431642553
0.128787979117275
0.009485851019774193
-0.05255060493652542
-0.04188722307979165
-0.04268404560900523
-0.1800702086613266
0.06277791637585928
0.1070136410583374
0.1035480769310574
-0.002911072742826114
0.1312611540150906
0.1316656695100871
-0.004546303949683923
-0.1031368484219099
-0.1404354361652957
-0.06524271035469784
-0.007868731852361727
0.05666791569378152
0.02461479850861324
-0.02274408443257762
0.009553386555488923
0.1018702801245754
0.001868522837426098
0.08394155651052776
-0.08928533403873401
-0.03221215521731828
0.2627698575371795
0.1259988125996762
-0.07978024726930845
0.188267722390331
-0.1211565920149884
-0.02703675559857159
-0.0421862294641132
-0.1316321223273386
-0.002585335321623285
0.02065979642232858
0.06931320601224189
-0.1081709838032088
0.08944855644196051
-0.06560785836763189
-0.02952637796979847
-0.06538437115888746
-0.08619401641068841
0.01018970149369453
-0.1027457953939796
-0.02394469385106946
-0.1198722849779634
0.09598800964636788
0.006533323074107353
0.0161028832660387
0.05986684456562454
0.07377703735311296
0.01027645308010782
-0.05315030056827287
0.09615886085961496
0.01751644579593707
0.08057056140829229
0.02475992629215629
-0.0771350954769254
0.02298775670642367
0.04224876914940524
-0.03400390731162226
-0.1598641983402196
-0.2715213930533329
0.009705124827494955
0.003040883434431735
0.05635440010702589
-0.2138031841622765
0.1186413392952816
0.0475949968592876
0.008466447583692402
-0.09684568661422262
-0.1246864309352721
0.09504379611200811
0.1614997469183213
-0.01903351714355611
-0.08005745380265022
-0.05218934623821048
-0.2277811046028788
0.08256276107032338
0.104988653831602
0.1562663761951513
-0.004005594344395576
0.1327288799902979
0.02485089906130615
0.02272153792915158
0.003074273481315427
0.02479684480706411
0.1618669233939306
-0.02077647801552721
-0.1099401006298548
-0.006971262934944617
0.1089143849544973
-0.08969043997346099
0.01941350201661913
0.1234342360984638
-0.03691331286023416
-0.1267988517024633
-0.04597544336456584
0.04181970196196047
-0.1477286128466891
-0.01868717749617984
-0.01988174474265188
0.005431509174293584
-0.07485837389584185
-0.005524682558611309
0.03834006266265901
0.1658846120311397
-0.09929094103313649
0.007379270602173228
0.05040566816779367
0.02873043202812687
0.002580294309723202
-0.08525301701506062
-0.09821067594714264
-0.08584492135449771
-0.01951752542292869
0.07358002891781583
-0.1018781283924994
0.04530215755750036
0.009273651310415174
-0.06512347273892774
-0.02275255199716191
-0.04522266739405238
0.08934126795946033
-0.0002927063365188581
0.09543016468135312
-0.1257716072300822
-0.1627236201429511
-0.1057313506146789
0.07564418182104653
-0.08320445045699174
0.04086060019661547
-0.1087854881022194
0.01312262341250468
-0.1339058735033131
-0.05384214872222425
-0.1586756679390978
0.01611445560401903
-0.03145828989067441
0.0280445761485982
-0.1133674083638234
0.1169622508922
-0.04983375962545283
-0.07142251458679758
-0.1862185847727852
0.04064660965719014
-0.04316282944324559
-0.04101034128083531
0.1376419968736764
0.09264309345229044
0.02507445450100517
0.00545453335733051
0.02211624666843325
-0.118025351505677
0.04250038110004017
0.08428419827753322
0.00186711171211678
-0.03083317594033349
-0.09463376796859549
-0.03376729804975487
-0.0161707014609804
-0.08718852510425351
-0.2331500252523592
0.1533681191811511
0.04800804135100713
-0.02131626421654649
-0.09021404640088765
-0.06048700163201468
-0.07935279500699194
0.08561534477635865
0.04866634297894005
-0.005648868080373126
0.03328562150434557
-0.01601021713162103
-0.01852672892641562
0.1677161691133802
-0.1261173116719154
-0.02617854783415843
-0.03678408383346365
0.1545699861759667
0.07294651708016622
0.07197118028174349
0.02532154270083169
0.01877430392768993
-0.02178706082539854
0.02111759130229667
-0.1052634342197358
-0.05126402641823044
-0.09577680399282637
0.04552828824399646
0.09743047477828762
-0.02338722852555347
0.03441332738465996
0.08735956769165966
0.06994956193338001
-0.0540137534641391
-0.04332140176244106
0.1389653232191476
-0.02218158022274454
0.08184072264720468
-0.1476604007871826
-0.02176276751879158
0.125733925785371
0.04036977324897237
-0.1709897953549387
-0.03135562995539225
-0.07316251089821879
0.01932268599032371
-0.1160112142855475
-0.013708309075612
-0.07851322332847194
-0.02420819810527749
-0.04941346268677864
0.03417651598506743
-0.1315997474228457
0.1512165473182204
0.04953300637391041
-0.02064109685428964
0.05148803031189667
0.1245245742687946
-0.06027122094208474
0.07551715929623097
-0.01705004587652789
0.107626857311627
-0.04797764273669279
0.1287240193937746
-0.1169585851205613
0.08372163217246323
0.1083832262670324
-0.04703060422969355
0.06846749671089483
0.07930565609748277
-0.07455175607987553
-0.008765143861449314
-0.1718173158804176
0.04744254954189213
0.0320199974829817
0.06711378996735196
-0.009879802095502696
0.001081119373939621
-0.06959472287052895
0.1939640645040087
-0.122338267788056
-0.05874286510027484
-0.01868165060530608
-0.009828763578463198
0.011220847394423
-0.1024566792965213
-0.05896223644407624
0.05131017391888985
-0.0825187342570888
-0.01425364406209263
0.05115684585236881
0.1385445430020433
-0.1733956173391004
-0.07013550491715431
0.06108346897590637
-0.05057583024185091
0.04449575531145197
0.09797194130357934
-0.1079393337538618
-0.02166392652371485
0.02334865873431527
0.03436124372633216
0.006430146947581088
-0.07170256544904829
0.04242551681560859
-0.09692440569085729
0.03661165377675853
0.05511223852747437
-0.0079628086825759
0.05478757162992247
0.01895597181366454
-0.08100769623149781
-0.1864066961557758
0.05969929377199262
0.02053437135717116
-0.09785557876511002
-0.01738434961208091
-0.1167922047900481
-0.08588896202330434
0.1240156493986762
-0.01443678556871588
-0.1234113200290512
0.1888567292032529
-0.03412246339525521
-0.03663033986322339
-0.06228350835242531
-0.01972369129428125
0.0340869655828181
-0.174310173868414
0.1089568587950837
0.0753290492140733
0.06045283298770651
-0.09950522644469471
-0.1877920171496497
-0.05574545164063603
0.01295157997237487
0.0791239190622824
-0.04106182220872917
-0.1134834688973326
-0.008480002617262852
0.08192410710380985
0.09704520190710314
-0.1780123336901808
-0.08036503510928428
-0.001917484234089592
-0.017452189598264
0.05563798706718838
0.06845605488455868
-0.0175904551406797
-0.1189934154948323
-0.03536574351640828
-0.1122749686839867
-0.02095576968575976
-0.003860007862699785
0.02171179525831246
-0.02763254910149193
0.1088584749463822
-0.05542935527412524
-0.02433206487178074
-0.07949570551790092
-0.05709795099081737
-0.08473042671555336
0.08730461692591535
0.007336645381433499
0.0919965269281071
0.0153047665709612
0.05458244493396219
-0.06661064559674322
-0.01385761921576072
0.02928775818137743
0.002178168538655184
0.006714246435726136
-0.1517875937581941
0.06437330670634228
0.03989589958435381
-0.0487013229052248
0.0692531826719843
0.03203561939161356
0.05020062956500498
0.0978862617461978
-0.0561297581588469
0.1185052267048484
0.04491638491961325
-0.1050874193068835
0.06352852674441457
-0.0399969998775332
-0.004368796505732915
0.2029856696817209
-0.1898528691918221
-0.05741860635756994
-0.07790014229524267
0.1683471506559196
-0.01062835002697817
0.0224768986355912
-0.02165413031574667
-0.02935149009651158
0.1109051973892297
-0.1859745697630045
-0.004240194730131236
-0.03452027196014357
0.1008611372451093
0.03115764761534191
-0.004650451375430624
0.04743890479365593
-0.01880315566672821
0.06215085251281766
0.1982939671447879
0.01639608608993924
-0.1427668363644375
-0.0800054289843516
-0.06745852045326989
-0.01944914520475256
-0.08814928257574287
0.02175844757548619
0.03818192019370251
0.0253377954026802
-0.03028209301190517
-0.09141007588596836
0.08228542197328861
-0.1391573289325096
-0.06733766201299546
-0.1677511442578878
0.02229073057064905
0.2344617954608655
0.2010959927183961
-0.07158639452035577
0.007749025272987299
0.05430829875470553
-0.1023945365708417
0.04324454968758273
-0.01075710576856859
-0.1015739511401017
-0.02268217008439111
0.1630516517389619
0.0538889017474974
-0.00249165190071695
0.09274007663739495
-0.1124572840716148
-0.07282720498989634
0.1719127114956457
-0.03923540506528378
0.153358394845513
-0.1205326203480994
0.01871694799343117
-0.2280801974519775
-0.09728355808084846
0.02017802296802529
-0.1815890729027624
0.126018151367311
0.08354064649242898
-0.02411916844507661
0.05515412880427952
0.05231669897398464
0.02159353433130184
0.03412493920191527
-0.09997215939732007
-0.04953089611820147
-0.0682910524799803
-0.09324738956660331
-0.07677783569470585
0.04921874548750173
-0.148322075534679
0.06289659566582552
-0.08631474581738192
-0.1371181142699812
0.04813033498450547
-0.01049891485366691
0.1631866508416946
0.02293183834572921
-0.01725914094043291
-0.02331158853681806
-0.01180543251231802
0.1722881062055911
-0.2045448323645671
0.009486751607846976
0.04501954097041741
-0.0505246238371401
-0.07846730914482292
0.04286520988471007
-0.05734979735163752
-0.07775164136410041
0.06302733364329842
-0.001555780367239103
0.00531888265393516
-0.1357382863351068
-0.06694456049417889
0.04756170683377343
0.08858934452369441
0.03050795046663196
-0.06704070839428718
-0.06379159801874965
0.02473298330678496
0.1036162192285969
0.04490872248042245
0.06917027604315258
0.02369645215915054
-0.04477798054490112
0.04478814373951387
0.1045261861532307
0.2759946411590435
-0.05354469115578826
-0.02281904275623697
0.06892068771332405
-0.08938900677759176
-0.08244933179805805
-0.003265977644555662
-0.05828959837089223
0.03776846230651291
0.01112440563635297
0.04648049899987985
-0.1326530811207926
-0.07782054243105928
0.01383999444342644
-0.00805039580243995
0.06136693343139216
-0.04130388833982795
-0.06491690630171823
0.1910362951985478
-0.01282166586755698
-0.1133014552323934
-0.09547279227490203
-0.1095413499870059
-0.06548707323540399
0.07004418507831058
0.02444141532012781
-0.2660950042287343
0.002383181756761506
0.0002270343796293012
-0.0606783349253318
0.07042221129673712
-0.1348111060961662
0.06520765338906713
-0.1963943419013802
-0.07274128392226088
-0.03511042648057296
-0.08926210375112023
-0.04106930126124794
-0.04697611178797464
0.03725972058918556
-0.1261113282668038
-0.04657424425417443
0.1820904595445467
-0.03334743808075857
-0.101682470928761
-0.02629582590493739
0.0733544239569133
0.0348502196790508
-0.07705255187538564
-0.1312003249750442
-0.04557494269410792
0.02302659798611091
0.03781565214392147
0.005664640565918803
0.01677446295018861
0.1081484705435936
0.0790320898345396
0.03601798752566183
-0.1386050725500357
-0.07698218087106756
-0.09890406812496579
0.1021462581632801
-0.01350472808168911
0.07855807911741339
-0.02030535528672229
0.08216837714667449
0.08291323540589413
0.09072780776659098
-0.01798266795862276
-0.0005602368975586233
0.05048399245062532
-0.03055815383343152
0.03192914780306179
0.01523702070645924
0.005000572120783718
0.07262082434612044
0.1179482680506762
0.08626157130898908
-0.03512800371260645
0.04541433678986298
0.1175632885255046
0.09299314612787932
0.09172037494261076
0.12404762711898
-0.02339887602453983
0.1445000339631154
-0.0400365887618762
0.03263064598764397
-0.09285549958206279
0.001343319471551342
-0.03248200020209557
0.03871277169733024
-0.1181629486034089
-0.0288932856887989
-0.06885148799132755
0.01822151721528104
-0.02911690844535177
0.1446175919849214
0.04880327801605971
-0.1085284839904481
0.08807202521331026
-0.06671152510642755
-0.01831873852148257
-0.05434961242910189
0.0639468023382707
-0.1088426915063076
-0.1424880035319015
-0.02499951218924559
-0.00888195361768988
-0.1241012733129847
-0.00361177652610015
0.09925740187801717
-0.1062577204949299
-0.05679994810431288
-0.1919105930234816
-0.08652239388038663
0.0608867669765169
0.1303165982187291
-0.01477512023147232
-0.1142341146112846
-0.04714336472042901
-0.0001376603099502403
0.06443826212103616
-0.09306427766020056
0.01308061609684842
-0.02118676339649236
-0.03247615322478319
0.01662986494717461
0.03158383872674321
-0.01693981678851853
-0.1525043482765512
0.001451048352544492
-0.03320944367240349
0.1013608040112693
-0.0637339637236941
0.1953533165034255
0.1879867266257144
-0.06239078491807878
-0.0350672111978903
0.0240115734699681
0.1348119835586057
0.04895827819518123
0.01725083871994598
0.02916049052878086
-0.003232721612120248
0.05113946939742377
0.08823501937014123
-0.1513290351833557
-0.001024072422248327
0.006721918446535427
0.05270717559772192
-0.07161108248866467
0.04451281585925836
0.000888643411957088
0.01768379477311897
0.08518894331651279
0.0790103733767531
-0.02433410612664624
0.05515167673706591
0.1409385693136389
-0.06617969992088485
0.08591672918304057
0.01909267106825216
0.03637800097913516
0.103181618495728
-0.02551662816248099
0.03320418115324567
0.1015397605149601
-0.0003522272438466548
0.06687485453804258
0.07023613559298794
-0.06661311718013845
0.07166878226537371
0.09773243220271907
-0.04599061998443418
-0.06741507515193053
0.0254733223703746
-0.01986158993208256
-0.05121168140111283
-0.02951542783403752
0.03660117602194223
-0.03030316920837529
0.09047735231708839
0.07592907451404723
0.008207418511966789
-0.1911984843139727
0.0005709319357713946
-0.07217385495361452
0.0365556812264666
-0.01879100142289744
0.09328947337804193
-0.07717060951048879
0.1584598988378325
0.206684048002628
-0.08732051820668996
-0.145373408193395
-0.01865089278043542
0.07266765999625241
0.1075176675251129
-0.005041808876609107
0.05788786488565935
0.1099064890963209
-0.04196106072419471
0.04305428655520285
-0.08860910483473156
-0.09495989973844912
0.01560413192922973
-0.1595185979095129
-0.03264640686366906
0.08525309451753917
0.06347954643127347
0.153151178688276
-0.1642870234793054
-0.106333841615549
0.06297658132741646
-0.07788884754682893
0.122712510628342
-0.07236198969283406
-0.09375957110083566
0.07679374113519918
-0.007123855029695383
-0.07384540830276629
-0.07632175912426076
0.09447845969105599
-0.08200039057530596
0.1025941705595927
-0.007347309813618891
-0.002859389414890636
-0.004575334769434447
0.01103347381345324
0.1851046780815566
0.08478169508087589
-0.04857502809742615
-0.100442599409913
0.09019646191300194
0.08271657161174217
-0.03716895650260831
-0.07730159439373052
0.007646823493063233
0.2168435810973018
0.1988561085037903
0.0453220076984882
0.02418792310838604
0.01928372161015147
-0.02228536578689339
-0.09674196322386777
-0.0409736065026866
0.003728507903305818
0.0104338317753383
0.06618824256008768
-0.08343487438956146
-0.05091989469617651
0.1221483321548484
0.05481443105197011
0.1032849984606051
-0.02928392372025738
0.04558092047699985
0.005990505985790463
0.02181954253549284
-0.02730279728386924
-0.03603957802553166
0.04508449379489178
0.08621032609900223
0.1012783489032016
-0.04025241591526231
-0.06484872508230664
-0.03600177349106548
-0.03277589558670319
0.08949678894281263
0.01981818772199765
-0.04300659088567858
-0.06935414680776968
-0.17014182095232
-0.0101144619136178
-0.001133156808162769
-0.0578066013229178
0.0475795735848555
0.1610359208769236
-0.003430228226005983
0.05883525542145872
-0.004214864549472466
0.003487671919984052
0.1253790938112189
0.08363798549039184
0.09446499956564039
0.1443317152733854
0.07843539554611964
0.05860243560819845
-0.0742326624933444
0.1186498367062302
0.1470942984153956
-0.09452224539454893
0.0187736247320075
0.0755959770647764
0.02088232568170038
-0.06755673747240611
-0.03761664672400408
-0.05484908355816745
-0.08924660420233671
0.05031715878296382
-0.04048734409429321
-0.1209150149358431
0.01855580502881814
-0.07969464321072377
-0.03238893802866552
0.02155462979004653
0.04730615724699909
0.02007546494914161
0.07660977311829004
0.03122211046837226
-0.09475776925236828
-0.03454686026523177
-0.05619566520469078
-0.02834442474144896
-0.06037335259591226
-0.00980170908957731
0.07141233729134121
0.01798120371847613
0.002976181475545858
0.07104290771186514
-0.1031978535243966
0.05950673511058273
0.00942602931917691
-0.2385790850897522
0.1082188370140944
-0.06733659107736464
0.02466520048707518
-0.1879205393377743
0.05365061214511103
0.02876549866860761
-0.2297480317927363
-0.06669120729030371
-0.1103390920590133
0.08234222239709826
-0.004174542702719631
-0.04820010340238459
0.01800683124698431
0.1075017773892326
-0.1205855895847641
0.04403026884581988
-0.06076114322574783
0.0006167984276941041
0.1775042086678081
-0.1519722101740779
0.1454242611013703
0.02180614262804548
0.07251360796398627
-0.03199946919974937
-0.05511500653261536
-0.1088391522731099
-0.03667687064853399
0.006576372748814131
-0.01078553539807527
-0.0379032539164634
0.08145872543004659
0.03048555624295369
-0.03037784996836076
0.1321085306986582
-0.1652356101236634
-0.1072094366377495
-0.1829300401089682
-0.2032841279736761
-0.09666146895748245
0.101426269393835
-0.04535383245352126
0.06387388893715894
0.06488051819441709
0.05901590543668041
0.02297638335764256
-0.06359190391173591
0.07485920834109766
-0.1200129368900417
-0.08100411788904366
0.1063523703198016
-0.01512128022147265
0.1292589455512113
0.03493760818000691
0.06300260529563183
0.265515347703819
0.05240727575233327
0.05268866293823867
0.1295858922212273
-0.07758375662349627
0.05035308465525493
-0.1826846352303089
0.1201504115198075
0.12059626924423
0.1159056144154507
0.06559626247214501
-0.006343081439372716
0.02834421008275451
-0.1556943152344547
-0.03457364022129833
-0.1722337397314159
-0.1043498979950745
0.08523786941648034
0.05580682145128437
0.09149404475327839
0.02684429706127736
0.08891360141417959
-0.003261353798322666
-0.1045713731086793
0.01017137773040594
-0.2269829383818517
0.09197835397416815
-0.06238580068705847
0.02948164709701164
-0.02818492741509337
-0.02401830195731686
-0.03674964166147385
0.01014548029899253
-0.004753431739403083
-0.06295892882324976
-0.02188311315744131
-0.01122223499270638
0.151111230122467
0.09747260070971325
-0.1457528053221801
0.01919166569644021
-0.09014005808438197
0.1957231306311507
0.0242393785827223
-0.1536880889568359
-0.09614379307448655
0.1542522756737547
0.1565515271070002
-0.0145690465428814
0.02545358480694547
0.1360587738173766
-0.03542143887086106
-0.03905309002704452
0.1382359192353593
-0.06793651319368987
-0.0643341896140544
-0.08914177543689578
-0.06699982640766315
0.1687246584007222
-0.02718392320278089
0.09877312992036437
0.01224818770338247
0.01725831836769307
0.05448109006552398
0.09456588481484964
-0.1123482145260535
-0.01703925979033914
0.001197562113552229
-0.1932478627486525
0.01387689071598556
-0.1487896730352911
0.01317969794726482
0.2317957192542292
0.08369891338892968
0.05537564100617247
0.005045217261759827
0.01701081235596979
0.1352755579849833
-0.1097256074318456
0.06228030368308733
0.1566936356649514
0.06730663957739505
-0.1367341327034741
-0.2046976349033842
-0.0377214487907753
0.07547812036339216
-0.1180412898237676
-0.1566231576744347
-0.0001639610333828215
0.08653693355392944
0.01320895669651972
-0.03749966182745326
0.00971250739627022
-0.003384697839560517
-0.1016027209894174
0.04613431788474211
0.001087394162495276
0.05601374031691052
0.1427889989159988
-0.04027603176597887
0.1114510952971404
-0.01388147270578201
0.102698087082651
-0.04584882947134318
0.1431325968241104
0.00589239531798004
-0.0219820426486898
-0.001502565253995787
0.09531572609930007
-0.03607902726611353
-0.006626332010137147
-0.01599544668522995
-0.1632953492887846
-0.01963947024400665
0.07562004711943618
-0.06398552515554762
-0.02432950784139849
-0.06593069179107824
0.0668073977374737
0.09239083667404971
-0.03494195560004941
-0.1129902166678587
-0.03022161560874968
-0.06857484706676199
-0.03829509553144218
-0.004829420664567693
0.05071971528841226
0.06319790824600949
-0.06215573759994388
0.01613750015855755
-0.06159167635911922
0.1833952570662783
0.02195306605842016
-0.06733388841992649
0.0001414241264473953
0.04852451336246687
-0.1435936554872454
-0.1820335569415804
-0.01333068698025965
0.003661481640419476
0.1270796847921381
-0.05456159983053983
-0.08152227707428997
-0.1357110459556462
0.127563925797789
0.07554094258175996
-0.1233578210323903
0.1028473455945941
0.02321101192629867
0.02782384345067581
-0.07617887132869572
-0.02410016787745388
0.008454438340837506
0.064172966091373
0.01437454132795653
-0.1328050938414393
0.2713894140805275
-0.04664865283475121
0.1073894520817403
0.01280689920708851
-0.09652952003570241
0.08533031438789374
0.02350342933181928
-0.1353834256507808
0.1605256438967194
0.170721293345258
-0.1998894977976921
-0.04010135727318945
0.06417794092719661
0.02926434664833427
0.01313010628498847
0.213753477799855
0.1143246798664237
-0.006842039760292941
-0.0598420709262607
-0.07518713251070921
0.107595301838385
-0.2208501630933322
0.02128371968679079
0.05244525217087981
-0.0606756313881575
0.08303163943775912
-0.08358369372578517
0.005253645873284217
-0.03939354303195236
0.01582664734808463
-0.01587890395577701
-0.1002624239522154
0.1811857995549112
0.02956307181892973
0.09425888166771415
-0.0608877070345771
-0.0588425654956326
0.08289740530237638
-0.05906441497665262
0.02410329488606376
-0.06583841744128546
-0.07282455205007379
-0.1133844051236529
0.1315051819880306
0.1565386184283755
-0.01867993400084004
-0.06688756098222798
-0.05410850642768412
0.1351508710462649
-0.07318529223276907
-0.03791930762424861
-0.1076181858236912
0.1443052675972815
0.03448685426181846
0.03675333099437857
-0.08757744787970212
0.2035312246245777
-0.08425280880290842
0.04451082808588542
-0.1678185773664491
-0.01233082460340804
0.05589477892437771
0.1314392124989759
0.1106300344530397
-0.0499821393289303
0.06092219112253498
0.100572910829732
0.04897631159055126
-0.1090892325187796
-0.08353559789262797
-0.109212485834803
-0.03758579374454921
0.01979902238115488
-0.08196503791088416
0.06971519912248059
0.09787683617239465
-0.1232136912161649
0.07958494592515192
-0.1285794736579644
-0.03912135395038169
0.04070998774991716
0.004912745350672168
0.06264320545430171
0.138802147223935
-0.01757813452101896
-0.050603272093854
0.0505084996135238
0.1805596485400158
-0.02141282888547773
0.1052084398378391
0.06981548702831422
-0.08488548043272562
0.1226578357416609
-0.1445325546114263
0.07437481994466762
-0.06488395400345122
-0.1238372454050612
-0.1063870167662048
-0.0770912234560113
0.02028730067194943
-0.01827754642577508
0.003947045939427712
0.04313613510878436
0.0401940033161253
-0.07294952605288714
-0.002885114665204414
0.009112860672237523
-0.05616887096965697
0.0296757527851136
-0.03728844841689205
-0.09500497739472974
0.05433598349759972
0.04307934822496899
0.05597261237139936
0.05506657107575098
0.1302787156977971
-0.04871134531498116
-0.06978260875685741
0.004646551812971373
-0.06293604102127887
0.04616945632940996
0.04485089558710762
0.02521841302600449
0.06816485226093219
-0.05805371189817134
-0.02557164304703627
-0.1431247352507724
-0.05070940127002678
-0.1599284201480788
0.02807258052196579
0.1382127857441505
-0.1366864864212202
0.07754861025145789
-0.02897875065563754
-0.04787824115710207
0.02359913966562405
0.08658520488408938
0.02305234494384032
-0.03978329498074713
-0.07536561653699281
0.08187064012781262
-0.1020707674915404
-0.09881969874002451
-0.05324023242579164
0.1130858328131328
-0.03474376309697157
0.07772469874782247
-0.002575490263445154
0.09400247012742699
0.1407461781681164
-0.1170332834419827
-0.001873852663817732
-0.08730995744740067
-0.05434561781737995
-0.07415863453007215
-0.02078970533595484
-0.1043699504174944
0.1833899123459433
-0.09821918407080715
0.06257708789057057
-0.06532698464212697
-0.1244110753183078
-0.02829723614945036
-0.02497568192710361
0.03184993938705659
0.1276981579744129
-0.02154599292237381
-0.02884673719091491
0.07626808531445547
-0.1533441111455356
0.05516898817650519
0.111074680891286
-0.2038114108634997
0.03466987467719144
-0.03200387717817246
-0.06179609489314559
-0.03971397763505224
-0.02757801137171179
-0.05776356248017404
0.1296366869298695
0.05929859545294605
0.234060900780957
-0.01122783847055302
-0.09819464113266205
-0.0353099928739082
-0.1044737550121815
-0.06896286380143024
-0.05989576916443751
0.1851218896590314
-0.1862259108609781
-0.02073434822611172
0.0176244859194445
0.03978236179432986
0.09529554998873911
-0.05962250135281009
-0.120846217803978
-0.05925049128320753
0.01524171830626089
0.1085704545379717
-0.0779868747343197
0.08917067909786096
-0.1322965402495579
-0.05723105207129293
0.1031457425567787
0.03764567852777847
0.06611770637199919
-0.003265533810026248
-0.05335947550741287
0.03560964605572631
0.07945495869439238
0.01660168222393829
-0.0219074516711277
0.1727002025842621
-0.1388610645775447
-0.03251588027745339
-0.006298163225930062
-0.05457693721535235
0.03304667793881761
-0.03954084527254086
-0.04047591785108987
0.01776932477339419
0.2243916624758832
0.1586340691207356
0.02342651824883171
0.179945940035337
-0.03248740440483086
0.0483933180182532
-0.1484433214684484
0.07474842028415664
-0.05433526016411148
0.02946287300537826
0.03052166959202166
-0.09478047685802209
-0.0341918507655327
-0.1273779578463294
-0.04193920107740494
0.04067425778916139
-0.07132353664107971
0.01979216351434394
0.1115060338880001
-0.05661807176172677
-0.09062999942516939
-0.04005313456231679
0.01984519179128448
0.06815187458187226
-0.065726980096729
0.1339873819612825
0.1341178390973707
0.04352181274596656
0.06645170073442937
-0.03101363249549528
-0.07295061900594867
0.01090696994681123
0.00402501728227754
0.01258475297007789
0.08803073739266219
-0.02398017922708295
0.0209814987297596
0.1675269802270266
0.006595692517211968
-0.03630259538402349
-0.1573397052937882
0.08867395984300025
0.002089540748248464
0.08039866926702334
0.131892712901981
-0.158657043732736
-0.04867440270688683
0.007351485545688104
0.1290340348011171
0.08028569854382567
0.09934016242391408
0.1140411215370046
-0.01468729812387171
0.1220765378329996
-0.00519345593491188
-0.03244248799130492
0.02003315667862561
-0.1955482158318202
-0.08316630512324656
0.08219282928384138
-0.135937456752609
-0.1817328584938421
0.1665120699376562
-0.105363727175724
-0.132787894840531
0.03096998979241814
-0.05952496067016778
-0.02022637994594594
0.06973124856771318
0.03749521966708988
-0.0738446980826782
-0.008743305579051001
-0.002843492372534506
-0.1379341997712406
0.06519152409348344
-0.2331111900485306
0.08565232534819125
0.01356372895882807
0.07433152501180786
-0.0515802065508998
0.02767109076502389
-0.1114174611301822
0.04226961113032321
-0.06089091278130834
0.2363689278355029
0.1607553196712249
0.1142569287371432
-0.070941276052363
-0.03929776335049601
0.01868892850016076
-0.05547657146317708
0.08252782522461249
-0.08696305099181914
0.03967527122193445
-0.0005833380496226143
-0.06640112582076022
-0.01761159049418783
0.03248322629382729
0.03216754255995042
-0.08249255203319325
0.09121870771756926
0.01133701237352669
-0.07729214353843905
0.006603887261981578
0.01025260577606479
0.1187514517994418
-0.05295901107096446
0.09529907266067164
-0.09983052498000314
-0.006348249643426694
-0.08192072065334924
0.04762336117043548
-0.1240846184008692
0.1272766074721789
0.08130496556189189
-0.1277765590255718
-0.1756074632377226
0.08868802899091408
-0.120709745912711
-0.09582471153879836
0.04844951938988254
-0.1942179748657871
-0.02527190077142808
0.01936317550243024
0.1422084124869288
-0.09841231464670111
0.1258861295036827
0.1247326809755793
-0.1180189618363336
0.04278231240146761
-0.03458912916096146
0.06171066556197836
0.02673466823831278
0.0709607082128082
0.04721141546072528
0.07165435889397408
0.06154588612368033
-0.08639218538384065
0.1366226455005502
-0.02377766884759634
0.1472378898995298
-0.04769122823007262
-0.1703788882951056
-0.1025623238391879
-0.04384506662370594
0.02054783841843654
0.1113461294898002
-0.1035226283246417
0.1140911095080321
-0.1087591179585629
0.06127409771281198
-0.03906590380526688
-0.2421940261056613
0.06885322436613225
-0.08383647207013556
0.009728652941223367
-0.02353890212434386
0.1767378024930281
0.0449428343952618
0.07582980064997229
-0.04701658534570462
-0.003730069012856663
-0.01524554090194907
0.03440362867009897
-0.01408891834179413
-0.04707879426847315
-0.01725419848872191
-0.05638936582060859
0.06359280041155822
-0.04094422137267915
-0.1219468802555264
0.1190450686021313
0.001128527044785874
0.009700703822230178
0.1987805713095183
0.01649232518227194
0.1104257723801595
0.04154111685688061
0.1657988314964054
-0.02873834508285017
0.008496431420148998
0.04076759082194142
-0.09060244072822962
0.1071286154876596
0.05048254312078308
-0.001067438962796222
-0.1159436733192311
-0.1032397553904586
0.1000230387296364
-0.009901999114747984
-0.1045652211192873
0.0678072550387403
-0.08018133507630269
0.0464870855914591
-0.1409187732096973
0.1299464431773692
0.003775034932030019
-0.0502253339040612
-0.01407543796271866
-0.03428581419597131
0.1315141327898964
0.02378919948987946
0.03800537979729854
-0.02736997963897606
-0.132322495551998
-0.01426716216501194
0.06434896373387634
-0.1557986373391052
0.05613565999166535
0.01895465708514087
-0.02409700655519281
-0.0100727432020943
-0.03060261352445686
0.0607416545830818
0.05986265954918689
0.1714525142504697
0.01231577644089115
-0.08193959730095207
-0.01607573487044378
0.008842217587008365
0.06372457335034228
-0.08232655732826827
-0.04861672339916574
-0.0695337775715536
0.1079358534475841
0.09787589966381198
-0.02047644937533399
-0.08984191170059121
0.08307461412188177
-0.06899629850461397
0.1248155686753687
-0.04999953494517628
-0.1043183869950422
0.04221503508095137
0.04022252913984016
-0.1104555376724988
0.02929434243415677
-0.04219081300709709
-0.3109013683308828
-0.2043422659732282
-0.04108118127495661
-0.1364321370500695
0.03809644143102126
-0.04779478875256109
0.07070057275939616
0.0005770501720753218
0.03675510476608798
-0.05465007601370017
-0.1188223217187309
0.1006850975926694
0.06502637422029303
-0.0004156547791469775
-0.0191114470522249
-0.08414108881491697
-0.03868805770600613
0.0702790957124555
0.1274046270457163
0.01384298076333087
-0.0828094364191668
-0.0005671070394831085
0.03667774896586429
0.1261298056101901
-0.1311731287297836
-0.05745702630049825
0.1877354509325545
-0.1529970790561256
0.1157535361164959
-0.03786757367725407
0.001687555678058325
0.0584881479023443
-0.05424944750405145
-0.08380068042860314
-0.1316855545187284
-0.0466372655230757
0.08628632977785888
0.0585722043332309
0.001864278563819266
0.1059190946552812
0.1483866577864662
-0.2136167460185294
0.05462534692914937
-0.05999540514634727
0.1094048600685851
-0.005444640076305962
0.03609288008342344
-0.2804579737982831
-0.1120831472416999
0.04323596473387888
-0.1154428465330828
0.01478381876902959
0.147887844003297
-0.004574335570237627
-0.1548811246971262
0.008650304762396074
-0.1605538342241151
0.009631551661116823
-0.03126419733882568
0.04926642625127138
0.02197007338306129
0.05518157963069915
0.001207893714280097
-0.01675981915754124
0.01854961111149789
0.001278775503747298
-0.08911300479798333
-0.07134894576888234
0.1886921089273941
0.01518815728111562
0.07785282129067428
0.06809134322575235
0.137604716552724
0.02405156710694333
0.01959870963563354
0.1101123198916982
0.1250205518733808
0.05232984211126573
0.02787337798638529
-0.1208148342100277
-0.1719691407357544
0.0008650024279181073
0.03147706048697184
0.169871533007687
-0.01213510612022628
-0.1996488706789125
0.01097325215851129
0.1201303115903158
-0.04377279391643778
0.01620952152909176
0.0114624624741283
0.0211867762426171
-0.05041338310042047
0.06853617388098816
-0.01097667212387875
0.0002117082695607571
-0.05754901603586551
-0.08030862017101149
-0.03621562099645075
-0.06331032670990248
0.1386176444559355
0.1193816779686343
-0.04644340062525161
-0.2327561480768854
0.1850223712570699
0.2170539037870834
0.03865804767708766
-0.1398720147727969
-0.07591048813843776
5.85777363989945e-05
0.07265230555920103
-0.02095528101420086
-0.1054102538310682
0.2225152356075885
-0.16401830937585
-0.01398158404559513
0.1142132662805075
0.120487469356993
0.1068637599279173
0.0472015287773182
0.00744329254396156
-0.05969496599747889
-0.01989841685945019
0.0396166368567833
-0.006628230140679647
0.006102533274143854
0.04858087296153218
0.05762680800144979
-0.06878832524812274
-0.1438725627951423
-0.09215716606130543
-0.003422289521667461
0.003801753986295443
0.07874226216190217
0.03229211588300972
-0.1416217043537613
0.08972850404522584
-0.1125184804729476
-0.03104082017995708
0.02278827665770469
-0.009223201054008472
-0.03180894009885525
-0.07566077028650875
-0.09558771901833098
0.1681768061810455
-0.109989449720548
0.01892513968749071
0.0285778694346264
-0.03433015240866771
-0.0531175505043768
0.1595374069304708
-0.06006971800564284
0.03153160227008539
0.03211719316598944
0.122045502546038
-0.01396990558633847
-0.08648444953390558
0.0355979326145551
-0.05339795617566356
-0.02103595385353303
-0.1002221265897783
-0.0221260813038567
0.05866896266948397
0.1250409141940658
-0.05192802547973327
-0.01716405049886629
-0.07469390772015663
0.08788150448203161
-0.1176075114882584
-0.01310265070970275
-0.01493828511130717
-0.008389961789280198
-0.09372528587581305
-0.2116949115507424
0.146271920578052
-0.07809717110709073
-0.1361845982849473
-0.2024404112317004
0.1504573914825016
0.1132742294063862
-0.02494792635707685
0.01838211145589951
-0.05977102950126471
-0.002434072005541701
-0.01235970795510714
-0.07019489144806568
0.02586540738986574
0.06816496213898753
-0.0641498953804417
0.08752606603656149
-0.08664054675894076
-0.05911379129839443
-0.03025675642954766
0.04638492186575943
0.1338682653180546
0.05069897288584304
0.05740402408150398
0.1049805095818187
0.1169834369079036
-0.07525061463860251
0.06553254992691251
0.0843762971532459
0.01551871874308658
-0.1106548997979664
-0.01225990197894184
0.06494705766891344
-0.07041863103025467
-0.002073835010464216
-0.1038944236072846
0.08919086319541461
-0.1635389131894458
0.07699013595254689
-0.1233437475404586
0.1002940659272262
-0.09299449555477786
0.1269205497271117
-0.1718128400708145
-0.04516166487347856
-0.1162220910795614
0.1194571004059126
0.08783691304520017
0.0007424597474648409
-0.02446107513966182
0.112444834271881
-0.06373957268095552
-0.1446060314439507
0.005100846715985433
-0.05911887527744358
-0.05435394180857693
0.01774454485984937
0.08323437131340701
-0.04143289750450814
0.05271413484943597
0.04890513531984358
0.03991503977235043
0.08262655703372421
0.05818136131865456
0.1368825646636949
-0.07290384658539137
-0.06121802743691679
-0.007889443166591067
-0.03106456025498764
0.09970430615033529
-0.1179008566020277
0.1376290333042206
0.1625102066728607
-0.204081446451774
0.07448201375632144
-0.162447140257569
-0.02494269388450351
-0.07317438957166746
-0.09617664162786141
0.01483859885372114
-0.01567581037358196
-0.115955753148586
0.04723914414256651
-0.06153432838299268
-0.07187003338311618
0.01665568781494459
-0.07084447008529074
0.005715137281805158
0.01718181099138728
0.01115477302122443
0.05966036418834595
-0.04929064924617452
0.1268922063943917
-0.06439753444732643
-0.06815918871063645
0.1100386341383506
0.0464776000517596
-0.03016073117531909
-0.08977277164954894
-0.04908156840102645
-0.08256060288045206
0.08029673752822722
0.1609174014246768
-0.0686886364836865
-0.05224969196944468
-0.09020349810838937
-0.1031908161444564
-0.03140944415566348
-0.07354784064172316
-0.1284991036602711
-0.004862136367327616
0.06246762763620006
-0.06173666989863433
0.0293931664472893
0.001051712934897073
-0.07176618270728904
0.03158068075523553
-0.1040834260670767
0.161380330568325
-0.01105939481508483
0.06984854452270388
-0.02580943781820522
0.1953724325027814
-0.006373149285517958
-0.06179767863705282
-0.04468125585586865
-0.0978473641552491
-0.03553659573026834
-0.1130543242042242
-0.0131399853219156
-0.04729962342700317
-0.08523612857281841
0.05582014481209752
0.008989683862433262
0.1097402056930818
-0.164052538212291
0.08577798651474336
0.1321815931304146
-0.01098099115751123
0.1158758544317595
-0.0315105579348219
0.06657578831552893
0.001952164844753829
-0.0378706827943982
-0.03056216835823325
-0.1673697486505586
0.06773762523739753
-0.1645102131160067
-0.02984520293280989
-0.0907597182227638
-0.1821408000697116
-0.08854063261193831
-0.09036482531372683
-0.005071586587965249
0.01481761493604128
-0.03700936215173888
0.1095764809019656
0.001612490480519604
0.05886051810129849
0.02159418338231121
-0.1516434846299113
-0.05058749243874273
-0.1176573053011559
-0.02838944142684468
0.09596181729686147
0.0619142893593044
0.05700011606180348
-0.07899569957439483
-0.03173533598853293
0.1753415662172211
-0.03654382457310913
-0.02960419588525615
-0.1247094938271926
0.2134663370047581
0.1993262548654067
-0.05026026210715499
-0.005402037818752536
0.1155830536232107
0.111272840326843
0.06277085850767226
-0.07117290688787581
0.1071521459445331
-0.09942137077082393
-0.03777600383593901
0.003477693134811825
-0.05970479292023147
0.03129349796982384
-0.01384304055550316
0.1058082864943353
0.0222966239533429
-0.02002184824682213
-0.00559806774758155
-0.1320800143931201
0.01788749887393327
-0.07336756072882006
0.1129886559269201
0.03320943960905825
-0.07888353017236036
0.1538696521405767
-0.04890289752609989
0.08876362258283242
0.001706327140982698
-0.103407526855481
0.01812197333746161
-0.0314640083068806
0.03254387390614302
0.04801485210668958
0.01673160464964301
-0.1111214327933314
0.0331471256629038
-0.1061224720909477
0.1117762660547913
-0.03408097350233387
-0.04067428945397406
0.008746857309319483
0.1182491857535995
-0.01873418368149979
-0.02153469323252859
0.01334940182474396
-0.03114507170143194
0.08198097218385474
-0.01215676845132475
0.05887898989884612
0.1892264833487343
-0.05024641938388748
-0.1387568705934102
0.1147781027845302
-0.1304347190770661
-0.07515411396943171
0.06511399024419387
0.02909368084715139
0.01406225712385495
0.005011094843980914
0.05777470269074054
-0.01819762215653212
0.07596810709575853
0.02098843710955546
-0.1594494386585665
0.006965469873882371
-0.1217060639858154
-0.03381315785874671
-0.05874283089647562
-0.0868129053212538
-0.02778094712276729
0.07568288879022164
-0.08820441535551582
0.1493944619022822
0.1028229963560287
-0.08791881969051567
0.05332111449915952
0.08669697173501779
-0.007548557664843872
0.03343783137921909
0.1333727835604074
0.1000477781344245
-0.1484755792272635
0.336268935175343
-0.02053758090832528
-0.1627977558561887
0.07963520617887931
-0.05048732059358395
0.06152988189076102
0.04377247081760352
0.04399206675572616
0.1620351064293756
-0.01913654393299564
-0.05530112430231122
-0.01895661589009077
-0.00893266843589267
0.0553682417630386
0.004948245674818871
0.02652016797310577
-0.0124402228317305
-0.07756418023281611
-0.1052581107389742
-0.06494513907462801
-0.03329506980186674
0.1591124842776328
-0.03456593645465649
-0.03488766423274182
-0.008513191637435663
0.008247054616929983
-0.163327655348614
-0.03971869121211406
0.1787178223095475
-0.06678397923954169
-0.03596882250280926
-0.04984509385874396
-0.01160168377612312
0.005984776808464834
-0.1060220042305974
-0.03973046069937492
-0.09430797535197798
0.0120343914743851
0.09791554868099199
0.04354524272349565
-0.04190866834255023
0.0592357144473523
-0.04952170415729032
0.01626453316225273
0.05011584714074718
0.05521054179035405
0.138225853676917
-0.143574720568255
-0.1558698057939238
0.05543679206319486
-0.05077072792591067
0.05825984874293284
-0.03840715822360567
0.1319191882773031
0.02648611365216907
0.05639524863427964
0.04940496240304936
-0.09125159543389241
-0.001029749613184874
0.09279701548826774
-0.04356958861424054
0.1336655167089634
0.01026941689374018
-0.04528544802482431
0.02694339185463263
-0.13461416262159
-0.06102451084207898
-0.07099181987321024
-0.01682565161987618
0.06037931089817929
-0.1132980498306955
-0.1871725103248968
0.07016206413838053
0.03259780610817629
-0.02303324674289128
-0.002869496603042733
-0.07795011773202309
0.0399969612047637
-0.0766444029710987
-0.2269543005129927
0.07932993463684812
-0.09785801834905566
-0.07884523502342175
0.05874290071900089
-0.08047765144692778
0.05324865530462156
-0.06151386838705274
-0.04640426347700748
0.08605344773266396
-0.06831576209202005
-0.02842063645491416
0.1274871605931622
-0.08329971256661925
-0.03279183914125171
-0.07633444996065902
0.07318605005111754
0.04282142501640772
0.0318321447249708
0.005355618936934439
0.1499834496404017
-0.02281989357065127
0.07967553796591052
0.001075551799223112
-0.06878662497850471
-0.1980628194564484
-0.041161845304978
0.04601850631440985
0.1455902064234072
-0.05691899337025204
0.1414274099447222
0.01888400514217208
-0.03105204091273285
0.06281897297740628
-0.1166000099494592
-0.1132168568783471
0.01272151691976262
-0.02691550636873497
0.01305675299663828
-0.03612348372689537
0.04360488546932353
0.06894377408070573
-0.06717032271805842
-0.1597707784800703
-0.03195210857195448
0.0850538919161995
-0.03887455211287053
-0.05852570345720597
-0.1042726407846352
-0.03916186832221434
-0.04827325021126837
-0.09959965092898036
-0.05433295237052915
-0.01184686517577892
0.05983730272418587
-0.06507159903233822
-0.007939634963281669
0.1224538623290594
-0.06938365491391055
0.07643398648791545
0.08597875968768418
0.03425681415246261
0.01729953848540701
-0.02470182804375461
0.2328583556755794
0.1675574304849919
-0.08630594081345604
0.01261567583976898
-0.1185730639845689
0.05748738576192386
-0.02258012401619749
0.03062262991617951
0.02491807959288471
-0.124273800655072
-0.1078629005441934
-0.004360930276541525
-0.15507528856418
-0.01135497585683457
-0.02573160860047305
0.06195835295551715
-0.1708277175403163
-0.02352538655884873
-0.08726260027310236
-0.01335872835856659
-0.1071715411137191
0.06160298357689167
0.09341510238412487
0.06937189678352203
-0.08847697097125015
0.1425546783989478
0.07142447589024092
0.05589006800605493
-0.07919314960229228
0.1088843738668143
0.1929864795909522
0.1016666761553423
-0.1649507562544737
0.1519508608028483
-0.1374068604356497
-0.03194227453020869
-0.09770467280058363
-0.04226619778334095
-0.09003365623084303
-0.04407326739842528
0.09424741488866295
-0.03117797603729831
-0.05186608051946771
-0.06744722218409818
0.01601834408821488
0.03797174528663226
-0.0423744970560509
0.04016157808471085
0.07074891056237111
0.1686743641791953
0.02688632741269531
-0.08610745745123476
0.06939527329190669
-0.04060860465995824
-0.1240062871739538
0.0004630761811715185
0.07911604338946104
-0.1360634778244288
0.1584458912497038
0.007733502495459593
-0.07462090462795928
-0.1358986443118539
-0.1518615944809687
-0.02273832037315513
0.0175410381638012
-0.01731061992579609
-0.2436757636810704
0.01664790058784551
-0.005046478942881082
-0.03106506991266069
0.03478370258264707
0.1078937722973343
-0.1006702456479301
-0.007407896346166648
-0.07570998741896193
0.05922983907519265
-0.1152814564125402
0.06060380677240029
0.09451418888570667
-0.02257254455647949
0.002835841930375876
-0.07057011543678701
0.1215944534876078
0.03830159864321911
0.1185080841841656
0.01311018999637885
-0.1451259686345187
-0.1076299530575847
0.09696165851430255
-0.1223063918635332
-0.06220714897458691
-0.001772507010206203
-0.01304553220229767
-0.02972985410749239
-0.184370771361043
-0.04453901388179356
-0.003098638486081277
0.01219431522383589
0.1641695587641088
-0.04615048920255998
-0.04434160284121701
0.0418791655991634
-0.143411603310207
-0.02961004060647048
-0.195488703934844
-0.02077058014993087
-0.02699480570307562
0.1006768849656919
-0.1525895141472047
-0.0962193922305167
-0.04973344865346752
-0.04063259433361239
0.02922828287909383
-0.1438417559970524
0.03215919614930571
-0.1333487945380027
0.00753773859159057
-0.03956842844819947
-0.06445360369820731
0.00687964292641334
-0.02605284582977933
0.1362184425507176
-0.05538349014820258
-0.1164910350221924
-0.0459990754743846
-0.103965138587404
0.09888878402325807
-0.1431618456999891
0.09311515193927661
0.09432369512206319
-0.0573300882873688
-0.08598437087772255
-0.01895559591175502
-0.04550483075813608
0.07212371679501155
-0.1462246687892948
0.03916257908050465
-0.06933743154849728
-0.09830789452432651
-0.03734296574620753
-0.01707709235385261
-0.1777202404529214
0.0640114626133772
0.06615842003537896
0.09569096213935466
-0.01201246244130553
-0.135268249041141
0.01224622318307283
0.09528438291482155
-0.1473072825864402
-0.04357364905054963
0.003055840577292579
0.0474510563274967
-0.01903978073576304
0.02003909959376768
-0.07168673473223583
-0.1174604558376514
0.001778359390199963
-0.1400262036993802
-0.03754875176022063
0.133554800585193
0.06002143274602136
0.03051691841713301
-0.02044787098634207
-0.07290327865817883
-0.1002533040420222
-0.01815399222818462
0.0379877292306023
0.06454858308364406
-0.02173211890336957
0.02659443898101506
-0.03288992821268569
0.06224755764316665
-0.02961375872301061
0.1346185045385472
-0.03405806035201848
0.001950598527159314
-0.0251534836774886
-0.07876438712212586
0.03657331017457525
0.005546546499502265
0.01056233976429018
-0.153700912244419
0.05950486185345313
-0.09339558186388824
0.03403335984712495
0.02981503586809315
0.1423892092591797
-0.02312649451749722
-0.0755451894015006
-0.157521542402467
0.007200129187747283
-0.1100782779527977
0.151945006092293
-0.05267298210207055
0.02126205795253867
-0.03305998149655859
0.09826374338201707
-0.06726025904262137
0.0294746268754635
-0.03281213968084487
0.1022037499919948
0.01716348732799561
0.118264041612097
0.1600991227685986
-0.007107713820215349
-0.1128689422719096
-0.08717321919327628
-0.005122241499377072
-0.09926133819783137
0.04861253719780691
0.1976119615160763
-0.1007561235635306
0.04643469780633418
0.08746200282580491
-0.2195114553856826
0.1897488325098522
0.2065705762670425
-0.0132024022822143
0.07443563934343277
-0.09597898159539893
-0.06637022420198108
0.08034953519402702
0.05772547987282334
-0.01378728006904222
0.002258414136608544
0.07270604292872351
0.05081533062889276
0.07284384381959703
0.02967940419429664
0.06920839058444889
-0.0347960231069764
-0.05285515413471754
0.09813529645628946
-0.07916708165996786
-0.01759175050180547
-0.1019749429781437
0.09392280149375815
-0.1492318201334361
-0.09294953648954497
0.1955073106844215
0.05687161840708834
0.06310296254206188
0.09641019827923854
-0.112617970853658
-0.08380670982569946
-0.1117057644125321
-0.02668011365501095
-0.004485025584730958
0.07866802443850694
-0.05889341670126551
0.0946999862198899
-0.08694851200857989
-0.07738483317265889
-0.04003860928627723
0.04089316041440706
0.221524159032617
0.00472592859156656
0.164868793502532
0.0583874142312627
-0.07937436415395556
0.1869693352767159
0.08029940408780491
-0.02306221437259693
0.03146338898975582
0.08542141022331004
-0.05682364225124646
-0.1627560354544779
-0.09460446738996249
0.06288364669501
-0.02544507451909427
-0.1347778393663235
-0.001222442699345329
0.175035160743068
-0.07086059335605889
0.04548672982302292
-0.07023765152454456
0.09914625608450085
0.09035819004373961
0.07525436682631628
-0.02619859391111741
-0.007643507648401437
-0.08245631330679368
-0.03025588589034658
-0.04493218386344809
-0.05038662107715409
0.007047789737761701
0.07291439342669151
0.1249080381264625
-0.03089897099258591
0.1190561278144815
0.07068658232387583
0.0160766592702531
-0.09959901992120852
-0.05327023188211912
0.155667567582709
0.07106295746753924
-0.05455933251498727
0.04253266979169022
-0.006381180181676792
-0.07991003012634622
0.1550142061067505
-0.1131742255480578
-0.02880890752780027
-0.1246009563484902
0.1080581910829733
0.02720820601488995
-0.104234897561407
0.1454624158124755
0.04155649009610302
-0.02392956674619209
0.08805744030963095
0.03971568333368419
0.0007043745355593961
0.02053936506306388
0.03823243362788151
-0.07720331663912267
0.07485616496925268
-0.2343051448759678
-0.04553379836904625
-0.02375013284967238
-0.009087460774460085
0.1203494814793127
-0.06333763348977481
-0.09432224740708031
0.124448311901844
-0.0047163711506116
0.01220544121618471
-0.05625903898257137
-0.07203281196463668
-0.09345732847223037
-0.01870450438813163
-0.003776327609133934
0.106968086071268
-0.07102011064778194
0.00786663919002703
-0.06888609094438193
0.020589591029895
-0.03239606398832529
-0.2165433598053856
-0.2109917138004038
-0.165037110134488
0.07459967776855575
-0.1108490623833969
0.2803909109019827
0.02970769532177072
-0.2678174360020006
0.09058724561582931
-0.08757683028229764
-0.00705275166223408
0.06620153650505795
0.01627415416720926
-0.04972852886312115
0.09403362707767136
0.0004683375655345351
-0.07900821420272575
0.07501425534456577
-0.05832220412147817
-0.1650277742618205
-0.1367451811141308
-0.07865179685292364
-0.1422974736968698
0.06570006496966641
-0.0009316387642847451
-0.1291073302944068
0.05354619972783056
-0.02273224506083112
0.01846683970404749
-0.002984475459240918
-0.0691596076409952
0.05680798736079883
0.02006408565554473
-0.06585245127879155
-0.07429039603636281
-0.006187840014412735
-0.07404031488377782
0.02838070765406826
0.002140648441824721
-0.00475145060069195
-0.04970661949634106
-0.1132953353840537
0.09369705573160281
0.09537427863777104
0.1442437566542663
-0.06793558307212091
-0.08648742081280281
0.1133737856488069
-0.09829380663536894
-0.1005787745817482
-0.01624826642451367
0.07701263244881561
-0.0769637202279523
0.2104438756299836
0.1125099654476286
0.0003243710162181418
-0.08990508290888968
-0.004623605097139103
-0.03091772947403782
0.02418890870960416
0.1997734277734544
-0.1420645581314581
0.1288912330105083
-0.04795382110115534
-0.04912965190899897
0.08412212404236707
-0.02674753720388932
-0.1178093859892641
-0.05939293808158297
-0.04830657513509109
0.07654279421690183
-0.007751578918697224
-0.08902018666939711
-0.0711050303900122
0.1372129089317323
0.03098185276610217
0.188145417704668
0.01210779088362281
-0.07217528934996227
-0.07620387808336063
0.1408148745250618
-0.06713139266312343
0.08186694105728276
0.08073823722969886
-0.06615870243326788
-0.01191094366878192
-0.04578235044632362
0.05392227454459299
-0.1089256576753228
0.1346596524304935
-0.05680581926538407
0.001022024342660218
0.05582712979629832
-0.1715316737612579
-0.1117972297725521
0.06803090048540089
-0.03946113704444044
-0.01622060984818867
-0.0611145938162057
0.05599586555888305
-0.1400036482392025
0.05571580434831085
0.04611388701265454
0.1622973492205798
-0.054036960127252
-0.04709399663024384
0.009248972007349414
0.1824681653622406
-0.05843391837637914
-0.05533024762846595
-0.09112454747801479
-0.01835889056945362
-0.08817711633919124
0.04170857303466864
-0.1562021769400155
0.2299642852739004
0.09017583904495138
0.116664577818886
0.002460021448913892
-0.0127300847901968
-0.0209431287694675
0.01849100477489225
-0.1415043670886338
0.04977665078298132
0.1340258137955191
-0.03838061309624428
-0.0165093374197014
0.1482913024886941
0.08697700211337271
-0.01299739847615563
0.01714518873384933
0.1161820702433043
-0.07736445973085969
0.08237675758164145
-0.0526275794268601
0.02250078154588315
0.004400828941170137
-0.05771010727411793
0.09276426385248979
0.07646769000168344
0.09648646791809193
-0.08381076892683022
0.1377346370735671
0.04028172647973999
0.03300156116935694
-0.09363674590697359
-0.05650148761916227
-0.0512807383312309
-0.1183078232909855
-0.1364304917612287
-0.0693498940081254
-0.1302884873838189
-0.08251245284811101
0.01949615059556185
0.1199890103336103
0.1252436389521983
0.00232714060310665
-0.1447743269979354
0.1246434609383211
-0.12606699049493
-0.06451264869613502
0.1064274058268502
-0.1483211958057916
-0.02069570945636436
-0.04724723014869069
0.06158325668895381
0.02715647725181319
0.08149733542148579
-0.09905794933617933
-0.02819176342951266
-0.1789977621093505
0.02085952721743917
0.06855910431612069
0.1390375967573831
-0.07330105130778317
-0.03601735919569262
0.04760132136806386
-0.006212176689003583
0.0334717699764206
0.08335135217479754
0.1031920167494805
-0.193030927962785
0.09828072925603695
-0.005055149452251058
-0.04041757098837395
0.139712616160021
-0.03882308490121136
-0.1060644820164621
0.08507914483799559
-0.01123468153009938
-0.03496054637922946
-0.06346094679440559
-0.01846679748620722
0.06156081618000406
0.01951302505370246
0.06487765022868777
0.1119757323534518
0.1735361692821575
0.03666363827392063
-0.0975126622692183
0.03807944275040297
0.002589292328907047
0.0272199342433783
0.1417408978533412
0.03613461936711701
-0.03775502764364809
-0.004153060249733991
-0.04514030444420452
0.02366601822748554
0.009318633874720594
0.1191761942024612
0.1222306040676414
-0.05474844632537167
0.07667606825698645
0.08600633025205701
0.03866901373748212
-0.1142037446700761
-0.002804946486177032
0.04535004181755006
-0.1087323160045172
0.08951857369892008
-0.09425957519847795
-0.06701148299134863
-0.004249355812699536
0.09891462318722143
-0.1711840057810656
-0.006024935208337426
-0.06865510204112174
-0.1476252754842722
0.104694140311211
0.110291083561723
-0.1144131568414421
0.1048102054403812
0.1679293242059074
-0.009314364335828718
-0.05869435018099155
0.06745589886305883
0.1250714530540544
0.04534178217088653
-0.02793609446647073
-0.02334312341659266
-0.04394899752218162
-0.04266539324089325
-0.1099469778844588
0.1006617202127644
0.1198194086620553
-0.1757250582744687
0.01750648745802955
-0.01792268776289217
-0.07434305378138739
-0.1882475822607891
0.1715884179828497
-0.05781777454835475
-0.01010597084360694
-0.1788054732280321
-0.1975415384151185
0.03312593778558905
-0.08417755435427285
0.035620981399439
0.09675456293392654
0.09058281063608148
-0.1103371677070119
-0.01046911000210694
0.03933594188068981
0.01763809775652526
0.05119260838473682
-0.05202725911288067
0.1055145863101594
-0.005150343242734119
0.2506884654340369
0.1011082867068718
0.01198518121519804
0.01723967858398513
-0.009125374234715669
-0.03077446729666384
0.06223095773361551
-0.03523407630541666
-0.02795280271539796
-0.01305564452494455
-0.08911763502738379
0.03686440239921907
0.03544190136990855
0.1369818517572592
0.07340700593881397
0.1191992758063763
0.07186341604328106
-0.05076341727179617
-0.1304162468118894
0.127388472588115
-0.01062315196956933
0.000367861941920497
0.1040342641550687
0.04450340848053151
0.04471353221412747
-0.07990144733103297
0.09438423104375737
0.1391328039752755
0.04323256783120063
0.2039158257402195
-0.01273638136559396
0.03411149247091108
-0.1226952000700294
-0.1745694323352365
0.1380539585484302
0.004172467833783319
-0.138554976965869
0.1946617116316043
-0.05806791625138071
0.0476616631650915
-0.03431294450611064
0.02278205130792951
-0.02032241211442377
-0.007216908150861387
0.07215176675820442
-0.07593034036860921
-0.05579966282568535
-0.07953169761815615
-0.08162757841266653
0.07636028918238308
-0.1155675486340064
0.02835582112019738
0.1265279940886681
-0.07056570393402885
0.08015505100018758
-0.2233196227211277
0.1124563783183371
-0.07886893728357612
-0.02379957638337655
0.003489850879553558
-0.1002997985217004
-0.132791096175815
-0.08148506669010386
-0.04747976939949659
-0.03639941711383637
-0.1155412688998065
0.04800207384556587
-0.06758965596118578
0.1817435983879846
0.02766223345953651
-0.08600008938276477
0.03846042872985615
0.1968312195626837
-0.07297527675457521
-0.00667034960358457
0.05836323584964519
0.03568418581900198
0.08164580976131539
-0.07875788669741834
-0.1950612421441802
0.1685166095649383
-0.0426276334659842
-0.09685341511426142
-0.2456778518936317
0.05693571837286947
-0.01643703459571652
-0.03057995780532778
0.04330473085461636
-0.045396825994438
0.01462332347003589
-0.004451252443579141
0.05841077671348237
-0.01967310709210762
0.169375704033713
0.07593056302494695
0.01520465256761101
-0.01117269040915384
-0.01415154235862871
-0.009722430236492739
-0.05716964851499354
0.03964142048966905
0.05685898254294361
0.05604317451450321
0.04375212996751075
0.07920862947587294
0.0155848199506687
-0.2411495437376337
-0.07487298838939162
0.1535412292027623
-0.09846306882797887
-0.1530722552424517
-0.01424176058427715
0.04168268271290922
-0.07425054573717479
0.0383185241824229
0.07514153034466403
-0.07632390856556812
0.02697756707727064
-0.02174877918882083
-0.0881863352896409
-0.0348994782531064
0.04721170201646166
0.063609020389419
0.02114187905066849
0.03422528683820494
-0.1050131481110834
0.01211842811098127
-0.1768779441342441
-0.01385203094626309
-0.007131046558886515
0.06053268489473978
-0.07214123268404984
0.1211542053835526
0.04453515891629513
0.04732765059286603
-0.1709136044775523
0.1519596606984177
0.05204448294249036
0.1523536005917737
-0.05689789846802738
0.08370702562127823
-0.07117777477530925
-0.0002892673035390231
0.08710187212586182
-0.02796445208091939
-0.005891645787580446
0.05756860044685391
-0.09262257861996964
-0.02189020168538763
-0.1137485424407995
-0.1001261928936195
0.08301153886861372
-0.007950973861642971
0.01273098377109448
-0.1596682196709167
-0.05778448793618151
-0.04789008723621584
-0.08120484171087784
0.1115474911310394
0.1221366439641113
0.158147586426618
0.2656277275589112
-0.06553284818042138
0.03702957131140058
-0.1494729590659342
-0.2058402148456468
0.1409990456961384
-0.1721023696309515
0.03830251629498732
-0.1849024827385215
0.005242974126521228
-0.01564334502444857
-0.07125891670977258
0.09281947775809904
-0.115245975834123
-0.04884303889792982
-0.1122289134510644
0.0402281576979145
0.05907984848089117
-0.0388651697678764
-0.1296041229331001
0.02047469951088412
0.1346923891579808
-0.2610422336389256
-0.03263742261757308
-0.04624015947104071
0.02966434971444372
0.08308633943756073
0.08130155345954113
0.08265473583507769
-0.02558739798035011
-0.0872310139976212
0.03362091921735613
0.08371102821456802
0.1016178356136132
0.0379794133661247
-0.03356803403606655
-0.04080714411972877
-0.08427341534532798
-0.02084177094685115
-0.01283977778925408
0.1782886601746175
0.01114137886429273
0.006894841987995545
-0.01302650900327706
0.06224020632911609
-0.113530206561352
-0.0004696570567690322
-0.01709033050189174
0.1013845591771846
0.1943465411617376
0.1273404796714957
0.04036161689636754
-0.1383982484610219
0.02307145263604651
0.01252144139553936
0.06045921796907625
-0.189074015754435
0.03258552247109887
0.02798139751826709
-0.1168922373107355
0.1002184801673996
-0.06507530653126159
0.03721461431867558
-0.05956663029355418
-0.02329806719346267
0.1545974497382897
-0.1797018330498732
0.007032291159380852
-0.06538423898990836
-0.05263405167018172
-0.147281912286803
-0.06643511559946988
-0.1012555469103943
0.06804744445116377
-0.09198499759711649
0.02530219606788454
0.2534486987262539
-0.1251249283325374
0.1806793269465063
-0.1161202281850635
-0.1468106264998596
0.001250339379618399
-0.01907856065630115
-0.0108033035629707
-0.07706881693841848
-0.04031359306290071
0.2600878694414955
-0.1027680384212306
0.1471220450296711
0.07565977213835129
-0.04765575526171906
0.04439302580842229
0.1389509670146338
-0.01785076309222845
0.002972973283659558
0.08035989220610633
0.003643612921420465
0.08332192713064764
0.1040611157398076
0.07497171874976628
-0.01632678866939468
0.09564591585238369
0.02098391642276742
-0.07868541755564808
-0.05504600716324393
0.05607963574678661
-0.007564944175524224
-0.0825227717792312
-0.02655328550150433
0.03884226836794949
-0.1542479322503379
-0.1980812071984862
-0.02146275805047716
0.2024266152805144
-0.008684819924070546
0.09363672439568718
-0.07518708792356177
0.07464234237881165
-0.06959909076383694
0.02109510009081157
0.185164135451582
-0.04640652008066565
0.05825501417981799
0.1411018044251606
-0.1281750837399983
0.1288674654852024
-0.07309940059744667
0.06957518052115903
-0.0514195809894462
0.1408096868814154
-0.111486455630351
0.1165522660299214
-0.126476725853107
-0.002935987701748567
0.02810870286425482
0.1866664201423434
-0.1124730841067263
0.01877511014555396
0.02918578211543248
0.06916188133656355
-0.1834836178149101
0.2218480268108561
-0.1490902601925413
-0.05711639571662562
0.03759144615243836
-0.08378356027245219
-0.1065306907154127
-0.02442713478601048
-0.01136937342287421
-0.05801049760655554
-0.03420654516681796
-0.008956138350356586
-0.08401278881805979
-0.01579734297910049
0.05300226899446442
0.008856006710368538
-0.04341835805199988
0.06109525829410062
-0.0115203406362491
-0.03607137905549904
-0.1072400230891076
0.08536729481372016
-0.07026619731457238
-0.0975532731937139
0.02111795009540938
0.09429502195621399
-0.1787913650368258
0.163954936163291
-0.0402248566522178
-0.02563274474698864
-0.004931367762538469
-0.01578466744715351
-0.06991869981857086
-0.1292238608642112
-0.1396518915190484
-0.1596722214728101
-0.08591246690625837
-0.04226574010271818
-0.04742154822083013
0.1170571212878758
0.0587637485047413
0.06688794022570109
-0.03242509842774922
0.04367536185725745
0.09612144668395545
0.01583527123294097
-0.1479123689003095
-0.02187793153955067
0.01056587246292039
-0.09778135961179131
-0.07636616463522855
0.04826455350626015
-0.1521822526666076
0.07568791612428143
0.1664795402492741
0.1775584597698613
0.008628114128813993
-0.04567574233214359
-0.03391930684589958
-0.1097670169369911
-0.07583585024509226
0.03161126587300647
0.1368538903284158
-0.06056465297276754
0.01819684252491981
-0.007358301536997423
0.06685184346234793
-0.1367714915438046
-0.127766187675881
-0.0848603200742747
-0.1400598832939623
0.1341516387185161
-0.01562520091751973
-0.0279317979231947
0.04082470134784029
-0.005975047761208996
0.07853567500907636
-0.06014413161033095
-0.0302116221602074
0.118541023288592
0.1939441964594891
0.0329578818966229
0.03338199091278973
-0.06292832119746164
0.02175798218169032
-0.08854279198298393
-0.04821728518559116
-0.01839945070368389
-0.1044889158095727
0.07571154050962578
-0.1705718110197856
0.05782817305550774
-0.03535385924253949
-0.1306435393675811
-0.05379848749447275
0.09771111107248237
0.05374287803147421
-0.07215406314666428
0.02055344860491183
-0.0781469099362532
0.03467016373623819
0.0698336918387142
-0.08549983149037005
0.05714377543997708
0.005308779229642825
0.04659004754799
0.009680393586277765
0.1735196821493993
-0.007477575996518104
0.06104664616200925
-0.08887890685485264
-0.08736637483915469
-0.09016591352056844
-0.115214313907383
0.06176386548737582
0.01376710405079263
-0.1067961327577622
-0.1930458300010594
0.0506057569544973
0.01747190352873244
-0.01767432348359452
-0.06354604267324857
-0.1080316232907178
-0.05556664031235015
-0.01613897340031291
0.03854630997674787
-0.05110891632275766
-0.03232431125216392
0.04249031039653191
0.005461824468292582
-0.06718045556984822
0.09395918479614163
0.05584878745174691
-0.02072645753150717
-0.1697498485947881
-0.03948109540493096
0.2048847225234387
-0.0181495068202648
0.03033469224515792
0.01107775417923285
-0.001050492406729091
0.019531151930402
-0.0127224098600426
-0.03101882106622408
-0.1308940796034498
0.1283431832769361
0.02712331733125246
0.14518452468723
0.003217056271483675
0.1171596709968317
0.09004455408805787
0.04892565839703852
0.1909812136278934
-0.01327116575241504
0.04738033040595009
-0.1918720735721196
-0.1197889912514496
0.08294920776549869
-0.08922663935756638
0.04139694626084101
-0.1106203740154336
0.05242121812897232
-0.01559574300183991
-0.1773306213095441
0.004256577567874849
-0.09231923701366115
-0.1678030030011359
-0.08934011512536949
0.02542480491658461
-0.1077137422894168
0.05647152256223748
0.0465548240187117
0.0889159583584077
-0.02292722668680721
-0.02433867804205836
-0.03012799005548645
-0.06481639795584267
0.1074814122581903
-0.09774925856179743
0.01159009417508401
0.01048374649804893
0.03634694930814118
0.04529740488409696
-0.0002107508063128108
0.04172783938810445
0.04339407778008392
-0.04541205471262527
0.02723735197998071
0.02546812351884611
-0.1072281067973071
0.06140258310126838
-0.080712938349652
-0.07005815952766149
-0.08457503867161012
-0.05397468128744411
-0.0248739825908506
-0.07911243459194309
0.009575779086425852
-0.1002895188440241
-0.1164322577488891
-0.175689736133948
0.1232831258633192
-0.0836332819897706
0.07946777834815194
-0.1294200088939596
-0.09654922009510965
0.01340652230727263
0.05878364638326086
-0.04826513115914795
-0.1495677288404893
-0.04166805383288965
-0.09160767063796819
-0.05467308248686988
-0.007902762998199975
0.02561297470531135
0.02372945400483689
-0.1069858230113159
0.1231229394431997
-0.1770016111776198
0.01395507997956141
-0.1117108251716206
0.02933275419999479
0.02080437458979775
-0.1185916422158874
0.08509726690630073
0.1598776777419235
0.05996841778115251
0.02350401748995412
-0.1254403604915742
0.007856206020326238
0.05337937400559674
-0.1344447711963778
0.0314787068701868
-0.04416733585235648
-0.1084957995617596
-0.006783041999730365
-0.09684622071946003
0.124686038409808
-0.0459003691619789
0.1498365787621914
-0.06652929904216465
0.07577644241447656
0.004247486187583572
-0.03019855882703684
0.01289655459882186
0.0846085452309798
-0.0218465946135604
-0.08730710594975943
0.03221925424758997
0.037584873131446
0.0664074662403072
-0.0846528049711555
-0.02474202357625236
0.01867837958071368
-0.07621631566436826
0.1236442268916804
-0.01701677668400538
0.2028301405330188
0.07155869894448652
-0.02960873541146113
0.01677246489464114
-0.1183530662683987
-0.06776309051394906
0.03845691593362891
0.02418101339074039
-0.09686721219470523
-0.1361723407608153
0.0297549940266384
-0.07171900217711209
0.05328522276098997
0.07855610169547689
0.01771582873250668
-0.07258864463834822
0.1767122093559412
0.01344298313029504
-0.2054316208074708
-0.06903767235473285
0.03145716998557277
0.06295604769685322
0.08063932866152985
-0.07947074027414147
0.08180419896166752
-0.1034096066529428
0.04655526016751604
-0.01640306558309917
0.02859975077991948
-0.03993777380995747
-0.02175135244308955
0.08369542621659121
-0.02046081528038945
-0.2356671156915566
-0.005074284447104158
0.1117185304449023
-0.09655094687479175
-0.006721255421897578
0.1319366501984713
-0.1735671668853766
0.04714063285050343
0.03658743193584097
-0.005245107286031878
0.03800421789406173
-0.1123870708963699
-0.1240320964802726
0.1331237270782278
0.02914979196390138
0.03685303387148284
-0.03634998538862182
-0.02653768617515253
-0.06946466503667383
0.03771699381623632
0.06594723835754403
0.03577842932049695
-0.01492921173787543
-0.01019871561896963
-0.0665419026261677
-0.02485232924396254
-0.002323804196780473
-0.2129527554922367
-0.1592205804574283
-0.02934890527677526
0.1414180389325693
-0.06900451178965752
0.0520734949209446
0.06439553177054566
-0.1311188909667632
0.1248825155542169
-0.1125424129391837
0.04233980465864308
-0.002199748408512042
-0.03443270886904939
0.0380724235783958
0.0927489168430763
0.07272365991742831
-0.1000134977984875
-0.02983072707012023
0.01564405131746488
-0.08233664260729993
0.01088243402817964
-0.06784485232436877
0.09311749194538235
-0.001229381595531265
0.0103859571215134
0.04911159107889797
-0.06523472678006319
-0.09724492784104513
-0.01888513576801
0.05185915752944063
0.01268016499321565
0.08043377798142555
-0.07870574634074334
-0.01612440137828981
0.007923447240158248
-0.2147401535832751
-0.179351165227382
0.0201410794221821
-0.04934338369494188
0.1031349974426968
-0.112891557636815
0.0890183228132457
-0.03881530464567784
0.1147181760307448
0.02296281817639732
0.02584758504474378
-0.04901492071433658
0.01926462504010208
0.1268624558398278
-0.06378254278066442
-0.02011322476497036
0.0860006275200222
-0.05743741736102703
-0.05167800485782131
0.1857204181400804
0.02116447471149852
-0.02130003037114353
0.009910946374139074
-0.03598167377892062
-0.02721960985970545
-0.006736664421846356
-0.09511478267615688
0.02866214428968415
-0.08021492136813285
0.001994291595710219
-0.09595846029182384
0.01518175886858915
0.03626944264010476
0.03229940126280546
0.04217050300621003
0.02984586600201356
-0.09618233618177401
-0.1171007065903948
0.09835847736936722
0.06248711267876
0.04730524848637771
0.1142106684828805
-0.04481702524169565
-0.02551526440587145
0.007260804752516843
-0.04835077744513181
-0.08717011516780798
-0.05302162807720757
-0.04245047809597581
-0.07991254966126107
0.003470830810709195
0.04202562663892671
0.04281378454964574
0.04387685060969242
-0.03536978845026194
-0.01861841772942092
-0.03857291573877855
0.04562496994079804
-0.1330522144465784
0.08401725237082533
-0.0001262153848253095
0.1227978576692083
-0.06892506562998524
-0.05772080037605675
0.04584854019808034
0.001524283979615376
0.1735870241978589
0.161705895721435
0.04147708987301792
0.0382501660302141
-0.01606503963491081
-0.05124512794769257
-0.1496790937051929
0.0277787597949327
0.09679392050334956
-0.07599973336365229
-0.06904285427334204
0.0002400000462347285
-0.08609432328332783
-0.01644981130148248
-0.01426048030409843
0.01575440995654927
0.04361665895357841
-0.09440680062452196
-0.0181673784459679
-0.1336975038290751
-0.1315900167562576
0.02675354002112824
0.0181909587764154
-0.1247048809763225
-0.02266778521497761
-0.1093213250637735
0.03053039831723732
-0.01327124844358898
-0.08155928553076508
0.03180555531659756
0.03592309218016115
0.04844290307330204
-0.03487559787881617
0.1174885351897817
0.149488364017565
-0.06276537192390955
0.1382333344306282
-0.06082783299782607
-0.01910866581169761
0.1803987209427465
-0.120576736651625
-0.1118997329454371
-0.1460791997688655
-0.07066046246797006
-0.01050998312110343
-0.06192031079736811
0.04249166774777798
-0.09409839208330192
0.03855364198126708
0.02027220742096304
0.1221666786939849
-0.1204427460142198
0.03548515441361851
-0.06408110445643106
-0.1238658530008657
0.01963481409839292
0.02505914350903078
0.005923493118713291
-0.1107432511228673
-0.1035006699741696
-0.01827792026530078
0.07939263409920962
0.02327059936839786
-0.04155116872762974
-0.007697507957440236
-0.04111007822530197
0.2398497694240968
-0.1547280463906294
0.06535700548320397
-0.003104820957290977
-0.01084379667027861
-0.1140713405194284
0.119791892806632
0.0758853029005972
0.1694766552340808
0.06144708675517763
0.002504364163833213
-0.09259355323397264
-0.1194886169437025
0.07210046059784959
0.08239260664183833
0.05681676784549342
-0.01844626329512969
0.1618034101826011
0.1582306205238826
-0.0616330314167184
-0.1435556374633452
0.07973223387467823
0.01321583321226882
-0.1567562291547253
-0.0800818945498388
0.08962367741135367
0.1449734212976201
-0.1587190347114604
0.02247097989193571
0.108676859867927
0.0736758802560207
0.08477381215660418
-0.04720768812997138
-0.04238156141346094
-0.0444910075643078
0.00627883590871503
0.06462172034016686
-0.04900574216232048
-0.104570634982034
-0.01822276655468122
0.08214499244678006
0.07601583416106029
0.1230411921877943
0.06389037485582201
0.05439422252766699
-0.1119976693819104
-0.09230722168202388
-0.02615435984647468
0.004422846613665432
0.001110480095743785
-0.07143146667904224
0.2022540586760962
-0.02142778677553529
-0.1180577480774746
-0.001055696016158115
0.09473896377435621
-0.08435504143619266
-0.09503432425259635
-0.08897551503447212
0.1187946081621511
0.01820423762707548
0.001542899048467786
0.1249773339365351
-0.08643742641874205
0.09767209541285629
-0.02963799591054338
-0.08681108018614092
-0.02052053465195383
0.006589780451805072
-0.1099046502026017
0.1318127620794228
0.06779527359562797
-0.08832392449289551
0.007908838249691602
0.03523364203482166
0.01945321902687967
-0.03297053430585357
0.06673993384707139
-0.01154270518398602
-0.04406991191430665
-0.01062767443767715
-0.02567039515320853
0.0003644274763975781
0.1011809995799447
-0.1438577489398539
0.0458900469524411
0.02067090725951756
-0.01493441269751156
-0.002065918037529743
0.03471604713234041
0.030753227462494
-0.0446261871205625
0.03816527074905279
0.1201027191921452
0.122656805852045
-0.2644776224966435
0.02504383901454285
0.04184442481801741
-0.05501935319184301
0.1100381186965489
-0.1271653861321481
-0.02290687709720429
0.01650862539897971
-0.01939603104350896
-0.1006205113381042
0.0683310152964588
0.1123209671164694
-0.03090576809549016
-0.07860494999733199
-0.1297293316922631
0.07776682300745519
-0.111578910304394
-0.004877433105109404
-0.04203002751580254
-0.07989815805352166
-0.07957159178538609
0.05646228737789461
-0.1066907302071212
-0.03200369024092181
-0.1406313331608544
0.02667543089724872
0.0799010259483624
0.009877392396299044
-0.003155797041348045
-0.2237851400100221
0.05229912820900853
0.1131665967171629
-0.1051240943834016
0.08684972432366458
0.01712342730223154
0.02878183428310333
0.08038013966071356
0.0065226252786472
-0.05927995107532559
-0.01716800049415376
0.0876981504086497
-0.01319995816827127
-0.06053539802424313
-0.04531672899313928
0.09729197846943227
-0.09341702389236292
0.1518953907706184
-0.06476705971808971
-0.04638113785623363
0.1153307110074059
-0.2051711237004197
0.1113333144999625
0.07447218114199039
-0.00287254632055727
0.07807973503484543
-0.05871397108776089
0.05358867637424333
0.0530656545782032
-0.1719493753881717
-0.0463189412915655
-0.1252983387192806
0.02360708959037117
-0.0102241018964071
-0.0659598769097797
0.003636403601148794
0.08981227767351033
-0.1113896780409178
0.09548773813652967
-0.09254712673252631
-0.07688180709066969
0.2042803629033724
0.06231149215489822
-0.04299875855201556
-0.1039801081317942
0.09568302819029133
-0.07088349955601515
0.2052693305472983
-0.05231541758667219
-0.09969383274922583
-0.1289576459911739
-0.09790586132376231
0.06648009385529502
-0.0933136929871845
0.01662294763360171
-0.1363360960362015
0.02593620738962701
0.05005346302087076
-0.01176044455814752
0.1202375019225534
0.03433038623242435
0.06141545329755754
-0.1203729282428982
0.1628499348318161
-0.01270264891882678
0.0890120508821251
-0.04860599498761953
0.02073989084905358
0.02249373410890027
-0.05119361654766068
-0.03022450015753044
0.07617735971825358
-0.00922966965593023
0.0307710355993629
0.1043803978632487
0.1663594997009752
0.1762151641874996
-0.06246107786432965
-0.01168122259373143
0.000232798129776883
-0.1218723720383798
-0.1723822252414962
-0.01354131120021625
0.06303255412455151
-0.1090950804877619
-0.06082034059669852
0.001522957618728893
0.004346698805389348
-0.1776790762138238
0.04089911761743955
0.1631588240891151
-0.01398062187154818
-0.2417333327014585
0.01251184999363099
-0.09939638642565676
-0.1233094594495862
-0.07011114806778079
-0.03416026744544876
0.05626639931540264
0.07652442307395961
0.08633876360387044
0.05894123563024524
-0.09999051552354672
-0.03196583284503032
0.05906113125107172
0.07328309957459851
-0.05151032454911889
0.001452191714556954
0.1429719710883625
-0.01073956447596329
0.1369690862131923
0.06262110263088208
0.02663627649697452
0.07849675626612562
0.09748876811699118
-0.07608153553779443
0.07472178311896417
0.02061356862051047
0.1142328020378141
-0.01686612037270925
0.1008604071617737
-0.08033311438251828
-0.02861937694954506
0.1236434232791502
-0.1019697505800813
0.07659774388142826
-0.08872250006506666
-0.09375692382341247
-0.04828439573631369
-0.04289577865839418
-0.04313059242869142
-0.1203297536725321
0.1475487879870863
-0.08003743823722981
0.006601798399365061
0.005544861588079118
-0.08256634043734283
-0.08928397688024095
0.1472515386014492
0.1085322167241889
0.05369175334536476
-0.0006728101406378514
-0.04370253721693265
-0.1043280179833043
-0.04625929930292783
0.05505515271668418
0.06886132356133509
-0.08268726643636183
0.003197171690749116
-0.0233991975563751
0.1216535377084698
0.02226386482184865
0.01187271642464458
0.04099082551448761
0.03616135617264481
0.1147734057689769
0.03609857517523068
0.07687216242920782
0.03569036147225303
-0.1239229154653238
-0.111540908999999
0.04579835363699857
-0.2306677080839265
0.1469058917697602
-0.03239197842791347
-0.03475726895761487
-0.1292597858119779
0.009327353050799729
0.08957951694102606
0.130452035003603
0.01802896475799229
0.1441690950639619
0.2179915345348577
-0.08990789372682897
-0.08194948692038939
-0.101491704320685
0.02532126071456917
-0.0312111925124187
0.1341288611940104
-0.08482365570212359
0.04672363469932635
-0.1060851677741034
-0.1417395334287666
-0.09297114005662535
0.0121149996565683
0.05068561563378066
-0.170047317039382
-0.04744003732669023
-0.09408547480204449
-0.058185131602182
0.1298463814662778
-0.1698150162472989
0.135692006699319
0.02468804173327387
-0.06662118371968578
-0.08537438525474365
0.03517934295268674
0.04204609725300321
-0.09808054621366942
0.03866150766421039
0.07071384173162233
0.003457149024668746
-0.009823593213154853
0.08758253089930407
-0.2917600886401941
0.1374677070925388
-0.02552482129193283
-0.08507773562162049
-0.02244117307548123
0.05430127828088523
-0.05077876922008841
0.06698909748183081
0.06585935475759302
0.02215974816286943
-0.01857813183976972
-0.02986495795394471
0.05299771898645723
0.101796752959561
-0.0489759074323933
0.05785192556867448
-0.215048898911217
-0.08676629141323113
0.09997308405813016
-0.1033156008104215
0.05646504523328136
0.03707955268883226
0.1534262488062005
-0.1172124918240211
-0.1911184409930694
0.0500558789275843
-0.05875292434026841
0.09212496610956164
-0.0003099900857340271
-0.06030599768475274
-0.0700634279551661
-0.0004320850893743955
0.1173372750597465
0.008633553350659899
0.09590917698787352
-0.001965110945152358
0.04720856115009557
0.07008263878834099
-0.08940466267747299
0.02726097701252635
-0.01187543458680724
0.02100194581157312
-0.04246156800335029
-0.06098394628750943
0.0682589400488072
0.03361243301355809
0.0358870070489985
-0.1053506151271438
0.03272795573497501
0.03782323438173404
0.1106604452135722
0.006559312422996552
0.05629767492878429
0.0281506779720332
0.03043619287745122
-0.0008553280709761302
0.02633626801546479
0.05213918342749059
0.05716372611838276
0.01600323910503014
0.1803866349437243
0.03925078645455227
-0.06117160505245609
-0.109456710383156
0.006793299008768773
-0.05247467892056956
0.09484031321109103
0.09696992115796035
0.05610706315734319
-0.1224681540245962
0.02560303889284054
0.07456333984034856
0.03092482784273074
0.08594937843564263
0.06458975472310463
-0.2302452225695972
0.1572250041519852
-0.03153741383498772
0.07738966754411007
0.1573888573717654
0.1124774322811696
0.0436766851815702
0.0614527280592231
-0.05238881185663959
-0.1080339112400383
0.02982148891633453
-0.04312375204678508
-0.1381494035148679
0.1191002617077332
-0.04184511260671127
-0.06302227454010643
-0.08301956135564982
0.01155630141035814
-0.05079568389713413
0.1618456288919635
-0.02317950501660428
0.01304891243111919
-0.008906776596244691
-0.1890966735894631
-0.1072157882719877
-0.01301695337761957
0.04931275276749691
-0.00186897916194304
-0.09673397585733637
0.05346336579595292
0.02262480133687903
0.001373937381229373
-0.1005378846587927
-0.1013610692999029
-0.006214158013635271
0.100869228205995
-0.1359380628351508
0.2133905524612006
-0.0235933087685955
-0.00477698294614063
-0.04982321577684333
-0.1268521185923498
-0.06557610042504869
0.04480459462933357
0.04692508433873918
0.03635969667086942
0.07761177975665172
-0.01078778147027243
0.1731928580182518
0.0716503573854179
0.101412985640871
-0.07285818485987813
0.0005507367564922365
0.03426740570406509
0.09140177512145339
-0.002762553758137762
-0.02554116121598785
-0.1321382611025616
0.04949893985013593
-0.1088982568960071
-0.07099182716747932
-0.0270760047831574
0.1114446740197597
-0.1675151310027896
-0.005875074596490081
-0.07288305852048463
0.0986504673778781
0.1222453182746111
-0.04970266012933888
-0.008106360048976628
0.02244050509918407
0.07842022438989882
-0.09447160322335954
-0.03748161414151745
-0.1090469363296287
-0.02181029786604613
0.06047618236585542
0.06888841054312946
0.1249780251773534
0.04600677456663187
0.03357971738671959
-0.03313776490991967
-0.009666062484684886
-0.01722553188545567
-0.09766401031393565
-0.07764752047733811
-0.1282221748769812
0.1533545738968111
0.04832398937309707
0.03103491180232129
-0.06639299856645836
0.02898186339243808
0.0588055290466226
0.02304854812458379
0.1002493265754558
0.1304791725048363
-0.1417225130533757
-0.05702276412171218
0.003012256413016848
0.04830659415212622
-0.1257141240080794
0.02786259464174184
-0.1592481801374439
-0.1349949010222618
0.1052035187941793
0.1110326132496518
-0.07148709848683867
0.0208570196454906
-0.1257628256614906
0.03229775250381507
0.07183441755489499
0.08246120359047639
0.1493049700649637
-0.08352998881037293
-0.02802132665351138
0.2261188242739154
-0.02479707352597344
0.03452349081332824
0.008257360647620525
-0.1710612504682206
-0.007349815585950057
0.1171869252621139
-0.02461538709766527
0.01421065402508104
0.1636573234673196
-0.02242873003707041
0.1662578527121766
-0.01438624631504895
-0.06221623516831211
-0.0665622081796467
0.008122544439440091
0.06671491212386464
0.03279755422986701
0.1552463276748557
0.05901384533028584
0.06924740919353303
0.03979225271578909
0.04696288007481961
0.0271533940748903
0.09953051146826492
0.01418243789051594
0.1389618802842755
0.09076191205527293
-0.05341658819480188
0.1055101644910838
-0.1535308860457398
-0.1987193633094831
0.01005276908651406
-0.01545744655880476
0.09533687470739727
0.1131965782582854
-0.023732251828688
0.1148224326275618
-0.0566620156059822
-0.1106100279172894
0.05933041205483779
0.05047026392771478
0.04463684631402704
-0.01872311964270269
0.09676421224449412
0.08352483257442474
0.06251506220365471
-0.06691875040322595
0.05563268200556665
0.0465899933177733
-0.05723668739142802
-0.1163626909171599
0.03918845086895762
-0.1153125656514142
-0.07703701937412361
-0.1185538417886448
0.06582453480348452
0.1004065889566639
0.0254075633324511
0.05273991933782426
-0.02211817438331427
-0.06136031376873614
-0.1751309450424262
0.09661761811306049
-0.0732342934195218
-0.1413329570741248
0.1117572631221095
-0.05612045397369726
0.1446500196519791
0.05585917911019118
-0.02112574476319597
0.1398944548056444
0.07549740774391014
-0.02601510833591575
0.1157496408419704
0.02664447988787449
-0.07989393325857376
-0.0206295629958697
0.07671836208739435
-0.001246952287245473
-0.05323731153578257
0.08142905031301211
-0.03463534188755044
-0.04136391536750739
-0.02719722844470017
0.02111319137647538
-0.1634554464528427
0.0339598104849381
0.06327109265983845
0.06010713008823419
-0.02260699217655114
0.1086060047416566
-0.07165589504083344
0.07330007721369659
-0.1392984518138712
0.1379346748441751
0.08326767732277207
0.08219176251963879
0.000178038384728102
0.1088758677869233
-0.08100049993432541
0.04693642197607128
0.03179699013527688
-0.0326011263846978
0.02284926372689502
-0.08559082538872806
0.128026686774689
0.09598659105495118
0.1389139170683422
-0.03538118419070581
-0.1055106064554182
-0.2122325683773371
-0.07348440070522873
-0.03111902736348269
0.09536496960186647
-0.1183917139989496
-0.1697359116818446
0.09020626637956169
0.1205805868074336
0.0796753968968586
0.06256443848063678
-0.07353899210283109
-0.01413409726888922
-0.1866013840656753
0.07775063087866134
-0.1248658336705469
0.01896460220971991
-0.01306910209750413
-0.04735191587339475
0.03151686406085691
-0.01939761139576345
-0.06905274963281145
0.1368602027294665
0.07795233080095215
0.002668146500397626
0.117835972527375
-0.02138615487460482
-0.02528784024461947
0.02713770148223803
0.1583978597452793
-0.09856201513579201
0.1095071121515963
0.2499817165896443
0.07921022314930209
0.006746730753388181
0.02375750105273398
-0.08600082492511622
-0.07495985060963337
-0.1195221301685338
0.1665744099644441
-0.04148888486163099
0.04587031723605563
-0.02616706947558585
-0.1895623519466055
-0.05564451576189289
0.1317062913088777
0.0456932587718424
0.09647698227404472
0.07869000886770453
0.05166224234043736
-0.0403502712879785
-0.09162155842262676
-0.007782466613504513
0.125138554798418
0.02609865060098217
0.1267883327634476
0.07657073435586501
-0.02465126836652014
0.04095494687898443
-0.09510801115966717
-0.07268545076709852
-0.1174964093979739
0.0920342265689415
-0.1194957627087817
0.01963797287261456
0.1277944743832846
0.0935729813786887
0.1084874484135913
-0.01628731268026487
-0.1400670704525035
0.004670037819585983
-0.06852905094717511
0.09123817738070972
0.02421126712637797
-0.03434835632214117
0.05553380265144177
0.01380700436856934
-0.03252182282900254
0.008096899331341549
-0.05263895431340385
0.00334131325368894
-0.2094573753282372
-0.1907471760113332
0.02534602837097852
0.02277480773158806
0.1170472364162265
0.008868914176890175
0.0199287016163632
-0.009444758856018337
-0.1234673472871666
0.03868121443020614
0.1040526284355443
-0.01205422968802355
0.04567512438842947
-0.001845775724306942
-0.01051524863856194
0.004700361019637693
0.193380814313613
-0.03208867828888322
-0.06330053569808294
-0.1007739819545307
0.02642021797092439
-0.02190359633671977
-0.09500350498722018
-0.00254319467003958
-0.04670050073848312
0.001710210668642478
-0.03688890515754467
-0.08677187359581851
-0.04253503381134215
0.04312244880387342
0.04257987715620337
0.008030646042432754
-0.1046034517163895
0.04035225999771914
-0.09026763619399371
0.03404377087381989
-0.1479849525814511
-0.05099852861506732
0.165014816695987
-0.04846950280451416
0.05335833017056857
0.01800898969234574
0.0388376647223003
-0.03396819755409351
0.06274144779131381
-0.06084714057367818
0.01943670612735189
-0.04799797976877244
0.05929356978404818
0.02155297584702509
-0.127176817811912
0.06336490710937522
0.002683552829996739
-0.1565165693365383
0.002402576861871369
-0.04878732990723618
-0.07957311705536912
-0.007666818475616118
0.08475645065019213
0.1314964091740595
-0.01396353042415322
0.02100146554785461
-0.02190009223834562
-0.05477910562559957
-0.102251256362177
-0.04603982475006199
-0.04436294115422075
-0.01967773238607624
0.04205525249924211
-0.004355391485928714
0.04860951162658025
-0.001280704350762427
0.04595430583575309
-0.02391228802905067
0.06208462827442718
-0.119794546547182
0.1149784216852604
-0.1513525671708857
-0.06004056365882361
0.009923169297180611
0.02097572618012459
0.1737296755861837
0.05244652495522786
-0.01988758824665376
0.2895911326839495
0.1135950750867149
-0.01398775630155415
-0.07288817238877514
-0.1413267074361511
-0.04961081807165645
0.06438214885936099
-0.06430873617892852
-0.05090545723839568
0.03194795072106912
-0.01575394506734782
-0.06627700977602231
0.1164193868692642
0.2517715908572435
0.03444956287244576
0.009874261699214067
-0.03711998091701826
-0.03027518028998016
0.06626611108674536
-0.1572484298316672
-0.1078477368398814
0.1256428397005385
0.1484254554497205
-0.02061976692857886
-0.008976782710299502
0.03589960082607485
0.02672117075087623
0.07124941782480748
-0.0002650177729775702
0.04871433460266118
-0.08183009484909458
-0.1127679465073045
0.0817789083279559
0.04780024428059666
-0.03062435091641402
0.01612644005001609
-0.04814838693423418
-0.02251472790863755
-0.009234787578410293
0.07468608929458799
-0.004585111208758999
0.173949673618557
0.1272193108232808
-0.09083102666938232
-0.01328034084730883
-0.06741021745601311
0.03558280923682084
-0.1115423264538084
-0.06450619341290022
0.09898370161895169
0.179073856542722
-0.2293158118362285
-0.04565883032248814
0.04258613061806482
-0.09481348953626875
0.04683036985433969
-0.009349492004686287
0.06931869113623768
0.1954363769536555
-0.06589980215732512
-0.1007249148698077
-0.03016867866667102
0.000826181223448165
-0.1117541334857912
-0.04533114998494443
-0.1213983213015962
0.03334695764069179
0.1727014822278723
0.1227484897320754
-0.08284977524593587
0.03842504645460651
0.2479592714079868
-0.04982877213312191
-0.1888985706317073
-0.01040219652499097
0.05864695543265974
0.07179621797576051
-0.008955427547158723
-0.1092085881713253
-0.1031865069797825
-0.1009694218405375
-0.1244522332303431
0.04463083654590461
-0.02762245584838316
0.1113851640481711
0.07016051427392028
-0.04737689531085798
-0.00145363177824675
0.04632399692664575
0.0728349765497215
0.09549110364159544
-0.05549514869807424
-0.111980390597795
0.1515721319143176
-0.165064290589374
0.04126574412200087
-0.003476754382593282
0.07240570044959191
-0.1137179403801588
-0.1399483980148691
0.06286727719378611
-0.06850939235806962
-0.006775603949654194
0.1305160516665706
-0.05153756028615171
0.0620775726732688
-0.1462122004765362
-0.02998982701728772
-0.02203119918083854
-0.0007178032069407522
0.1173309463234495
-0.05415461855549325
0.115958482962617
0.03583015208728615
0.02782793153628038
0.03744891324889529
0.0003033851670497037
-0.1692728035531729
-0.1379561493968561
-0.001442056500709429
0.02334323764465847
-0.08586840597189613
-0.03446785173845675
-0.09213856865657898
0.01538670369550722
-5.779731686116063e-05
0.002451917231605592
-0.05657462093268961
0.1011747494025889
-0.1374000788638312
-0.02599824586559907
-0.01540031345554215
-0.005122244565396682
0.07898696426554558
0.1956002321428258
-0.0308888460108465
-0.02729926514724806
-0.157134092682737
-0.1652440506131339
0.1317064016784975
0.1569124369284585
0.07310717213993928
0.2265710181212015
-0.1078963114299228
-0.05741331327182578
-0.1226083591015878
0.0755429163619746
0.003742634032869535
0.1420541217978626
-0.07284263120366384
0.1544272163653032
0.02582088915469492
-0.07796663908816011
0.1189998866870852
-0.1832861764771764
-0.07947625435720176
0.03942823437374451
0.04477288174188708
-0.07825561203943251
0.1197090945686245
-0.03703092368323006
-0.01503746753536695
0.02309873107112578
0.02067436062922911
-0.1946446813392275
-0.06194674103029364
0.05033252383423768
-0.003335336930552837
0.05885237494068792
-0.01637578600074378
-0.0270667428295079
-0.01600708597727757
-0.06381126681397192
-0.00759971156412995
0.1285094498653221
0.04256104720173939
-0.05621096881342714
-0.09207195459319392
0.05627451030399214
